ACCNUM,DATE,TIME,HOUR,STREET1,STREET2,ROAD_CLASS,LATITUDE,LONGITUDE,LOCCOORD,TRAFFCTL,VISIBILITY,LIGHT,RDSFCOND,ACCLASS,INVTYPE,INVAGE,Age_mid,INJURY,VEHTYPE,DRIVACT,DRIVCOND,PEDESTRIAN,CYCLIST,AUTOMOBILE,MOTORCYCLE,TRUCK,TRSN_CITY_VEH,EMERG_VEH,SPEEDING,AG_DRIV,REDLIGHT,ALCOHOL,DISABILITY,Hood_ID,Neighbourhood
902826,2006/05/03 04:00:00+00,900,9,BATHURST ST,BLOOR ST W,Major Arterial,43.665445,-79.41139,Mid-Block,No Control,Clear,Daylight,Dry,Non-Fatal Injury,Driver,unknown,unknown,None,"Automobile, Station Wagon",Other,Unknown,No,Yes,Yes,No,No,No,No,No,No,No,No,No,95,Annex (95)
900756,2006/05/03 04:00:00+00,1032,10,DUNDAS ST W,SHAW ST,Major Arterial,43.649845,-79.41829,Intersection,Traffic Signal,Clear,Daylight,Dry,Fatal,Pedestrian,70 to 74,72,Fatal,Other,Unknown,Unknown,Yes,No,Yes,No,No,No,No,No,Yes,No,No,No,81,Trinity-Bellwoods (81)
904912,2006/05/03 04:00:00+00,1400,14,YONGE ST,FINCH AVE E,Major Arterial,43.779745,-79.41559000000002,Intersection,Traffic Signal,Clear,Daylight,Dry,Non-Fatal Injury,Driver,30 to 34,32,None,"Automobile, Station Wagon",Driving Properly,Normal,No,No,Yes,No,No,No,No,No,Yes,Yes,No,No,51,Willowdale East (51)
904107,2006/05/03 04:00:00+00,1520,15,MARKHAM RD,SHEPPARD AVE E,Major Arterial,43.79384500000001,-79.23879000000002,Intersection,Traffic Signal,Clear,Daylight,Dry,Non-Fatal Injury,Driver,40 to 44,42,Major,"Automobile, Station Wagon",Other,Medical or Physical Disability,No,No,Yes,No,No,No,No,No,No,No,No,Yes,132,Malvern (132)
904105,2006/05/03 04:00:00+00,1842,18,GREENWOOD AVE,WALPOLE AVE,Minor Arterial,43.675245,-79.32979,Mid-Block,No Control,Clear,Daylight,Dry,Non-Fatal Injury,Passenger,35 to 39,37,Major,Other,Unknown,Unknown,No,No,Yes,No,No,No,No,No,No,No,No,No,65,Greenwood-Coxwell (65)
904367,2006/05/05 04:00:00+00,36,3,KEELE ST,YORK BLVD,Major Arterial,43.775245,-79.49399,Intersection,Traffic Signal,Clear,Dark,Dry,Non-Fatal Injury,Passenger,15 to 19,17,Major,Other,Unknown,Unknown,No,No,Yes,No,No,No,No,No,Yes,No,No,No,27,York University Heights (27)
904251,2006/05/05 04:00:00+00,1150,11,QUEEN ST W,YORK ST,Major Arterial,43.651245,-79.38499,Intersection,Traffic Signal,Clear,Daylight,Dry,Non-Fatal Injury,Driver,30 to 34,32,None,"Automobile, Station Wagon",Driving Properly,Normal,Yes,No,Yes,No,No,No,No,No,No,No,No,No,76,Bay Street Corridor (76)
957730,2007/02/06 05:00:00+00,655,6,SOUTH KINGSWAY,QUEENSWAY S KINGSWAY RAMP,Minor Arterial,43.636145,-79.47449,Intersection,Stop Sign,Clear,Dark,Slush,Non-Fatal Injury,Driver,55 to 59,57,Major,"Automobile, Station Wagon",Driving Properly,Normal,No,No,Yes,No,No,No,No,No,Yes,No,No,No,87,High Park-Swansea (87)
951700,2007/02/06 05:00:00+00,800,8,LAKE SHORE BLVD W,BRITISH COLUMBIA RD,Major Arterial,43.630645,-79.42739,Mid-Block,No Control,Clear,Daylight,Loose Snow,Non-Fatal Injury,Driver,50 to 54,52,Major,"Automobile, Station Wagon",Lost control,Normal,No,No,Yes,No,No,No,No,No,No,No,No,No,82,Niagara (82)
958325,2007/02/06 05:00:00+00,1520,15,VICTORIA PARK AVE,MORECAMBE GT,Major Arterial,43.798045,-79.33359,Intersection,Traffic Signal,Clear,Daylight,Dry,Non-Fatal Injury,Vehicle Owner,unknown,unknown,None,Other,Unknown,Unknown,Yes,No,Yes,No,No,No,No,No,Yes,No,No,No,117,L'Amoreaux (117)
957751,2007/02/06 05:00:00+00,1939,19,EGLINTON AVE W,BLACK CREEK DR,Major Arterial,43.688345,-79.48289,Intersection,Traffic Signal,Clear,Dark,Dry,Non-Fatal Injury,Driver,70 to 74,72,Minor,"Automobile, Station Wagon",Driving Properly,Normal,No,No,Yes,No,No,No,No,No,Yes,No,No,No,110,Keelesdale-Eglinton West (110)
930852,2006/10/01 04:00:00+00,1540,15,BIRCHMOUNT RD,EGLINTON AVE E,Major Arterial,43.732145,-79.27859000000002,Mid-Block,No Control,Clear,Daylight,Dry,Non-Fatal Injury,Driver,85 to 89,87,None,"Automobile, Station Wagon",Driving Properly,Normal,No,No,Yes,No,No,No,No,No,No,No,No,No,125,Ionview (125)
958067,2007/02/07 05:00:00+00,750,7,5714 YONGE ST,Unknown,Major Arterial,43.782069,-79.416087,Mid-Block,No Control,Clear,Daylight,Dry,Non-Fatal Injury,Vehicle Owner,unknown,unknown,Unknown,Unknown,Unknown,Unknown,Yes,No,No,No,No,Yes,No,No,Yes,No,No,No,50,Newtonbrook East (50)
967550,2007/03/27 04:00:00+00,1550,15,BAY ST,YORKVILLE AVE,Major Arterial,43.671545,-79.39029000000002,Mid-Block,No Control,Clear,Daylight,Dry,Non-Fatal Injury,Driver,35 to 39,37,Major,"Automobile, Station Wagon",Improper Lane Change,Other,No,No,Yes,No,Yes,No,No,No,No,No,No,No,95,Annex (95)
951917,2007/02/07 05:00:00+00,1521,15,114 LA ROSE AVE,Unknown,Collector,43.685645,-79.52069,Mid-Block,No Control,Clear,Daylight,Dry,Non-Fatal Injury,Pedestrian,85 to 89,87,Major,Other,Unknown,Unknown,Yes,No,Yes,No,No,No,No,No,No,No,No,No,8,Humber Heights-Westmount (8)
958350,2007/02/08 05:00:00+00,920,9,CROCKFORD BLVD,BERTRAND AVE,Collector,43.733845,-79.28599,Intersection,No Control,Clear,Daylight,Dry,Non-Fatal Injury,Vehicle Owner,unknown,unknown,Unknown,Other,Unknown,Unknown,No,No,Yes,No,No,No,No,No,Yes,No,No,No,119,Wexford/Maryvale (119)
958123,2007/02/08 05:00:00+00,1038,10,DUFFERIN ST,SYLVAN AVE,Major Arterial,43.654645,-79.43339,Intersection,No Control,Clear,Daylight,Dry,Non-Fatal Injury,Driver,35 to 39,37,None,"Automobile, Station Wagon",Driving Properly,Normal,Yes,No,Yes,No,No,No,No,No,No,No,No,No,83,Dufferin Grove (83)
935384,2006/10/18 04:00:00+00,637,6,MCCOWAN RD,BUSHBY DR,Major Arterial,43.774545,-79.25219,Intersection,Traffic Signal,Clear,Dawn,Dry,Non-Fatal Injury,Driver,20 to 24,22,Minimal,"Automobile, Station Wagon",Failed to Yield Right of Way,Inattentive,Yes,No,Yes,No,No,No,No,No,Yes,No,No,No,137,Woburn (137)
952125,2007/02/08 05:00:00+00,2000,20,621 ROYAL YORK Road,Unknown,Minor Arterial,43.628345,-79.50329,Unknown,No Control,Clear,Dark,Dry,Non-Fatal Injury,Vehicle Owner,unknown,unknown,None,Other,Unknown,Unknown,No,No,Yes,No,No,No,No,No,No,No,No,No,16,Stonegate-Queensway (16)
952260,2007/02/09 05:00:00+00,900,9,ST CLAIR AVE E,BIRCHMOUNT RD,Major Arterial,43.715145,-79.26729,Mid-Block,No Control,Clear,Daylight,Dry,Non-Fatal Injury,Vehicle Owner,unknown,unknown,None,Other,Unknown,Unknown,No,No,Yes,No,No,No,No,No,Yes,No,No,No,124,Kennedy Park (124)
974158,2007/02/10 05:00:00+00,52,5,OSSINGTON AVE,CHURCHILL AVE,Minor Arterial,43.651945,-79.42179,Intersection,Traffic Signal,Clear,Dark,Dry,Non-Fatal Injury,Pedestrian,10 to 14,12,Major,Other,Unknown,Unknown,Yes,No,Yes,No,No,No,No,Yes,Yes,No,No,No,81,Trinity-Bellwoods (81)
952529,2007/02/11 05:00:00+00,202,2,KIPLING AVE,ADVANCE RD,Major Arterial,43.632645,-79.53159000000002,Mid-Block,No Control,Clear,Dark,Dry,Fatal,Pedestrian,15 to 19,17,Fatal,Other,Unknown,Unknown,Yes,No,Yes,No,No,No,No,Yes,Yes,No,Yes,No,14,Islington-City Centre West (14)
959650,2007/02/12 05:00:00+00,112,1,NEILSON RD,FINCH AVE E,Collector,43.817045,-79.22799,Mid-Block,No Control,Clear,Dark,Dry,Non-Fatal Injury,Driver,50 to 54,52,Major,"Automobile, Station Wagon",Lost control,Unknown,No,No,Yes,No,No,No,No,No,No,No,No,No,131,Rouge (131)
976566,2007/02/12 05:00:00+00,850,8,BRIMLEY RD,PITFIELD RD,Major Arterial,43.783445,-79.26639,Intersection,Traffic Signal,Snow,Daylight,Loose Snow,Non-Fatal Injury,Driver,unknown,unknown,None,"Automobile, Station Wagon",Driving Properly,Normal,No,Yes,Yes,No,No,No,No,No,No,No,No,No,128,Agincourt South-Malvern West (128)
958900,2007/02/13 05:00:00+00,915,9,ST CLAIR Aven W,KEELE Stre,Major Arterial,43.672845,-79.46599,Mid-Block,No Control,Clear,Daylight,Dry,Non-Fatal Injury,Vehicle Owner,unknown,unknown,None,Other,Unknown,Unknown,No,No,No,No,Yes,No,No,No,No,No,No,No,90,Junction Area (90)
953178,2007/02/14 05:00:00+00,700,7,MCNICOLL AVE,WARDEN AVE,Minor Arterial,43.80604500000001,-79.32219,Mid-Block,No Control,Snow,Dark,Packed Snow,Fatal,Pedestrian,30 to 34,32,Fatal,Other,Unknown,Unknown,Yes,No,Yes,No,No,No,No,Yes,Yes,No,No,No,116,Steeles (116)
958999,2007/02/14 05:00:00+00,1305,13,THE QUEENSWAY,THE EAST MALL,Major Arterial,43.616445,-79.54629,Intersection,Traffic Signal,Snow,Daylight,Loose Snow,Non-Fatal Injury,Driver,25 to 29,27,None,"Automobile, Station Wagon",Speed too Fast For Condition,Normal,No,No,Yes,No,Yes,No,No,Yes,Yes,No,No,No,14,Islington-City Centre West (14)
953726,2007/02/15 05:00:00+00,1445,14,EGLINTON AVE W,KIPLING AVE,Major Arterial,43.677345,-79.54989,Mid-Block,No Control,Clear,Daylight,Other,Non-Fatal Injury,Passenger,40 to 44,42,Major,Other,Unknown,Unknown,No,No,Yes,No,No,No,No,No,Yes,No,No,No,10,Princess-Rosethorn (10)
959236,2007/02/15 05:00:00+00,1531,15,JANE ST,WOOLNER AVE,Major Arterial,43.671645,-79.49369,Intersection,Traffic Signal,Clear,Daylight,Dry,Non-Fatal Injury,Driver,20 to 24,22,None,"Automobile, Station Wagon",Improper Turn,Normal,Yes,No,Yes,No,No,No,No,No,No,No,No,No,111,Rockcliffe-Smythe (111)
953931,2007/02/16 05:00:00+00,2008,20,LAKE SHORE BLVD W,NEWFOUNDLAND RD,Major Arterial,43.632445,-79.41079,Intersection,Traffic Signal,Clear,Dark,Dry,Non-Fatal Injury,Passenger,35 to 39,37,Minor,"Automobile, Station Wagon",Unknown,Unknown,No,No,Yes,No,No,No,No,No,Yes,Yes,No,No,82,Niagara (82)
956470,2007/02/16 05:00:00+00,2305,23,4400 DUFFERIN Stre,Unknown,Major Arterial,43.765445,-79.46619,Mid-Block,Traffic Signal,Clear,Dark,Wet,Non-Fatal Injury,Vehicle Owner,unknown,unknown,None,Other,Unknown,Unknown,No,No,Yes,No,No,No,No,No,Yes,Yes,No,No,34,Bathurst Manor (34)
959865,2007/02/18 05:00:00+00,1912,19,DIXON RD,427 N DIXON RAMP N,Major Arterial,43.686545,-79.59939,Intersection,Traffic Signal,Clear,Dark,Dry,Non-Fatal Injury,Driver,55 to 59,57,Major,"Automobile, Station Wagon",Lost control,Normal,No,No,Yes,No,No,No,No,No,No,No,No,No,1,West Humber-Clairville (1)
954405,2007/02/19 05:00:00+00,1358,13,SPADINA AVE,WILLISON SQ,Major Arterial,43.652345,-79.39779,Intersection,No Control,Clear,Daylight,Wet,Fatal,Pedestrian,55 to 59,57,Fatal,Other,Unknown,Unknown,Yes,No,Yes,No,No,No,No,No,No,No,No,No,78,Kensington-Chinatown (78)
959779,2007/02/19 05:00:00+00,1941,19,ISLINGTON AVE,LEMSFORD RD,Major Arterial,43.704445,-79.55009,Intersection,Stop Sign,Clear,Dark,Dry,Non-Fatal Injury,Driver,60 to 64,62,None,"Automobile, Station Wagon",Improper Turn,Inattentive,No,No,Yes,No,No,No,No,No,No,No,No,No,6,Kingsview Village-The Westway (6)
954852,2007/02/21 05:00:00+00,1405,14,16 HISCOCK BLVD,Unknown,Collector,43.762345,-79.22209000000002,Mid-Block,No Control,Clear,Daylight,Dry,Non-Fatal Injury,Vehicle Owner,unknown,unknown,None,Other,Unknown,Unknown,No,No,Yes,No,No,No,No,Yes,Yes,No,Yes,No,137,Woburn (137)
959973,2007/02/23 05:00:00+00,830,8,ST CLAIR AVE E,WARDEN AVE,Major Arterial,43.712045,-79.28099,Intersection,Traffic Signal,Clear,Daylight,Dry,Non-Fatal Injury,Driver,55 to 59,57,None,"Automobile, Station Wagon",Failed to Yield Right of Way,Normal,Yes,No,Yes,No,No,No,No,No,Yes,No,No,No,120,Clairlea-Birchmount (120)
960441,2007/02/24 05:00:00+00,1610,16,YORK MILLS RD,BIRCHWOOD AVE,Major Arterial,43.746445,-79.39159000000002,Intersection,Pedestrian Crossover,Clear,Daylight,Dry,Non-Fatal Injury,Passenger,10 to 14,12,Minimal,Other,Unknown,Unknown,Yes,No,Yes,No,No,No,No,No,Yes,No,No,No,41,Bridle Path-Sunnybrook-York Mills (41)
955425,2007/02/25 05:00:00+00,334,3,GARDINER X W 427 X N RAMP E,HIGHWAY 427 X Ramp N,Unknown,43.614545,-79.54639,Mid-Block,No Control,Clear,Dark,Dry,Non-Fatal Injury,Vehicle Owner,unknown,unknown,Unknown,Other,Unknown,Unknown,No,No,Yes,No,No,No,No,Yes,Yes,No,No,No,14,Islington-City Centre West (14)
955463,2007/02/25 05:00:00+00,1255,12,DUFFERIN ST,CHANDOS AVE,Major Arterial,43.671245,-79.44029,Intersection,No Control,Clear,Daylight,Dry,Non-Fatal Injury,Vehicle Owner,unknown,unknown,Unknown,Other,Unknown,Unknown,Yes,No,Yes,No,No,No,No,No,Yes,No,No,No,93,Dovercourt-Wallace Emerson-Junction (93)
960612,2007/02/25 05:00:00+00,1801,18,STRACHAN AVE,FLEET ST,Minor Arterial,43.636245,-79.40959000000002,Intersection,Traffic Signal,Snow,Dark,Loose Snow,Non-Fatal Injury,Vehicle Owner,unknown,unknown,None,Other,Unknown,Unknown,No,No,Yes,No,No,No,No,No,Yes,Yes,No,No,82,Niagara (82)
964573,2007/02/25 05:00:00+00,2129,21,SHEPPARD AVE E,NEILSON RD,Major Arterial,43.798245,-79.21699,Mid-Block,No Control,Snow,Dark,Packed Snow,Non-Fatal Injury,Driver,55 to 59,57,Major,"Automobile, Station Wagon",Speed too Fast For Condition,Normal,No,No,Yes,No,No,No,No,Yes,Yes,No,No,No,132,Malvern (132)
956145,2007/02/28 05:00:00+00,1855,18,RENFORTH Driv,HIGHWAY 401 X  E,Major Arterial,43.668345,-79.59099,Unknown,No Control,Clear,Dark,Dry,Non-Fatal Injury,Driver,unknown,unknown,None,"Automobile, Station Wagon",Unknown,Unknown,No,Yes,Yes,No,No,No,No,No,No,No,No,No,11,Eringate-Centennial-West Deane (11)
964870,2007/03/27 04:00:00+00,2045,20,40 WILLCOCKS St,Unknown,Local,43.661445,-79.40069,Mid-Block,No Control,Clear,Dark,Dry,Non-Fatal Injury,Driver,40 to 44,42,None,"Automobile, Station Wagon",Improper Turn,Inattentive,No,Yes,Yes,No,No,No,No,No,No,No,No,No,79,University (79)
950050,2006/12/13 05:00:00+00,605,6,FINCH AVE E,KENNEDY RD,Major Arterial,43.801245,-79.29659000000002,Intersection,Traffic Signal,Rain,Dark,Wet,Non-Fatal Injury,Driver,55 to 59,57,Major,"Automobile, Station Wagon",Disobeyed Traffic Control,Inattentive,No,No,Yes,No,No,No,No,No,Yes,Yes,No,No,117,L'Amoreaux (117)
930890,2006/10/18 04:00:00+00,2136,21,OLD FINCH AVE,REESOR RD,Collector,43.824745,-79.19059,Mid-Block,No Control,Clear,Dark,Dry,Fatal,Motorcycle Driver,20 to 24,22,Fatal,Motorcycle,Lost control,Inattentive,No,No,No,Yes,No,No,No,No,No,No,No,No,131,Rouge (131)
931507,2006/10/21 04:00:00+00,1916,19,DANFORTH AVE,SIBLEY AVE,Major Arterial,43.690245,-79.29269000000002,Intersection,Stop Sign,Clear,Dark,Dry,Non-Fatal Injury,Passenger,15 to 19,17,None,Other,Unknown,Unknown,Yes,No,Yes,No,No,No,No,No,No,No,No,No,61,Taylor-Massey (61)
932337,2006/10/25 04:00:00+00,1300,13,DON MILLS RD,GREEN BELT DR,Major Arterial,43.727645,-79.34089,Intersection,Traffic Signal,Clear,Daylight,Dry,Non-Fatal Injury,Passenger,80 to 84,82,Major,Other,Unknown,Unknown,No,No,Yes,No,No,No,No,No,No,No,No,No,42,Banbury-Don Mills (42)
933951,2006/10/26 04:00:00+00,225,2,SHERBOURNE ST,QUEEN ST E,Major Arterial,43.654545,-79.36949,Intersection,Traffic Signal,Clear,Dark,Dry,Non-Fatal Injury,Driver,40 to 44,42,None,"Automobile, Station Wagon",Driving Properly,Normal,Yes,No,Yes,No,No,No,No,No,No,No,No,No,73,Moss Park (73)
936387,2006/10/27 04:00:00+00,2215,22,RICHMOND ST E,BERTI ST,Major Arterial,43.652245,-79.37639,Intersection,No Control,Rain,Dark,Wet,Non-Fatal Injury,Vehicle Owner,unknown,unknown,None,Other,Unknown,Unknown,Yes,No,Yes,No,No,No,No,No,No,No,No,No,75,Church-Yonge Corridor (75)
990835,2007/02/28 05:00:00+00,1855,18,RENFORTH DR,HIGHWAY 401 X  W,Major Arterial,43.669045,-79.59139,Mid-Block,No Control,Clear,Dark,Dry,Non-Fatal Injury,Driver,unknown,unknown,None,"Automobile, Station Wagon",Improper Passing,Unknown,No,Yes,Yes,No,No,No,No,No,Yes,No,No,No,1,West Humber-Clairville (1)
941871,2006/11/22 05:00:00+00,1615,16,DUFFERIN ST,MELBOURNE AVE,Minor Arterial,43.640545,-79.42799000000002,Intersection,Pedestrian Crossover,Clear,Daylight,Dry,Non-Fatal Injury,Driver,30 to 34,32,None,Other,Failed to Yield Right of Way,Normal,Yes,No,No,No,No,No,No,No,Yes,No,No,No,85,South Parkdale (85)
927151,2006/10/01 04:00:00+00,1827,18,1143 BRIMLEY RD,Unknown,Major Arterial,43.763445,-79.25889000000002,Mid-Block,No Control,Clear,Daylight,Dry,Non-Fatal Injury,Passenger,15 to 19,17,Major,Other,Unknown,Unknown,No,No,Yes,No,No,No,No,Yes,Yes,No,No,No,127,Bendale (127)
934070,2006/10/27 04:00:00+00,2330,23,1345 BAYVIEW AVE,AIRDRIE Road,Major Arterial,43.699345,-79.37279000000002,Mid-Block,No Control,Rain,Dark,Wet,Non-Fatal Injury,Passenger,25 to 29,27,Minor,Other,Unknown,Unknown,No,No,Yes,No,No,No,No,Yes,Yes,No,No,No,56,Leaside-Bennington (56)
933152,2006/10/28 04:00:00+00,2030,20,EGLINTON AVE E,BRENTCLIFFE RD,Major Arterial,43.714745,-79.35889,Mid-Block,No Control,Rain,Dark,Wet,Non-Fatal Injury,Driver,30 to 34,32,None,"Automobile, Station Wagon",Driving Properly,Normal,Yes,No,Yes,No,No,No,No,No,No,No,No,No,55,Thorncliffe Park (55)
936669,2006/10/28 04:00:00+00,2241,22,FINCH AVE W,WESTMORE DR,Major Arterial,43.734645,-79.60099,Intersection,Traffic Signal,Rain,Dark,Wet,Non-Fatal Injury,Vehicle Owner,unknown,unknown,None,Other,Unknown,Unknown,Yes,No,Yes,No,No,No,No,No,No,No,No,No,1,West Humber-Clairville (1)
933173,2006/10/29 04:00:00+00,35,3,HIGHWAY 27  N,HUMBER COLLEGE BLVD,Major Arterial,43.730445,-79.60139000000002,Intersection,Traffic Signal,Rain,Dark,Wet,Fatal,Pedestrian,15 to 19,17,Fatal,Other,Unknown,Unknown,Yes,No,Yes,No,No,No,No,No,No,No,No,No,1,West Humber-Clairville (1)
934047,2006/10/29 04:00:00+00,228,2,QUEEN ST W,YORK ST,Major Arterial,43.651245,-79.38499,Intersection,Traffic Signal,Rain,Dark,Wet,Non-Fatal Injury,Driver,unknown,unknown,None,"Automobile, Station Wagon",Disobeyed Traffic Control,Unknown,Yes,No,Yes,No,No,No,No,No,Yes,Yes,No,No,76,Bay Street Corridor (76)
937458,2006/10/29 04:00:00+00,735,7,244 CHARTLAND BLVD S,Unknown,Collector,43.802645,-79.27009,Mid-Block,No Control,Clear,Daylight,Wet,Non-Fatal Injury,Driver,15 to 19,17,Major,"Automobile, Station Wagon",Lost control,Normal,No,No,Yes,No,No,No,No,Yes,Yes,No,No,No,129,Agincourt North (129)
933963,2006/10/30 05:00:00+00,1320,13,SHEPPARD AVE E,KENNEDY RD,Major Arterial,43.783245,-79.28829,Intersection,Traffic Signal,Clear,Daylight,Dry,Non-Fatal Injury,Vehicle Owner,unknown,unknown,Unknown,Other,Unknown,Unknown,Yes,No,Yes,No,No,No,No,No,Yes,No,No,No,128,Agincourt South-Malvern West (128)
937526,2006/11/02 05:00:00+00,1600,16,EMPRESS AVE,BAYVIEW AVE,Major Arterial,43.774345,-79.38979,Intersection,Traffic Signal,Clear,Daylight,Dry,Non-Fatal Injury,Vehicle Owner,unknown,unknown,Unknown,Other,Unknown,Unknown,Yes,No,Yes,No,No,No,No,No,Yes,No,No,No,52,Bayview Village (52)
934341,2006/11/03 05:00:00+00,830,8,F G GARDINER XY  W,ISLINGTON AVE,Unknown,43.620645,-79.51199,Mid-Block,Unknown,Other,Daylight,Other,Non-Fatal Injury,Vehicle Owner,unknown,unknown,None,Other,Unknown,Unknown,No,No,Yes,No,No,No,No,No,No,No,No,No,17,Mimico (includes Humber Bay Shores) (17)
934337,2006/11/03 05:00:00+00,1053,10,STEELES AVE E,TOWNSEND RD,Major Arterial,43.811945,-79.35749,Intersection,Traffic Signal,Clear,Daylight,Dry,Non-Fatal Injury,Driver,50 to 54,52,None,"Automobile, Station Wagon",Driving Properly,Normal,Yes,No,Yes,No,No,No,No,No,No,No,No,No,48,Hillcrest Village (48)
942571,2006/11/03 05:00:00+00,1154,11,4575 KENNEDY Rd,Unknown,Major Arterial,43.822245,-79.30649,Mid-Block,No Control,Clear,Daylight,Dry,Non-Fatal Injury,Driver,45 to 49,47,None,"Automobile, Station Wagon",Driving Properly,Normal,No,No,Yes,No,No,No,No,No,Yes,No,No,No,130,Milliken (130)
937955,2006/11/04 05:00:00+00,1800,18,PHARMACY AVE,KELLYVALE RD,Minor Arterial,43.757045,-79.31019,Intersection,No Control,Clear,Dark,Dry,Non-Fatal Injury,Driver,75 to 79,77,None,"Automobile, Station Wagon",Improper Lane Change,Inattentive,No,Yes,Yes,No,No,No,No,No,No,No,No,No,119,Wexford/Maryvale (119)
936341,2006/11/04 05:00:00+00,1805,18,BIRCHMOUNT RD,IVY BUSH AVE,Major Arterial,43.810745,-79.31209,Intersection,Traffic Signal,Clear,Dark,Dry,Fatal,Driver,75 to 79,77,Fatal,"Automobile, Station Wagon",Failed to Yield Right of Way,Unknown,No,No,Yes,No,No,No,No,No,Yes,No,No,No,116,Steeles (116)
935134,2006/11/07 05:00:00+00,1916,19,BATHURST ST,SARANAC BLVD,Major Arterial,43.723045,-79.43069,Intersection,Traffic Signal,Rain,Dark,Wet,Non-Fatal Injury,Vehicle Owner,unknown,unknown,None,Other,Unknown,Unknown,Yes,No,Yes,No,No,No,No,No,No,No,No,No,39,Bedford Park-Nortown (39)
938403,2006/11/08 05:00:00+00,2330,23,451 ST GERMAIN AVE,Unknown,Local,43.728745,-79.41899000000002,Mid-Block,No Control,Clear,Dark,Wet,Non-Fatal Injury,Driver,15 to 19,17,Major,"Automobile, Station Wagon",Lost control,Normal,No,No,Yes,No,No,No,No,No,No,No,No,No,39,Bedford Park-Nortown (39)
935641,2006/11/10 05:00:00+00,1906,19,ROGERS RD,CHAMBERS AVE,Minor Arterial,43.682345,-79.46549,Intersection,Stop Sign,Clear,Dark,Dry,Non-Fatal Injury,Pedestrian,50 to 54,52,Major,Other,Unknown,Unknown,Yes,No,Yes,No,No,No,No,No,No,No,No,No,110,Keelesdale-Eglinton West (110)
938714,2006/11/10 05:00:00+00,2018,20,COMMISSIONERS ST,CHERRY ST,Collector,43.645345,-79.35249,Intersection,Stop Sign,Clear,Dark,Dry,Non-Fatal Injury,Driver,55 to 59,57,Minimal,"Automobile, Station Wagon",Disobeyed Traffic Control,Normal,Yes,No,Yes,No,No,No,No,No,Yes,No,No,No,70,South Riverdale (70)
935742,2006/11/11 05:00:00+00,638,6,F G GARDINER XY  W,GARDINER W LAKE SHORE W RAMP,Unknown,43.629745,-79.47859,Mid-Block,No Control,Clear,Dark,Wet,Fatal,Driver,45 to 49,47,Fatal,"Automobile, Station Wagon",Lost control,Unknown,No,No,Yes,No,No,No,No,No,No,No,No,No,17,Mimico (includes Humber Bay Shores) (17)
935843,2006/11/12 05:00:00+00,318,3,101 YORK MILLS RD,Unknown,Major Arterial,43.74504500000001,-79.39829,Mid-Block,No Control,Clear,Dark,Dry,Non-Fatal Injury,Other,unknown,unknown,None,Other,Unknown,Unknown,No,No,Yes,No,No,No,No,No,No,No,No,No,41,Bridle Path-Sunnybrook-York Mills (41)
935844,2006/11/12 05:00:00+00,2000,20,LAWRENCE AVE E,WEXFORD BLVD,Major Arterial,43.743845,-79.30179,Mid-Block,No Control,Clear,Dark,Dry,Non-Fatal Injury,Driver,50 to 54,52,Minor,"Automobile, Station Wagon",Other,Inattentive,Yes,No,Yes,No,No,No,No,No,No,No,No,No,119,Wexford/Maryvale (119)
941162,2006/11/12 05:00:00+00,2330,23,HARBORD ST,MONTROSE AVE,Minor Arterial,43.659545,-79.41959,Intersection,Traffic Signal,Other,Dark,Dry,Non-Fatal Injury,Driver,30 to 34,32,Major,"Automobile, Station Wagon",Driving Properly,Normal,No,No,Yes,No,No,No,No,No,Yes,Yes,No,No,80,Palmerston-Little Italy (80)
945617,2006/11/14 05:00:00+00,1600,16,CARLAW AVE,EASTERN AVE,Major Arterial,43.658345,-79.33899,Intersection,Traffic Signal,Clear,Daylight,Dry,Non-Fatal Injury,Driver,45 to 49,47,None,"Automobile, Station Wagon",Driving Properly,Normal,No,No,Yes,No,Yes,No,No,No,Yes,Yes,No,No,70,South Riverdale (70)
936726,2006/11/17 05:00:00+00,203,2,KENNEDY RD,EGLINTON AVE E,Major Arterial,43.732145,-79.26789000000002,Intersection,Traffic Signal,Rain,Dark,Wet,Non-Fatal Injury,Driver,20 to 24,22,None,"Automobile, Station Wagon",Driving Properly,Normal,Yes,No,Yes,No,No,No,No,No,No,No,No,No,124,Kennedy Park (124)
938930,2006/11/17 05:00:00+00,1500,15,220 GREYABBEY TRL,Unknown,Local,43.753245,-79.17939,Mid-Block,No Control,Clear,Daylight,Dry,Non-Fatal Injury,Driver,60 to 64,62,Major,"Automobile, Station Wagon",Lost control,Unknown,No,No,Yes,No,No,No,No,No,No,No,No,No,140,Guildwood (140)
941522,2006/11/19 05:00:00+00,3,3,BLOOR ST W,DEVONSHIRE PL,Major Arterial,43.667845,-79.39839,Intersection,Yield Sign,Clear,Dark,Dry,Non-Fatal Injury,Driver,30 to 34,32,Minimal,"Automobile, Station Wagon",Driving Properly,Normal,Yes,No,Yes,No,No,No,No,No,No,No,No,No,95,Annex (95)
941510,2006/11/19 05:00:00+00,1740,17,155 UNDERHILL Driv,Unknown,Collector,43.751745,-79.32599,Mid-Block,No Control,Clear,Dark,Dry,Non-Fatal Injury,Vehicle Owner,unknown,unknown,None,Other,Unknown,Unknown,Yes,No,Yes,No,No,No,No,No,No,No,No,No,45,Parkwoods-Donalda (45)