ACCNUM,DATE,TIME,HOUR,STREET1,STREET2,ROAD_CLASS,LATITUDE,LONGITUDE,LOCCOORD,TRAFFCTL,VISIBILITY,LIGHT,RDSFCOND,ACCLASS,INVTYPE,INVAGE,Age_mid,INJURY,VEHTYPE,DRIVACT,DRIVCOND,PEDESTRIAN,CYCLIST,AUTOMOBILE,MOTORCYCLE,TRUCK,TRSN_CITY_VEH,EMERG_VEH,SPEEDING,AG_DRIV,REDLIGHT,ALCOHOL,DISABILITY,Hood_ID,Neighbourhood
941532,2006/11/19 05:00:00+00,2046,20,ST CLAIR AVE W,JANE ST,Major Arterial,43.667145,-79.49179000000002,Intersection,Traffic Signal,Clear,Dark,Dry,Non-Fatal Injury,Vehicle Owner,unknown,unknown,None,Other,Unknown,Unknown,No,No,Yes,No,No,No,No,No,No,No,No,No,111,Rockcliffe-Smythe (111)
937278,2006/11/21 05:00:00+00,225,2,GARDINER W S KINGSWAY RAMP,F G GARDINER XY Ramp W,Unknown,43.634745,-79.47199,Mid-Block,No Control,Clear,Dark,Dry,Non-Fatal Injury,Passenger,unknown,unknown,Minimal,Other,Unknown,Unknown,No,No,Yes,No,No,No,No,Yes,Yes,No,No,No,87,High Park-Swansea (87)
937379,2006/11/21 05:00:00+00,1315,13,TWYN RIVERS Driv,SHEPPARD Aven E,Collector,43.811645,-79.15649,Mid-Block,No Control,Clear,Daylight,Dry,Non-Fatal Injury,Passenger,90 to 94,92,Major,Other,Unknown,Unknown,No,No,Yes,No,No,No,No,No,No,No,No,No,131,Rouge (131)
948311,2007/01/05 05:00:00+00,1207,12,BATHURST St,WARWICK Ave,Major Arterial,43.695245,-79.42319,Intersection,Traffic Signal,Clear,Daylight,Dry,Non-Fatal Injury,Vehicle Owner,unknown,unknown,None,Other,Unknown,Unknown,No,No,Yes,No,No,No,No,No,No,No,No,Yes,101,Forest Hill South (101)
961366,2007/03/28 04:00:00+00,815,8,BURBANK DR,WHITTAKER CRES,Local,43.77244500000001,-79.37729,Intersection,Stop Sign,Clear,Daylight,Dry,Non-Fatal Injury,Pedestrian,75 to 79,77,Major,Other,Unknown,Unknown,Yes,No,Yes,No,No,No,No,No,Yes,No,No,No,52,Bayview Village (52)
960364,2006/12/16 05:00:00+00,100,1,ADELAIDE St E,PARLIAMENT St,Major Arterial,43.653545,-79.36359,Intersection,Traffic Controller,Clear,Dark,Dry,Non-Fatal Injury,Driver,15 to 19,17,Minimal,"Automobile, Station Wagon",Disobeyed Traffic Control,Had Been Drinking,No,No,Yes,No,No,No,No,Yes,Yes,No,No,No,73,Moss Park (73)
923176,2006/09/10 04:00:00+00,1505,15,36 GRAYLEE AVE,Unknown,Local,43.742345,-79.24749,Mid-Block,No Control,Clear,Daylight,Dry,Non-Fatal Injury,Driver,45 to 49,47,Major,"Automobile, Station Wagon",Lost control,Normal,No,No,Yes,No,No,No,No,No,Yes,No,No,No,138,Eglinton East (138)
948322,2007/01/05 05:00:00+00,1450,14,KIPLING AVE,WIDDICOMBE HILL,Major Arterial,43.678945,-79.55169000000002,Intersection,Traffic Signal,Clear,Daylight,Dry,Non-Fatal Injury,Driver,70 to 74,72,Major,"Automobile, Station Wagon",Driving Properly,Normal,No,No,Yes,No,No,No,No,No,Yes,Yes,No,No,7,Willowridge-Martingrove-Richview (7)
942726,2006/11/22 05:00:00+00,2102,21,DUFFERIN St,LINDSEY Ave,Major Arterial,43.653545,-79.43299,Intersection,No Control,Clear,Dark,Dry,Non-Fatal Injury,Driver,50 to 54,52,Minimal,"Automobile, Station Wagon",Driving Properly,Normal,No,No,Yes,No,No,No,No,No,Yes,No,No,No,83,Dufferin Grove (83)
961100,2007/02/28 05:00:00+00,2225,22,ALBION RD,ARCOT BLVD,Major Arterial,43.726745,-79.55209,Intersection,Traffic Controller,Clear,Dark,Dry,Non-Fatal Injury,Vehicle Owner,unknown,unknown,None,Other,Unknown,Unknown,No,No,Yes,No,No,No,No,No,Yes,No,No,No,5,Elms-Old Rexdale (5)
968739,2007/04/22 04:00:00+00,1210,12,KEELE ST,JACKSON PL,Major Arterial,43.666345,-79.46489,Mid-Block,Stop Sign,Clear,Daylight,Dry,Non-Fatal Injury,Vehicle Owner,unknown,unknown,Unknown,Other,Unknown,Unknown,No,No,Yes,No,No,No,No,Yes,Yes,No,Yes,No,90,Junction Area (90)
962798,2007/03/30 04:00:00+00,1444,14,WILSON AVE,FAYWOOD BLVD,Major Arterial,43.734845,-79.44599000000002,Mid-Block,No Control,Clear,Daylight,Dry,Non-Fatal Injury,Vehicle Owner,unknown,unknown,None,Other,Unknown,Unknown,No,No,Yes,No,No,No,No,No,No,No,No,Yes,33,Clanton Park (33)
941748,2006/11/23 05:00:00+00,1352,13,FINCH AVE W,ISLINGTON AVE,Major Arterial,43.746245,-79.56859,Intersection,Traffic Signal,Clear,Daylight,Dry,Non-Fatal Injury,Driver,60 to 64,62,Major,"Automobile, Station Wagon",Improper Turn,Normal,No,No,Yes,No,No,No,No,No,No,No,No,No,21,Humber Summit (21)
923394,2006/09/11 04:00:00+00,1629,16,EGLINTON AVE E,LESLIE ST,Major Arterial,43.715945,-79.35349000000002,Mid-Block,No Control,Clear,Daylight,Dry,Fatal,Cyclist,45 to 49,47,Fatal,Bicycle,Unknown,Unknown,No,Yes,No,No,Yes,No,No,No,Yes,No,No,No,55,Thorncliffe Park (55)
948356,2007/01/06 05:00:00+00,1140,11,LAWRENCE AVE E,ORTON PARK RD,Major Arterial,43.764045,-79.20559,Intersection,Traffic Signal,Rain,Daylight,Wet,Non-Fatal Injury,Vehicle Owner,unknown,unknown,None,Other,Unknown,Unknown,No,No,Yes,No,No,No,No,No,No,No,No,No,137,Woburn (137)
942334,2006/12/16 05:00:00+00,1902,19,F G GARDINER XY  W,GARDINER X W 427 X N RAMP,Unknown,43.616445,-79.53369,Mid-Block,No Control,Clear,Dark,Dry,Non-Fatal Injury,Driver,20 to 24,22,Major,"Automobile, Station Wagon",Improper Lane Change,Normal,No,No,Yes,No,No,No,No,Yes,Yes,No,No,No,20,Alderwood (20)
923894,2006/09/12 04:00:00+00,2208,22,F G GARDINER XY  W,DOWLING AVE,Local,43.634345,-79.43769,Mid-Block,No Control,Rain,Dark,Wet,Non-Fatal Injury,Passenger,45 to 49,47,None,Other,Unknown,Unknown,Yes,No,Yes,No,No,No,No,No,No,No,No,No,85,South Parkdale (85)
946237,2006/12/17 05:00:00+00,1355,13,WILSON AVE,ELROSE AVE,Major Arterial,43.717445,-79.52409,Mid-Block,No Control,Clear,Daylight,Dry,Non-Fatal Injury,Driver,75 to 79,77,Major,"Automobile, Station Wagon",Failed to Yield Right of Way,Normal,No,No,Yes,No,No,No,No,No,Yes,No,No,No,26,Downsview-Roding-CFB (26)
961264,2007/03/01 05:00:00+00,1426,14,DON MILLS RD,DON MILLS N DVP S RAMP RD S,Major Arterial,43.699645,-79.33769000000002,Mid-Block,No Control,Snow,Daylight,Loose Snow,Non-Fatal Injury,Driver,60 to 64,62,None,"Automobile, Station Wagon",Driving Properly,Normal,No,No,Yes,No,Yes,No,No,Yes,Yes,No,No,No,58,Old East York (58)
961870,2007/03/30 04:00:00+00,2120,21,YONGE ST,SCRIVENER SQ,Major Arterial,43.680445,-79.39099,Intersection,No Control,Clear,Dark,Dry,Fatal,Pedestrian,80 to 84,82,Fatal,Other,Unknown,Unknown,Yes,No,Yes,No,No,No,No,No,Yes,No,No,No,98,Rosedale-Moore Park (98)
962132,2007/03/31 04:00:00+00,643,6,BIRCHMOUNT RD,MERRYFIELD DR,Major Arterial,43.751145,-79.28629000000002,Mid-Block,No Control,Clear,Dawn,Dry,Fatal,Driver,30 to 34,32,Fatal,"Automobile, Station Wagon",Improper Passing,Unknown,No,No,Yes,No,No,No,No,No,Yes,No,No,No,126,Dorset Park (126)
962372,2007/04/02 04:00:00+00,2108,21,QUEEN ST W,LANSDOWNE AVE,Major Arterial,43.640645,-79.43649,Intersection,No Control,Clear,Dark,Dry,Fatal,Pedestrian,60 to 64,62,Fatal,Other,Unknown,Unknown,Yes,No,No,No,No,No,No,No,No,No,No,No,86,Roncesvalles (86)
966139,2007/04/03 04:00:00+00,1220,12,KINGSTON RD,EASTVILLE AVE,Major Arterial,43.721445,-79.23669,Mid-Block,No Control,Clear,Daylight,Dry,Non-Fatal Injury,Driver,30 to 34,32,None,"Automobile, Station Wagon",Driving Properly,Normal,Yes,No,Yes,No,No,No,No,No,No,No,No,No,123,Cliffcrest (123)
966448,2007/04/05 04:00:00+00,1305,13,UNIVERSITY AVE,WELLINGTON ST W,Major Arterial,43.646345,-79.38409,Intersection,Traffic Signal,Clear,Daylight,Wet,Non-Fatal Injury,Driver,55 to 59,57,None,"Automobile, Station Wagon",Driving Properly,Normal,No,Yes,Yes,No,No,No,No,No,No,No,No,No,76,Bay Street Corridor (76)
967064,2007/04/08 04:00:00+00,316,3,FINCH AVE W,MARTIN GROVE RD,Major Arterial,43.737245,-79.59029,Mid-Block,No Control,Snow,Dark,Wet,Non-Fatal Injury,Passenger,20 to 24,22,Minor,Other,Unknown,Unknown,No,No,Yes,No,No,No,No,Yes,Yes,No,No,No,2,Mount Olive-Silverstone-Jamestown (2)
967321,2007/04/10 04:00:00+00,1645,16,ABITIBI AVE,YONGE ST,Local,43.796445,-79.41909,Mid-Block,No Control,Clear,Daylight,Dry,Non-Fatal Injury,Driver,55 to 59,57,None,"Automobile, Station Wagon",Driving Properly,Normal,Yes,No,Yes,No,No,No,No,No,No,No,No,No,50,Newtonbrook East (50)
963778,2007/04/11 04:00:00+00,2034,20,STEELES AVE W,MARKBROOK LANE,Major Arterial,43.760345,-79.58349,Mid-Block,No Control,Rain,Dark,Wet,Fatal,Driver,45 to 49,47,Fatal,"Automobile, Station Wagon",Driving Properly,Normal,No,No,Yes,No,No,No,No,No,No,No,Yes,No,2,Mount Olive-Silverstone-Jamestown (2)
980936,2007/04/13 04:00:00+00,1539,15,DUNDAS Stre E,HIGHFIELD Road,Minor Arterial,43.667745,-79.32329,Intersection,No Control,Clear,Daylight,Dry,Non-Fatal Injury,Driver,55 to 59,57,None,"Automobile, Station Wagon",Unknown,Unknown,No,No,Yes,No,No,No,No,No,No,No,No,No,65,Greenwood-Coxwell (65)
967741,2007/04/14 04:00:00+00,1042,10,VICTORIA PARK AVE,COMBERMERE DR,Major Arterial,43.756645,-79.31479,Mid-Block,No Control,Clear,Daylight,Dry,Non-Fatal Injury,Vehicle Owner,unknown,unknown,None,Other,Unknown,Unknown,No,No,Yes,No,No,No,No,No,Yes,No,No,No,119,Wexford/Maryvale (119)
964318,2007/04/14 04:00:00+00,1305,13,FINCH AVE E,DON MILLS RD,Major Arterial,43.792745,-79.35429,Mid-Block,No Control,Clear,Daylight,Dry,Non-Fatal Injury,Driver,45 to 49,47,None,"Automobile, Station Wagon",Driving Properly,Normal,Yes,No,Yes,No,No,No,No,No,No,No,No,No,48,Hillcrest Village (48)
967962,2007/04/15 04:00:00+00,1040,10,KIPLING AVE,BELFIELD RD,Major Arterial,43.704845,-79.56349,Intersection,Traffic Signal,Clear,Daylight,Dry,Non-Fatal Injury,Driver,65 to 69,67,None,"Automobile, Station Wagon",Disobeyed Traffic Control,Normal,No,No,Yes,No,No,No,No,No,Yes,Yes,No,No,1,West Humber-Clairville (1)
964724,2007/04/17 04:00:00+00,740,7,WARDEN AVE,SHEPPARD AVE E,Major Arterial,43.778745,-79.30789,Intersection,Traffic Signal,Clear,Daylight,Dry,Non-Fatal Injury,Driver,70 to 74,72,Major,"Automobile, Station Wagon",Disobeyed Traffic Control,Medical or Physical Disability,No,No,Yes,No,No,No,No,No,Yes,Yes,No,Yes,118,Tam O'Shanter-Sullivan (118)
968074,2007/04/17 04:00:00+00,751,7,SHEPPARD AVE E,BESSARION RD,Major Arterial,43.769145,-79.37659000000002,Intersection,Traffic Signal,Clear,Daylight,Dry,Non-Fatal Injury,Driver,40 to 44,42,Minimal,"Automobile, Station Wagon",Driving Properly,Unknown,No,No,Yes,No,No,No,No,No,Yes,Yes,No,No,52,Bayview Village (52)
964835,2007/04/17 04:00:00+00,1603,16,149 SHELDON AVE,Unknown,Local,43.602645,-79.54319,Mid-Block,No Control,Clear,Daylight,Dry,Fatal,Driver,90 to 94,92,Fatal,"Automobile, Station Wagon",Lost control,Had Been Drinking,No,No,Yes,No,No,No,No,No,No,No,No,No,20,Alderwood (20)
969646,2007/04/17 04:00:00+00,1836,18,DUNDAS SQ,OKEEFE LANE,Collector,43.655945,-79.37979,Mid-Block,No Control,Clear,Daylight,Dry,Non-Fatal Injury,Vehicle Owner,unknown,unknown,None,Other,Unknown,Unknown,No,No,No,Yes,No,No,No,No,No,No,No,No,75,Church-Yonge Corridor (75)
968070,2007/04/17 04:00:00+00,2257,22,BATHURST ST,MARKDALE AVE,Major Arterial,43.694345,-79.42289,Mid-Block,No Control,Clear,Dark,Dry,Non-Fatal Injury,Vehicle Owner,unknown,unknown,None,Other,Unknown,Unknown,No,No,Yes,No,No,No,No,Yes,Yes,No,Yes,No,101,Forest Hill South (101)
965074,2007/04/18 04:00:00+00,1705,17,SHEPPARD Ave W,LAURA Rd,Major Arterial,43.738045,-79.51899,Mid-Block,No Control,Clear,Daylight,Dry,Non-Fatal Injury,Passenger,75 to 79,77,Minor,Other,Unknown,Unknown,No,No,Yes,No,No,No,No,No,Yes,No,No,No,26,Downsview-Roding-CFB (26)
965365,2007/04/20 04:00:00+00,1430,14,KIPLING AVE,NAMCO RD,Major Arterial,43.70844500000001,-79.56519,Mid-Block,No Control,Clear,Daylight,Dry,Non-Fatal Injury,Vehicle Owner,unknown,unknown,None,Other,Unknown,Unknown,No,No,Yes,No,No,No,No,No,No,No,No,No,1,West Humber-Clairville (1)
968354,2007/04/20 04:00:00+00,2240,22,343 CHEROKEE BLVD,Unknown,Collector,43.799345,-79.33759,Mid-Block,No Control,Clear,Dark,Dry,Non-Fatal Injury,Vehicle Owner,unknown,unknown,Unknown,Other,Unknown,Unknown,Yes,No,Yes,No,No,No,No,No,No,No,No,No,46,Pleasant View (46)
968451,2007/04/21 04:00:00+00,1309,13,BOOTH AVE,LAKE SHORE BLVD E,Major Arterial,43.653544,-79.340793,Intersection,Stop Sign,Clear,Daylight,Dry,Non-Fatal Injury,Driver,55 to 59,57,None,"Automobile, Station Wagon",Failed to Yield Right of Way,Normal,Yes,No,Yes,No,No,No,No,No,Yes,No,No,No,70,South Riverdale (70)
969841,2007/04/21 04:00:00+00,1741,17,BLOOR ST W,HURON ST,Major Arterial,43.667145,-79.40149,Intersection,Traffic Signal,Clear,Daylight,Dry,Non-Fatal Injury,Driver,25 to 29,27,None,"Automobile, Station Wagon",Driving Properly,Normal,No,Yes,Yes,No,No,No,No,No,Yes,No,No,No,79,University (79)
965369,2007/04/22 04:00:00+00,4,4,WARDEN AVE,SHEPPARD AVE E,Major Arterial,43.77874600000001,-79.307887,Intersection,Traffic Signal,Clear,Dark,Dry,Fatal,Motorcycle Driver,20 to 24,22,Fatal,Motorcycle,Exceeding Speed Limit,Normal,No,No,Yes,Yes,No,No,No,Yes,Yes,No,No,No,118,Tam O'Shanter-Sullivan (118)
969630,2007/04/28 04:00:00+00,15,1,GERRARD ST E,GLENMORE RD,Minor Arterial,43.680645,-79.31109000000002,Mid-Block,No Control,Rain,Dark,Wet,Non-Fatal Injury,Driver,50 to 54,52,None,"Automobile, Station Wagon",Driving Properly,Normal,Yes,No,Yes,No,No,No,No,No,No,No,No,No,64,Woodbine Corridor (64)
946202,2007/01/07 05:00:00+00,1336,13,FINCH AVE E,MARKHAM RD,Major Arterial,43.811343,-79.250491,Mid-Block,No Control,Clear,Daylight,Dry,Non-Fatal Injury,Motorcycle Driver,20 to 24,22,Major,Motorcycle,Lost control,Normal,No,No,No,Yes,No,No,No,No,No,No,No,No,129,Agincourt North (129)
946528,2007/01/09 05:00:00+00,2125,21,DON VALLEY PARKWAY  N,LEASIDE BDGE Road,Major Arterial,43.697845,-79.34959,Unknown,No Control,Clear,Dark,Dry,Non-Fatal Injury,Passenger,unknown,unknown,None,Other,Unknown,Unknown,Yes,No,Yes,No,No,No,No,No,No,No,No,No,58,Old East York (58)
966627,2007/04/28 04:00:00+00,1415,14,STEELES AVE E,ASHCOTT ST,Major Arterial,43.827245,-79.29169,Intersection,Traffic Signal,Clear,Daylight,Dry,Non-Fatal Injury,Driver,35 to 39,37,None,"Automobile, Station Wagon",Driving Properly,Normal,Yes,No,Yes,No,No,No,No,No,No,No,No,No,130,Milliken (130)
942131,2006/11/26 05:00:00+00,2115,21,ST CLAIR AVE W,JANE ST,Major Arterial,43.667145,-79.49179000000002,Intersection,Traffic Signal,Clear,Dark,Dry,Non-Fatal Injury,Passenger,60 to 64,62,Major,Other,Unknown,Unknown,No,No,Yes,No,No,No,No,Yes,Yes,Yes,No,No,111,Rockcliffe-Smythe (111)
927841,2006/10/02 04:00:00+00,929,9,SKYMARK DR,DON MILLS RD,Collector,43.793945,-79.35249,Mid-Block,Pedestrian Crossover,Clear,Daylight,Dry,Non-Fatal Injury,Driver,20 to 24,22,None,"Automobile, Station Wagon",Failed to Yield Right of Way,Inattentive,Yes,No,Yes,No,No,No,No,No,Yes,No,No,No,48,Hillcrest Village (48)
942452,2006/12/17 05:00:00+00,1922,19,LAKE SHORE BLVD E,LOWER JARVIS ST,Major Arterial,43.645645,-79.36989,Intersection,Traffic Signal,Clear,Dark,Dry,Non-Fatal Injury,Passenger,25 to 29,27,None,Other,Unknown,Unknown,Yes,No,Yes,No,No,No,No,No,No,No,No,No,77,Waterfront Communities-The Island (77)
966632,2007/04/28 04:00:00+00,1734,17,746 OSSINGTON AVE,Unknown,Minor Arterial,43.662345,-79.42579,Mid-Block,No Control,Clear,Daylight,Dry,Non-Fatal Injury,Vehicle Owner,unknown,unknown,Unknown,Other,Unknown,Unknown,Yes,No,No,No,No,Yes,No,No,Yes,No,No,No,93,Dovercourt-Wallace Emerson-Junction (93)
961403,2007/03/03 05:00:00+00,110,1,HORTICULTURAL AVE,GERRARD ST E,Minor Arterial,43.660945,-79.37479,Mid-Block,No Control,Clear,Dark,Ice,Non-Fatal Injury,Vehicle Owner,unknown,unknown,None,Other,Unknown,Unknown,Yes,No,Yes,No,No,No,No,Yes,Yes,No,Yes,No,73,Moss Park (73)
947325,2007/01/10 05:00:00+00,1515,15,HUMBER COLLEGE BLVD,WESTMORE DR,Minor Arterial,43.730945,-79.59939,Intersection,No Control,Clear,Daylight,Dry,Non-Fatal Injury,Vehicle Owner,unknown,unknown,Unknown,Other,Unknown,Unknown,Yes,No,Yes,No,No,No,No,No,No,No,No,No,1,West Humber-Clairville (1)
924445,2006/09/12 04:00:00+00,2226,22,MARTIN GROVE RD,LEXINGTON AVE,Minor Arterial,43.744245,-79.59539000000002,Intersection,Traffic Signal,Rain,Dark,Wet,Non-Fatal Injury,Driver,30 to 34,32,None,"Automobile, Station Wagon",Disobeyed Traffic Control,Inattentive,No,No,Yes,No,No,No,No,No,Yes,Yes,No,No,2,Mount Olive-Silverstone-Jamestown (2)
941100,2006/09/12 04:00:00+00,2240,22,CHURCH ST,BLOOR ST E,Major Arterial,43.671045,-79.38319,Intersection,Traffic Signal,Rain,Dusk,Wet,Non-Fatal Injury,Pedestrian,30 to 34,32,Major,Other,Unknown,Unknown,Yes,No,Yes,No,No,No,No,No,Yes,No,No,No,98,Rosedale-Moore Park (98)
923895,2006/09/13 04:00:00+00,2101,21,THE WEST MALL,BURNHAMTHORPE RD,Major Arterial,43.644545,-79.56719,Intersection,Traffic Signal,Clear,Dark,Dry,Non-Fatal Injury,Passenger,60 to 64,62,Major,Other,Unknown,Unknown,No,No,Yes,No,No,No,No,No,Yes,No,No,No,13,Etobicoke West Mall (13)
928690,2006/09/15 04:00:00+00,2159,21,DUFFERIN ST,GIBSON ST,Major Arterial,43.690345,-79.44809000000002,Intersection,No Control,Clear,Dark,Dry,Non-Fatal Injury,Driver,45 to 49,47,None,"Automobile, Station Wagon",Driving Properly,Normal,Yes,No,Yes,No,No,No,No,No,No,No,No,No,107,Oakwood Village (107)
929165,2006/09/17 04:00:00+00,1,1,LAWRENCE AVE W,HICKORY TREE RD,Major Arterial,43.699945,-79.51709,Mid-Block,No Control,Clear,Dark,Dry,Non-Fatal Injury,Pedestrian,55 to 59,57,Major,Other,Unknown,Unknown,Yes,No,Yes,No,No,No,No,No,No,No,No,No,113,Weston (113)
929172,2006/09/17 04:00:00+00,310,3,STEELES AVE E,ASPENWOOD DR,Major Arterial,43.809745,-79.36699,Mid-Block,No Control,"Fog, Mist, Smoke, Dust",Dark,Dry,Non-Fatal Injury,Passenger,0 to 4,2,Minor,Other,Unknown,Unknown,No,No,Yes,No,No,No,No,No,No,No,No,No,48,Hillcrest Village (48)
929168,2006/09/17 04:00:00+00,2019,20,QUEEN ST E,KENILWORTH AVE,Minor Arterial,43.669645,-79.30149,Mid-Block,No Control,Clear,Daylight,Dry,Non-Fatal Injury,Vehicle Owner,unknown,unknown,Unknown,Other,Unknown,Unknown,No,Yes,Yes,No,No,No,No,No,No,No,No,No,63,The Beaches (63)
929484,2006/09/19 04:00:00+00,950,9,WALMER RD,DAVENPORT RD,Minor Arterial,43.676845,-79.41039,Intersection,Traffic Signal,Clear,Daylight,Dry,Non-Fatal Injury,Driver,25 to 29,27,None,"Automobile, Station Wagon",Failed to Yield Right of Way,Inattentive,No,Yes,Yes,No,No,No,No,No,Yes,No,No,No,96,Casa Loma (96)
929545,2006/09/20 04:00:00+00,830,8,ISLINGTON AVE,ELMHURST DR,Major Arterial,43.723145,-79.55889,Intersection,Traffic Signal,Clear,Daylight,Dry,Non-Fatal Injury,Passenger,45 to 49,47,Minimal,Other,Unknown,Unknown,No,No,Yes,No,No,No,No,No,Yes,Yes,No,No,5,Elms-Old Rexdale (5)
929596,2006/09/20 04:00:00+00,1315,13,2440 DUNDAS ST W,Unknown,Minor Arterial,43.658545,-79.45309,Mid-Block,No Control,Clear,Daylight,Dry,Non-Fatal Injury,Truck Driver,35 to 39,37,None,Truck - Open,Driving Properly,Normal,Yes,No,Yes,No,Yes,No,No,No,No,No,No,No,88,High Park North (88)
925612,2006/09/21 04:00:00+00,1408,14,STEELES AVE W,BLACK HAWKWAY,Major Arterial,43.789845,-79.45759,Intersection,Traffic Signal,Clear,Daylight,Dry,Non-Fatal Injury,Vehicle Owner,unknown,unknown,Unknown,Other,Unknown,Unknown,Yes,No,Yes,No,No,No,No,No,No,No,No,No,35,Westminster-Branson (35)
930125,2006/09/21 04:00:00+00,1500,15,27 SELLMAR RD,Unknown,Local,43.687145,-79.53389,Mid-Block,No Control,Clear,Daylight,Dry,Non-Fatal Injury,Vehicle Owner,unknown,unknown,Unknown,Other,Unknown,Unknown,Yes,No,Yes,No,No,No,No,No,No,No,No,No,7,Willowridge-Martingrove-Richview (7)
930115,2006/09/21 04:00:00+00,1817,18,LAWRENCE AVE W,BLOSSOMFIELD DR,Major Arterial,43.715245,-79.44839,Intersection,Traffic Signal,Clear,Daylight,Dry,Non-Fatal Injury,Motorcycle Driver,30 to 34,32,Major,Motorcycle,Driving Properly,Normal,No,No,Yes,Yes,No,No,No,No,No,No,No,No,31,Yorkdale-Glen Park (31)
929816,2006/09/22 04:00:00+00,127,1,DANFORTH AVE,BROADVIEW AVE,Major Arterial,43.676145,-79.35889,Intersection,Traffic Signal,Clear,Dark,Wet,Non-Fatal Injury,Vehicle Owner,unknown,unknown,Unknown,Other,Unknown,Unknown,No,Yes,No,No,Yes,No,No,No,No,No,No,No,68,North Riverdale (68)
925837,2006/09/22 04:00:00+00,2158,21,BRIMLEY RD,WETHERBY DR,Major Arterial,43.738745,-79.24919,Intersection,No Control,Rain,Dark,Wet,Fatal,Driver,40 to 44,42,Fatal,"Automobile, Station Wagon",Lost control,Inattentive,No,No,Yes,No,No,No,No,Yes,Yes,No,No,No,138,Eglinton East (138)
932578,2006/09/25 04:00:00+00,805,8,THE WEST MALL,BURNHAMTHORPE RD,Major Arterial,43.644545,-79.56719,Intersection,Traffic Signal,Clear,Daylight,Dry,Non-Fatal Injury,Driver,45 to 49,47,None,"Automobile, Station Wagon",Failed to Yield Right of Way,Inattentive,Yes,No,Yes,No,No,No,No,No,Yes,No,No,No,13,Etobicoke West Mall (13)
926129,2006/09/25 04:00:00+00,1242,12,BRENTCLIFFE RD,WICKSTEED AVE,Minor Arterial,43.711445,-79.35849,Intersection,Traffic Signal,Clear,Daylight,Dry,Non-Fatal Injury,Vehicle Owner,unknown,unknown,None,Other,Unknown,Unknown,Yes,No,No,No,Yes,No,No,No,Yes,No,No,No,55,Thorncliffe Park (55)
930469,2006/09/26 04:00:00+00,1443,14,EGLINTON AVE W,FAIRBANK AVE,Major Arterial,43.695145,-79.45279000000002,Intersection,No Control,Clear,Daylight,Dry,Non-Fatal Injury,Driver,50 to 54,52,None,"Automobile, Station Wagon",Failed to Yield Right of Way,Inattentive,Yes,No,Yes,No,No,No,No,No,Yes,No,No,No,108,Briar Hill-Belgravia (108)
926327,2006/09/26 04:00:00+00,1525,15,ELLESMERE RD,POLLARD DR,Major Arterial,43.758845,-79.31109000000002,Mid-Block,No Control,Clear,Daylight,Dry,Non-Fatal Injury,Other,unknown,unknown,None,Other,Unknown,Unknown,No,No,Yes,No,No,No,No,No,No,No,No,No,119,Wexford/Maryvale (119)
926656,2006/09/28 04:00:00+00,800,8,LAWRENCE AVE E,MCCOWAN RD,Major Arterial,43.755945,-79.24349000000002,Mid-Block,No Control,Clear,Daylight,Dry,Non-Fatal Injury,Driver,40 to 44,42,None,"Automobile, Station Wagon",Driving Properly,Normal,Yes,No,Yes,No,No,No,No,No,No,No,No,No,137,Woburn (137)
930555,2006/09/28 04:00:00+00,1453,14,BATHURST ST,FAIRHOLME AVE,Major Arterial,43.718945,-79.42969000000002,Mid-Block,No Control,Clear,Daylight,Dry,Non-Fatal Injury,Driver,55 to 59,57,Major,"Automobile, Station Wagon",Lost control,Unknown,Yes,No,Yes,No,No,No,No,No,No,No,No,No,39,Bedford Park-Nortown (39)
930634,2006/09/29 04:00:00+00,320,3,TRETHEWEY DR,YORKTOWN DR,Minor Arterial,43.692745,-79.47779,Mid-Block,No Control,Clear,Dark,Dry,Non-Fatal Injury,Passenger,15 to 19,17,Minor,Other,Unknown,Unknown,No,No,Yes,No,No,No,No,No,Yes,No,Yes,No,112,Beechborough-Greenbrook (112)
944296,2006/09/30 04:00:00+00,510,5,DUNDAS ST W,LAKEVIEW AVE,Minor Arterial,43.649345,-79.42159000000002,Mid-Block,No Control,Clear,Dark,Dry,Non-Fatal Injury,Other,unknown,unknown,None,Other,Unknown,Unknown,Yes,No,Yes,No,No,No,No,No,No,No,Yes,No,81,Trinity-Bellwoods (81)
927010,2006/09/30 04:00:00+00,805,8,RONCESVALLES AVE,MARION ST,Minor Arterial,43.641045,-79.44699,Intersection,Pedestrian Crossover,Clear,Daylight,Dry,Non-Fatal Injury,Driver,unknown,unknown,None,"Automobile, Station Wagon",Failed to Yield Right of Way,Normal,Yes,No,Yes,No,No,No,No,No,Yes,No,No,No,86,Roncesvalles (86)
929097,2006/09/30 04:00:00+00,1904,19,GATEWAY BLVD,SUNNY GLENWAY,Minor Arterial,43.710745,-79.33119,Intersection,Pedestrian Crossover,Rain,Dark,Wet,Non-Fatal Injury,Vehicle Owner,unknown,unknown,None,Other,Unknown,Unknown,Yes,No,Yes,No,No,No,No,No,Yes,No,No,No,44,Flemingdon Park (44)
930768,2006/09/30 04:00:00+00,1910,19,MARTIN GROVE RD,ALBION RD,Major Arterial,43.741945,-79.59419,Intersection,Traffic Signal,Rain,Daylight,Wet,Non-Fatal Injury,Driver,65 to 69,67,None,"Automobile, Station Wagon",Improper Turn,Normal,Yes,No,Yes,No,No,No,No,No,No,No,No,No,2,Mount Olive-Silverstone-Jamestown (2)