ACCNUM,DATE,TIME,HOUR,STREET1,STREET2,ROAD_CLASS,LATITUDE,LONGITUDE,LOCCOORD,TRAFFCTL,VISIBILITY,LIGHT,RDSFCOND,ACCLASS,INVTYPE,INVAGE,Age_mid,INJURY,VEHTYPE,DRIVACT,DRIVCOND,PEDESTRIAN,CYCLIST,AUTOMOBILE,MOTORCYCLE,TRUCK,TRSN_CITY_VEH,EMERG_VEH,SPEEDING,AG_DRIV,REDLIGHT,ALCOHOL,DISABILITY,Hood_ID,Neighbourhood
1018347,2008/01/31 05:00:00+00,1440,14,DON MILLS RD E,GODSTONE RD,Major Arterial,43.782745,-79.34909,Intersection,Traffic Signal,Clear,Daylight,Dry,Fatal,Passenger,80 to 84,82,Fatal,Other,Unknown,Unknown,No,No,Yes,No,No,No,No,No,No,No,No,No,47,Don Valley Village (47)
1018638,2008/02/02 05:00:00+00,1249,12,BELLAMY RD N,BRIMORTON DR,Minor Arterial,43.767445,-79.23919000000002,Intersection,Traffic Signal,Clear,Daylight,Wet,Non-Fatal Injury,Driver,80 to 84,82,Major,"Automobile, Station Wagon",Failed to Yield Right of Way,Normal,No,No,Yes,No,No,No,No,Yes,Yes,No,No,No,137,Woburn (137)
1021293,2008/02/02 05:00:00+00,2307,23,BRIMLEY RD,CHARTLAND BLVD S,Major Arterial,43.804445,-79.27619,Mid-Block,No Control,Snow,Dark,Slush,Non-Fatal Injury,Passenger,20 to 24,22,Major,Other,Unknown,Unknown,No,No,Yes,No,No,No,No,Yes,Yes,No,No,No,129,Agincourt North (129)
1023204,2008/02/03 05:00:00+00,343,3,STEELES AVE E,MARKHAM RD,Major Arterial,43.836545,-79.25119000000002,Intersection,Traffic Signal,Clear,Dark,Dry,Non-Fatal Injury,Passenger,30 to 34,32,Major,Other,Unknown,Unknown,No,No,Yes,No,No,No,No,No,Yes,Yes,Yes,No,131,Rouge (131)
1032200,2008/04/06 04:00:00+00,1645,16,MARKHAM Rd,SHEPPARD Ave E,Major Arterial,43.79384500000001,-79.23879000000002,Intersection,Traffic Signal,Clear,Daylight,Dry,Non-Fatal Injury,Driver,70 to 74,72,None,"Automobile, Station Wagon",Driving Properly,Normal,Yes,No,Yes,No,No,No,No,No,No,No,No,No,132,Malvern (132)
1020755,2008/02/03 05:00:00+00,1520,15,KENNEDY RD,BRIGSTOCK RD,Major Arterial,43.762345,-79.27989000000002,Mid-Block,No Control,Clear,Daylight,Wet,Non-Fatal Injury,Vehicle Owner,unknown,unknown,Unknown,Other,Unknown,Unknown,No,No,Yes,No,No,No,No,Yes,Yes,No,No,No,126,Dorset Park (126)
1019180,2008/02/04 05:00:00+00,1245,12,O CONNOR DR,WOODBINE AVE,Major Arterial,43.700148,-79.31902600000002,Intersection,Traffic Signal,Clear,Daylight,Dry,Non-Fatal Injury,Passenger,55 to 59,57,None,Other,Unknown,Unknown,No,No,Yes,No,No,No,No,No,No,No,No,No,60,Woodbine-Lumsden (60)
1026352,2008/02/04 05:00:00+00,2250,22,KIPLING AVE,NEW TORONTO ST,Major Arterial,43.604445,-79.51949,Mid-Block,No Control,Clear,Dark,Loose Snow,Non-Fatal Injury,Passenger,35 to 39,37,Minor,Other,Unknown,Unknown,No,No,Yes,No,No,No,No,No,Yes,No,No,No,18,New Toronto (18)
1020812,2008/02/05 05:00:00+00,1651,16,KIPLING AVE,EGLINTON AVE W,Major Arterial,43.678645,-79.55159,Mid-Block,No Control,Clear,Dusk,Dry,Non-Fatal Injury,Driver,70 to 74,72,Major,"Automobile, Station Wagon",Driving Properly,Normal,No,No,Yes,No,No,No,No,No,Yes,No,No,No,7,Willowridge-Martingrove-Richview (7)
1022763,2008/02/05 05:00:00+00,2337,23,3559 EGLINTON AVE W,Unknown,Major Arterial,43.686245,-79.49239,Mid-Block,No Control,Freezing Rain,Dark,Slush,Non-Fatal Injury,Vehicle Owner,unknown,unknown,Unknown,Other,Unknown,Unknown,No,No,Yes,No,No,No,No,No,Yes,No,No,No,115,Mount Dennis (115)
1019756,2008/02/08 05:00:00+00,1749,17,WILSON AVE,ALLINGHAM GDNS,Major Arterial,43.735545,-79.44269,Intersection,Traffic Signal,Rain,Daylight,Wet,Fatal,Pedestrian,20 to 24,22,Fatal,Other,Unknown,Unknown,Yes,No,Yes,No,No,No,No,No,No,No,No,No,33,Clanton Park (33)
1024139,2008/02/11 05:00:00+00,1239,12,OAKWOOD AVE,ST CLAIR AVE W,Minor Arterial,43.679945,-79.43579,Mid-Block,No Control,Clear,Daylight,Wet,Non-Fatal Injury,Driver,75 to 79,77,None,"Automobile, Station Wagon",Driving Properly,Normal,Yes,No,Yes,No,No,No,No,No,No,No,No,No,94,Wychwood (94)
1024249,2008/02/11 05:00:00+00,1509,15,EGLINTON AVE E,PHARMACY AVE,Major Arterial,43.725645,-79.29749,Intersection,Traffic Signal,Clear,Daylight,Wet,Non-Fatal Injury,Driver,45 to 49,47,Minor,"Automobile, Station Wagon",Driving Properly,Normal,No,No,Yes,No,No,No,No,No,Yes,Yes,No,No,119,Wexford/Maryvale (119)
1024408,2008/02/15 05:00:00+00,1900,19,WARDEN AVE,BOWATER DR,Major Arterial,43.780945,-79.30899000000002,Intersection,No Control,Clear,Dark,Dry,Non-Fatal Injury,Driver,unknown,unknown,None,"Automobile, Station Wagon",Driving Properly,Unknown,Yes,No,Yes,No,No,No,No,No,No,No,No,No,118,Tam O'Shanter-Sullivan (118)
1032373,2008/04/07 04:00:00+00,1200,12,CARLTON St,JARVIS St,Major Arterial,43.662445,-79.37669,Intersection,Traffic Signal,Clear,Daylight,Dry,Non-Fatal Injury,Vehicle Owner,unknown,unknown,Unknown,Other,Unknown,Unknown,Yes,No,Yes,No,No,No,No,No,No,No,No,No,71,Cabbagetown-South St.James Town (71)
1032559,2008/04/08 04:00:00+00,624,6,HOPE St,DUFFERIN St,Major Arterial,43.682345,-79.44479,Intersection,Traffic Signal,Clear,Dark,Dry,Non-Fatal Injury,Driver,40 to 44,42,None,"Automobile, Station Wagon",Failed to Yield Right of Way,Inattentive,Yes,No,Yes,No,No,No,No,No,Yes,No,No,No,92,Corso Italia-Davenport (92)
1036453,2008/04/10 04:00:00+00,1646,16,437 DANFORTH Ave,Unknown,Major Arterial,43.677745,-79.35039,Mid-Block,No Control,Clear,Daylight,Dry,Non-Fatal Injury,Driver,60 to 64,62,None,"Automobile, Station Wagon",Driving Properly,Unknown,Yes,No,Yes,No,No,No,No,No,No,No,No,No,68,North Riverdale (68)
1032843,2008/04/10 04:00:00+00,2210,22,3111 DANFORTH Ave,Unknown,Major Arterial,43.691745,-79.28589000000002,Mid-Block,No Control,Clear,Dark,Dry,Non-Fatal Injury,Driver,30 to 34,32,None,"Automobile, Station Wagon",Driving Properly,Normal,Yes,No,Yes,No,No,No,No,No,No,No,No,No,121,Oakridge (121)
1034287,2008/04/11 04:00:00+00,1849,18,EGLINTON AVE W,SCARLETT RD,Major Arterial,43.683945,-79.51149000000002,Intersection,Traffic Signal,Clear,Daylight,Dry,Non-Fatal Injury,Passenger,35 to 39,37,None,Other,Unknown,Unknown,No,No,Yes,No,No,No,No,No,Yes,No,No,No,8,Humber Heights-Westmount (8)
1033099,2008/04/12 04:00:00+00,2209,22,KINGSTON RD,GRADWELL DR,Major Arterial,43.720145,-79.23809,Intersection,No Control,Rain,Dark,Wet,Non-Fatal Injury,Vehicle Owner,unknown,unknown,Unknown,Other,Unknown,Unknown,No,No,Yes,No,No,No,No,No,No,No,No,No,123,Cliffcrest (123)
1033112,2008/04/13 04:00:00+00,244,2,OSSINGTON AVE,COLLEGE ST,Major Arterial,43.654345,-79.422687,Intersection,Traffic Signal,Rain,Dark,Wet,Fatal,Pedestrian,20 to 24,22,Fatal,Other,Unknown,Unknown,Yes,No,Yes,No,No,No,No,No,No,No,No,No,81,Trinity-Bellwoods (81)
1034749,2008/04/13 04:00:00+00,1110,11,LAMBTON AVE,WESTON RD,Minor Arterial,43.684245,-79.48399,Intersection,Traffic Signal,Clear,Daylight,Dry,Non-Fatal Injury,Driver,20 to 24,22,None,"Automobile, Station Wagon",Following too Close,Inattentive,No,No,Yes,No,No,No,No,No,Yes,No,No,No,111,Rockcliffe-Smythe (111)
1034751,2008/04/13 04:00:00+00,1430,14,KENNEDY RD,401 C E KENNEDY N RAMP RD E,Major Arterial,43.773145,-79.28389,Intersection,Traffic Signal,Clear,Daylight,Dry,Non-Fatal Injury,Driver,50 to 54,52,Minor,"Automobile, Station Wagon",Disobeyed Traffic Control,Normal,No,No,Yes,No,No,No,No,No,Yes,Yes,No,No,126,Dorset Park (126)
1033146,2008/04/13 04:00:00+00,1509,15,PAPE AVE,BAIN AVE,Minor Arterial,43.672945,-79.34239000000002,Intersection,Stop Sign,Clear,Daylight,Dry,Non-Fatal Injury,Driver,unknown,unknown,None,"Automobile, Station Wagon",Failed to Yield Right of Way,Unknown,Yes,No,Yes,No,No,No,No,No,Yes,No,No,No,69,Blake-Jones (69)
1033337,2008/04/14 04:00:00+00,1630,16,PARLIAMENT ST,WELLESLEY ST E,Minor Arterial,43.668145,-79.36959,Intersection,Traffic Signal,Clear,Daylight,Dry,Non-Fatal Injury,Vehicle Owner,unknown,unknown,Unknown,Other,Unknown,Unknown,Yes,No,No,No,Yes,No,No,No,No,No,No,No,71,Cabbagetown-South St.James Town (71)
1034552,2008/04/14 04:00:00+00,2321,23,FINCH AVE W,WESTMORE DR,Major Arterial,43.734645,-79.60099,Intersection,Traffic Signal,Clear,Dark,Dry,Non-Fatal Injury,Passenger,40 to 44,42,Major,Other,Unknown,Unknown,No,No,Yes,No,No,No,No,No,Yes,No,No,No,1,West Humber-Clairville (1)
1037550,2008/04/15 04:00:00+00,2100,21,SHEPPARD Aven E,WASHBURN Way,Major Arterial,43.796645,-79.22509000000002,Mid-Block,No Control,Clear,Dark,Dry,Non-Fatal Injury,Driver,35 to 39,37,None,"Automobile, Station Wagon",Driving Properly,Normal,Yes,No,Yes,No,No,No,No,No,No,No,No,No,132,Malvern (132)
1033770,2008/04/15 04:00:00+00,2225,22,STEELES AVE W,YONGE ST,Major Arterial,43.797945,-79.42009,Intersection,Traffic Signal,Clear,Daylight,Dry,Non-Fatal Injury,Driver,20 to 24,22,None,"Automobile, Station Wagon",Following too Close,Normal,No,No,Yes,No,No,No,No,No,Yes,No,No,No,50,Newtonbrook East (50)
1036361,2008/04/18 04:00:00+00,1405,14,YONGE ST,CARLTON ST,Major Arterial,43.661345,-79.38309,Intersection,Traffic Signal,Clear,Daylight,Dry,Non-Fatal Injury,Vehicle Owner,unknown,unknown,Unknown,Other,Unknown,Unknown,Yes,No,Yes,No,No,No,No,No,Yes,No,No,No,75,Church-Yonge Corridor (75)
1036484,2008/04/19 04:00:00+00,1240,12,CARLAW AVE,VICTOR AVE,Minor Arterial,43.669145,-79.34339,Intersection,No Control,Clear,Daylight,Dry,Non-Fatal Injury,Driver,45 to 49,47,None,"Automobile, Station Wagon",Driving Properly,Normal,Yes,No,Yes,No,No,No,No,No,No,No,No,No,68,North Riverdale (68)
1037585,2008/04/19 04:00:00+00,1307,13,KINGSTON Road,OLD KINGSTON Road,Minor Arterial,43.784045,-79.16919,Intersection,No Control,Clear,Daylight,Dry,Non-Fatal Injury,Motorcycle Driver,50 to 54,52,Major,Motorcycle,Driving Properly,Normal,No,No,Yes,Yes,No,No,No,No,Yes,No,No,No,133,Centennial Scarborough (133)
1036978,2008/04/21 04:00:00+00,805,8,BLOOR ST W,OLD MILL TER,Major Arterial,43.649645,-79.49539,Intersection,Traffic Signal,Clear,Daylight,Dry,Non-Fatal Injury,Driver,35 to 39,37,None,"Automobile, Station Wagon",Driving Properly,Normal,No,Yes,Yes,No,No,No,No,No,No,No,No,No,15,Kingsway South (15)
1036983,2008/04/21 04:00:00+00,845,8,ISLINGTON AVE,RATHBURN RD,Major Arterial,43.662445,-79.53119000000002,Intersection,Traffic Signal,Clear,Daylight,Dry,Non-Fatal Injury,Driver,40 to 44,42,None,"Automobile, Station Wagon",Driving Properly,Normal,No,No,Yes,No,No,No,No,No,No,No,No,No,9,Edenbridge-Humber Valley (9)
1034570,2008/04/22 04:00:00+00,1111,11,PORT UNION RD,RAVINE PARK CRES,Minor Arterial,43.788043,-79.14019300000002,Intersection,Stop Sign,Clear,Daylight,Dry,Non-Fatal Injury,Motorcycle Driver,30 to 34,32,Major,Motorcycle,Driving Properly,Normal,No,No,Yes,Yes,No,No,No,No,No,No,No,No,131,Rouge (131)
1034841,2008/04/24 04:00:00+00,53,5,FINCH AVE W,TOPCLIFF AVE,Major Arterial,43.759045,-79.50879,Mid-Block,No Control,Clear,Dark,Dry,Non-Fatal Injury,Driver,65 to 69,67,Major,"Automobile, Station Wagon",Driving Properly,Normal,No,No,Yes,No,No,No,No,No,No,No,No,No,25,Glenfield-Jane Heights (25)
1037827,2008/04/24 04:00:00+00,1217,12,PAPE AVE,WOODVILLE AVE,Major Arterial,43.692345,-79.34989,Intersection,Stop Sign,Clear,Daylight,Dry,Non-Fatal Injury,Motorcycle Driver,25 to 29,27,Major,Motorcycle,Driving Properly,Normal,No,No,Yes,Yes,No,No,No,No,No,No,No,No,58,Old East York (58)
1039417,2008/04/24 04:00:00+00,2020,20,ST CLAIR AVE W,SILVERTHORN AVE,Major Arterial,43.674145,-79.45999,Intersection,Traffic Signal,Clear,Dark,Dry,Non-Fatal Injury,Motorcycle Driver,30 to 34,32,Major,Motorcycle,Driving Properly,Normal,No,No,Yes,Yes,No,No,No,No,No,No,No,No,91,Weston-Pellam Park (91)
1037905,2008/04/26 04:00:00+00,712,7,KIPLING Aven,EGLINTON Aven W,Major Arterial,43.677145,-79.55089,Intersection,Traffic Signal,Clear,Daylight,Dry,Non-Fatal Injury,Driver,65 to 69,67,None,"Automobile, Station Wagon",Driving Properly,Normal,No,No,Yes,No,No,No,No,No,Yes,Yes,No,No,10,Princess-Rosethorn (10)
1035403,2008/04/28 04:00:00+00,1438,14,FINCH AVE E,SKYMARK DR,Major Arterial,43.793145,-79.35229,Intersection,Traffic Signal,Clear,Daylight,Dry,Non-Fatal Injury,Driver,85 to 89,87,Minimal,"Automobile, Station Wagon",Improper Turn,Inattentive,No,No,Yes,No,No,No,No,No,No,No,No,No,47,Don Valley Village (47)
1038453,2008/04/28 04:00:00+00,1616,16,BATHURST Stre,DREWRY Aven,Major Arterial,43.781045,-79.44479,Mid-Block,No Control,Clear,Daylight,Dry,Non-Fatal Injury,Driver,20 to 24,22,None,"Automobile, Station Wagon",Failed to Yield Right of Way,Normal,No,No,Yes,No,No,No,No,No,Yes,No,No,No,36,Newtonbrook West (36)
1037840,2008/04/28 04:00:00+00,1700,17,HAVELOCK Stre,DEWSON Stre,Collector,43.655545,-79.43049,Intersection,Stop Sign,Clear,Daylight,Dry,Non-Fatal Injury,Vehicle Owner,unknown,unknown,Unknown,Other,Unknown,Unknown,No,Yes,Yes,No,No,No,No,No,No,No,No,No,83,Dufferin Grove (83)
1114459,2009/07/16 04:00:00+00,8,8,SHEPPARD AVE E,MCCOWAN RD,Major Arterial,43.791045,-79.25189,Mid-Block,No Control,Clear,Dark,Dry,Non-Fatal Injury,Vehicle Owner,unknown,unknown,Unknown,Other,Unknown,Unknown,No,No,Yes,Yes,No,No,No,Yes,Yes,No,No,No,128,Agincourt South-Malvern West (128)
1085413,2009/01/02 05:00:00+00,2140,21,MCLEVIN Aven,FAWCETT Trai,Collector,43.808345,-79.20649,Intersection,Stop Sign,Other,Dark,Wet,Non-Fatal Injury,Driver,20 to 24,22,Major,"Automobile, Station Wagon",Driving Properly,Normal,No,No,Yes,No,No,No,No,No,Yes,No,No,No,132,Malvern (132)
1121120,2009/07/17 04:00:00+00,1009,10,HARBORD ST,SPADINA AVE,Major Arterial,43.663045,-79.40209,Intersection,Traffic Signal,Clear,Daylight,Dry,Non-Fatal Injury,Driver,35 to 39,37,None,"Automobile, Station Wagon",Improper Turn,Normal,No,Yes,Yes,No,No,No,No,No,No,No,No,No,79,University (79)
1078881,2009/01/03 05:00:00+00,339,3,JANE St,CHURCH St,Major Arterial,43.709245,-79.50559,Intersection,Traffic Controller,Clear,Dark,Wet,Non-Fatal Injury,Driver,25 to 29,27,Minor,"Automobile, Station Wagon",Driving Properly,Normal,No,No,Yes,No,No,No,No,No,Yes,No,No,No,28,Rustic (28)
1114984,2009/06/13 04:00:00+00,1818,18,DUPONT ST,SHAW ST,Major Arterial,43.670545,-79.42659,Mid-Block,No Control,Clear,Daylight,Dry,Non-Fatal Injury,Vehicle Owner,unknown,unknown,Unknown,Other,Unknown,Unknown,No,No,Yes,Yes,No,No,No,No,No,No,No,No,93,Dovercourt-Wallace Emerson-Junction (93)
1078999,2009/01/03 05:00:00+00,1937,19,330 UNIVERSITY AVE,Unknown,Major Arterial,43.651351,-79.386829,Mid-Block,No Control,Clear,"Dark, artificial",Other,Non-Fatal Injury,Vehicle Owner,unknown,unknown,Unknown,Unknown,Unknown,Unknown,No,No,Yes,No,No,No,No,No,No,No,No,No,76,Bay Street Corridor (76)
1086335,2009/01/05 05:00:00+00,831,8,380 CARLINGVIEW DR,Unknown,Major Arterial,43.695345,-79.59939,Mid-Block,No Control,Clear,Daylight,Dry,Non-Fatal Injury,Vehicle Owner,unknown,unknown,Unknown,Other,Unknown,Unknown,No,No,Yes,No,No,No,No,No,Yes,No,No,No,1,West Humber-Clairville (1)
1079383,2009/01/05 05:00:00+00,1247,12,VICTORIA PARK AVE,CONSUMERS RD,Major Arterial,43.771945,-79.32149,Intersection,Traffic Signal,Clear,Daylight,Dry,Non-Fatal Injury,Driver,70 to 74,72,None,"Automobile, Station Wagon",Lost control,Normal,Yes,No,Yes,No,No,No,No,No,No,No,No,No,118,Tam O'Shanter-Sullivan (118)
1094026,2009/03/11 04:00:00+00,828,8,LESMILL Road,DUNCAN MILL Road,Collector,43.760645,-79.35849,Intersection,No Control,Clear,Daylight,Dry,Non-Fatal Injury,Driver,45 to 49,47,None,Municipal Transit Bus (TTC),Failed to Yield Right of Way,Normal,Yes,No,No,No,No,Yes,No,No,Yes,No,No,No,40,St.Andrew-Windfields (40)
1123907,2009/08/11 04:00:00+00,2242,22,SHEPPARD Aven E,MEADOWVALE Road,Major Arterial,43.808345,-79.17079,Intersection,Traffic Signal,Clear,Dark,Dry,Non-Fatal Injury,Driver,40 to 44,42,None,"Automobile, Station Wagon",Driving Properly,Normal,No,No,Yes,No,No,No,No,No,Yes,Yes,No,No,131,Rouge (131)
1086605,2009/01/06 05:00:00+00,715,7,MIDDLEFIELD RD,COMPASS CRT,Minor Arterial,43.806645,-79.25519,Mid-Block,No Control,Clear,Daylight,Wet,Non-Fatal Injury,Passenger,45 to 49,47,Major,"Automobile, Station Wagon",Unknown,Unknown,No,No,Yes,No,No,No,No,No,No,No,No,No,129,Agincourt North (129)
1079671,2009/01/06 05:00:00+00,1349,13,SHEPPARD AVE E,REAN DR,Major Arterial,43.767745,-79.38309,Intersection,Traffic Signal,Clear,Daylight,Dry,Fatal,Pedestrian,65 to 69,67,Fatal,Other,Unknown,Unknown,Yes,No,Yes,No,No,No,No,No,Yes,No,No,No,52,Bayview Village (52)
1079931,2009/01/07 05:00:00+00,1640,16,2160 EGLINTON AVE W,CALEDONIA Road,Major Arterial,43.693445,-79.46029,Mid-Block,No Control,Snow,Daylight,Slush,Non-Fatal Injury,Vehicle Owner,unknown,unknown,Unknown,Other,Unknown,Unknown,Yes,No,No,No,No,Yes,No,No,No,No,No,No,109,Caledonia-Fairbank (109)
1080314,2009/01/08 05:00:00+00,1430,14,BATHURST ST,COLLEGE ST,Major Arterial,43.656445,-79.40769,Intersection,Traffic Signal,Clear,Daylight,Slush,Non-Fatal Injury,Passenger,unknown,unknown,Minimal,Other,Unknown,Unknown,No,No,Yes,No,No,No,No,No,Yes,No,No,No,78,Kensington-Chinatown (78)
1080448,2009/01/08 05:00:00+00,1445,14,STEELES AVE W,TANGREEN CRT,Major Arterial,43.796614,-79.426364,Intersection,Stop Sign,Clear,Daylight,Slush,Non-Fatal Injury,Vehicle Owner,unknown,unknown,Unknown,Other,Unknown,Unknown,Yes,No,Yes,No,No,No,No,No,No,No,No,No,36,Newtonbrook West (36)
1075399,2008/11/21 05:00:00+00,1810,18,LAWRENCE Aven W,RALPH Stre,Major Arterial,43.700945,-79.51279,Mid-Block,No Control,Clear,Daylight,Dry,Non-Fatal Injury,Driver,30 to 34,32,Major,"Automobile, Station Wagon",Driving Properly,Normal,No,No,Yes,No,No,No,No,No,Yes,No,No,No,113,Weston (113)
1087632,2009/01/09 05:00:00+00,1640,16,GERRARD ST E,PAPE AVE,Minor Arterial,43.668145,-79.34039,Intersection,Traffic Signal,Clear,Daylight,Wet,Non-Fatal Injury,Driver,65 to 69,67,None,"Automobile, Station Wagon",Failed to Yield Right of Way,Normal,Yes,No,Yes,No,No,No,No,No,Yes,No,No,No,70,South Riverdale (70)
1080485,2009/01/10 05:00:00+00,1848,18,KEELE ST,NASHVILLE AVE,Major Arterial,43.683745,-79.47229,Intersection,No Control,Clear,Dark,Dry,Non-Fatal Injury,Vehicle Owner,unknown,unknown,Unknown,Other,Unknown,Unknown,No,No,Yes,No,No,No,No,No,No,No,No,Yes,110,Keelesdale-Eglinton West (110)
1088236,2009/01/12 05:00:00+00,850,8,MILNER AVE,CINEMART DR,Minor Arterial,43.797445,-79.20479,Intersection,Stop Sign,Clear,Daylight,Dry,Non-Fatal Injury,Driver,45 to 49,47,Major,"Automobile, Station Wagon",Improper Turn,Normal,No,No,Yes,No,No,No,No,No,No,No,No,No,132,Malvern (132)
1088222,2009/01/12 05:00:00+00,1116,11,EGLINTON AVE E,SLOANE AVE,Major Arterial,43.726045,-79.31349,Intersection,Traffic Signal,Clear,Daylight,Dry,Non-Fatal Injury,Driver,50 to 54,52,None,"Automobile, Station Wagon",Failed to Yield Right of Way,Inattentive,Yes,No,Yes,No,No,No,No,No,Yes,No,No,No,43,Victoria Village (43)
1089553,2009/01/13 05:00:00+00,938,9,LAWRENCE Aven E,MOSSBANK Driv,Major Arterial,43.762645,-79.21169,Mid-Block,No Control,Snow,Daylight,Loose Snow,Non-Fatal Injury,Driver,80 to 84,82,None,"Automobile, Station Wagon",Driving Properly,Normal,Yes,No,Yes,No,No,No,No,No,No,No,No,No,137,Woburn (137)
1081545,2009/01/14 05:00:00+00,1108,11,PASSMORE AVE,MIDLAND AVE,Major Arterial,43.820745,-79.29489000000002,Intersection,Traffic Signal,Clear,Daylight,Dry,Non-Fatal Injury,Driver,80 to 84,82,Major,"Automobile, Station Wagon",Lost control,Medical or Physical Disability,No,No,Yes,No,No,No,No,No,No,No,No,Yes,130,Milliken (130)
1088275,2009/01/14 05:00:00+00,1315,13,ISLINGTON Aven,SUMMITCREST Driv,Major Arterial,43.683145,-79.54049,Intersection,Traffic Signal,Clear,Daylight,Dry,Non-Fatal Injury,Driver,40 to 44,42,None,"Automobile, Station Wagon",Failed to Yield Right of Way,Inattentive,Yes,No,Yes,No,No,No,No,No,Yes,No,No,No,7,Willowridge-Martingrove-Richview (7)
1081583,2009/01/14 05:00:00+00,1355,13,TAPSCOTT RD,FINCH AVE E,Minor Arterial,43.814245,-79.23709000000002,Intersection,Traffic Signal,Snow,Daylight,Wet,Non-Fatal Injury,Vehicle Owner,unknown,unknown,Unknown,Other,Unknown,Unknown,Yes,No,Yes,No,No,No,No,No,Yes,No,No,No,131,Rouge (131)
1090872,2009/01/18 05:00:00+00,1528,15,DUFFERIN ST,WINGOLD AVE,Major Arterial,43.703845,-79.45249,Intersection,Traffic Signal,Snow,Daylight,Slush,Non-Fatal Injury,Vehicle Owner,unknown,unknown,Unknown,Other,Unknown,Unknown,No,No,Yes,No,No,Yes,No,No,Yes,Yes,No,No,31,Yorkdale-Glen Park (31)
1094623,2009/01/19 05:00:00+00,1805,18,EGLINTON AVE E,RUMSEY RD,Major Arterial,43.712545,-79.36969,Intersection,Traffic Signal,Snow,Dark,Ice,Non-Fatal Injury,Passenger,65 to 69,67,Major,Other,Unknown,Unknown,No,No,Yes,No,No,No,No,No,No,No,No,No,56,Leaside-Bennington (56)
1090599,2009/01/20 05:00:00+00,1320,13,LAKE SHORE Boul E,LOWER SHERBOURNE Stre,Major Arterial,43.646245,-79.36609,Intersection,Traffic Signal,Clear,Daylight,Wet,Non-Fatal Injury,Passenger,30 to 34,32,Minimal,Other,Unknown,Unknown,No,No,Yes,No,Yes,No,No,No,No,No,No,No,77,Waterfront Communities-The Island (77)
1083196,2009/01/21 05:00:00+00,1532,15,1317 PAPE Ave,Unknown,Major Arterial,43.695323,-79.35103199999998,Intersection,No Control,Clear,Dusk,Loose Snow,Non-Fatal Injury,Passenger,50 to 54,52,Major,Other,Unknown,Unknown,No,No,Yes,No,No,No,No,No,No,No,No,No,58,Old East York (58)
1083896,2009/01/24 05:00:00+00,1420,14,COMMISSIONERS Stre,DON ROADWAY,Collector,43.648545,-79.34499,Unknown,No Control,Clear,Daylight,Dry,Non-Fatal Injury,Driver,25 to 29,27,None,"Automobile, Station Wagon",Unknown,Unknown,No,No,Yes,No,No,No,No,No,No,No,No,No,70,South Riverdale (70)
1094875,2009/01/26 05:00:00+00,17,1,LAKE SHORE Boul E,CARLAW Aven,Major Arterial,43.654945,-79.33739,Intersection,Traffic Signal,Clear,Dark,Dry,Non-Fatal Injury,Driver,55 to 59,57,Major,"Automobile, Station Wagon",Driving Properly,Normal,No,No,Yes,No,No,No,No,No,Yes,No,No,No,70,South Riverdale (70)
1092716,2009/01/28 05:00:00+00,1352,13,GERRARD St E,YONGE St,Major Arterial,43.659045,-79.38209,Intersection,No Control,Snow,Daylight,Packed Snow,Non-Fatal Injury,Vehicle Owner,unknown,unknown,Unknown,Other,Unknown,Unknown,No,No,Yes,No,No,No,No,No,No,No,No,No,75,Church-Yonge Corridor (75)
1084902,2009/01/28 05:00:00+00,2119,21,THE EAST MALL,EVANS Aven,Major Arterial,43.611845,-79.54379,Intersection,No Control,Clear,Dark,Loose Snow,Non-Fatal Injury,Passenger,unknown,unknown,Minor,"Automobile, Station Wagon",Unknown,Unknown,No,No,Yes,No,No,No,No,No,No,No,No,No,20,Alderwood (20)
1092227,2009/01/31 05:00:00+00,1700,17,BLACK CREEK DR,EGLINTON AVE W,Major Arterial,43.688345,-79.48289,Intersection,Traffic Signal,Clear,Dusk,Dry,Non-Fatal Injury,Driver,40 to 44,42,Major,"Automobile, Station Wagon",Driving Properly,Normal,No,No,Yes,No,No,No,No,No,Yes,No,No,No,110,Keelesdale-Eglinton West (110)
1092784,2009/02/02 05:00:00+00,930,9,GREENWOOD Aven,DUNDAS Stre E,Minor Arterial,43.667545,-79.32659,Intersection,Traffic Signal,Clear,Daylight,Dry,Non-Fatal Injury,Driver,50 to 54,52,None,"Automobile, Station Wagon",Failed to Yield Right of Way,Normal,Yes,No,Yes,No,No,No,No,No,Yes,No,No,No,65,Greenwood-Coxwell (65)
1092795,2009/02/02 05:00:00+00,1345,13,3372 KEELE ST,Unknown,Major Arterial,43.747545,-79.48709000000002,Mid-Block,No Control,Clear,Daylight,Dry,Non-Fatal Injury,Vehicle Owner,unknown,unknown,Unknown,Other,Unknown,Unknown,No,No,Yes,No,No,No,No,No,No,No,No,No,27,York University Heights (27)
1085958,2009/02/02 05:00:00+00,1430,14,KINGSTON Road,SHARPE Stre,Major Arterial,43.706345,-79.25129,Intersection,Traffic Signal,Clear,Daylight,Dry,Non-Fatal Injury,Driver,50 to 54,52,None,"Automobile, Station Wagon",Failed to Yield Right of Way,Inattentive,Yes,No,Yes,No,No,No,No,No,Yes,No,No,No,122,Birchcliffe-Cliffside (122)