ACCNUM,DATE,TIME,HOUR,STREET1,STREET2,ROAD_CLASS,LATITUDE,LONGITUDE,LOCCOORD,TRAFFCTL,VISIBILITY,LIGHT,RDSFCOND,ACCLASS,INVTYPE,INVAGE,Age_mid,INJURY,VEHTYPE,DRIVACT,DRIVCOND,PEDESTRIAN,CYCLIST,AUTOMOBILE,MOTORCYCLE,TRUCK,TRSN_CITY_VEH,EMERG_VEH,SPEEDING,AG_DRIV,REDLIGHT,ALCOHOL,DISABILITY,Hood_ID,Neighbourhood
1085959,2009/02/02 05:00:00+00,1610,16,FINCH AVE W,WESTON RD,Major Arterial,43.752045,-79.54239,Intersection,Traffic Signal,Clear,Daylight,Dry,Fatal,Pedestrian,90 to 94,92,Fatal,Other,Unknown,Unknown,Yes,No,No,No,Yes,No,No,No,Yes,No,No,No,22,Humbermede (22)
1092879,2009/02/05 05:00:00+00,905,9,YORK MILLS RD,HARRISON RD,Major Arterial,43.749745,-79.37879000000002,Intersection,Traffic Signal,Clear,Daylight,Dry,Non-Fatal Injury,Vehicle Owner,unknown,unknown,Unknown,Other,Unknown,Unknown,Yes,No,Yes,No,No,No,No,No,No,No,No,No,40,St.Andrew-Windfields (40)
1093260,2009/02/08 05:00:00+00,1856,18,DUNDAS ST W,BERESFORD AVE,Major Arterial,43.665545,-79.48289,Mid-Block,No Control,Clear,Dark,Dry,Non-Fatal Injury,Driver,50 to 54,52,None,"Automobile, Station Wagon",Driving Properly,Normal,No,Yes,Yes,No,No,No,No,No,No,No,No,No,89,Runnymede-Bloor West Village (89)
1087565,2009/02/09 05:00:00+00,2,2,PAPE Aven,LIPTON Aven,Major Arterial,43.679945,-79.34529,Mid-Block,No Control,Clear,Dark,Dry,Non-Fatal Injury,Driver,35 to 39,37,None,"Automobile, Station Wagon",Driving Properly,Normal,Yes,No,Yes,No,No,No,No,No,No,No,No,No,66,Danforth (66)
1093891,2009/02/12 05:00:00+00,1,1,MIDDLEFIELD Road,PASSMORE Aven,Minor Arterial,43.827345,-79.26519,Intersection,No Control,Rain,Dark,Wet,Non-Fatal Injury,Driver,unknown,unknown,Major,Other,Lost control,Normal,No,No,No,No,No,No,No,No,No,No,No,No,130,Milliken (130)
1093852,2009/02/12 05:00:00+00,1444,14,DUFFERIN ST,BANK ST,Minor Arterial,43.647745,-79.43069,Intersection,No Control,Clear,Daylight,Dry,Non-Fatal Injury,Driver,35 to 39,37,Major,"Automobile, Station Wagon",Lost control,Inattentive,No,No,Yes,No,No,Yes,No,No,No,No,No,No,84,Little Portugal (84)
1110609,2009/05/22 04:00:00+00,1845,18,JANE Stre,ALLIANCE Aven,Major Arterial,43.676145,-79.49569,Intersection,Traffic Signal,Clear,Daylight,Dry,Non-Fatal Injury,Driver,50 to 54,52,None,"Automobile, Station Wagon",Following too Close,Inattentive,No,No,Yes,No,No,No,No,No,Yes,No,No,No,111,Rockcliffe-Smythe (111)
1110667,2009/05/22 04:00:00+00,2135,21,675 ANNETTE Stre,Unknown,Minor Arterial,43.659045,-79.48429,Mid-Block,No Control,Clear,Dark,Dry,Non-Fatal Injury,Driver,35 to 39,37,None,"Automobile, Station Wagon",Following too Close,Normal,No,Yes,Yes,No,No,No,No,No,Yes,No,No,No,89,Runnymede-Bloor West Village (89)
1121287,2009/07/18 04:00:00+00,242,2,RIVER ST,DUNDAS ST E,Major Arterial,43.661145,-79.35819000000002,Intersection,Traffic Signal,Clear,Dark,Dry,Non-Fatal Injury,Vehicle Owner,unknown,unknown,Unknown,Other,Unknown,Unknown,No,Yes,Yes,No,No,No,No,No,No,No,No,No,72,Regent Park (72)
1075854,2008/11/23 05:00:00+00,145,1,COLLEGE ST,MARKHAM ST,Major Arterial,43.656245,-79.40899,Intersection,Stop Sign,Clear,Dark,Dry,Non-Fatal Injury,Driver,45 to 49,47,None,"Automobile, Station Wagon",Failed to Yield Right of Way,Inattentive,Yes,No,Yes,No,No,No,No,No,Yes,No,No,No,80,Palmerston-Little Italy (80)
1109297,2009/06/14 04:00:00+00,2206,22,THE QUEENSWAY,STEPHEN DR,Major Arterial,43.630445,-79.48349,Mid-Block,No Control,Clear,Dark,Dry,Non-Fatal Injury,Passenger,30 to 34,32,Major,Other,Unknown,Unknown,No,No,Yes,No,No,No,No,No,No,No,Yes,No,16,Stonegate-Queensway (16)
1097174,2009/03/11 04:00:00+00,2128,21,DUNDAS ST W,BLOOR ST W,Major Arterial,43.656345,-79.45249,Intersection,No Control,Clear,Dark,Dry,Non-Fatal Injury,Pedestrian,40 to 44,42,Major,Other,Unknown,Unknown,Yes,No,No,No,No,Yes,No,No,No,No,No,No,88,High Park North (88)
1088989,2009/02/13 05:00:00+00,125,1,423 BRIMORTON DR,Unknown,Collector,43.768945,-79.23769,Mid-Block,No Control,Clear,Dark,Dry,Fatal,Passenger,20 to 24,22,Fatal,Other,Unknown,Unknown,No,No,Yes,No,No,No,No,No,No,No,Yes,No,137,Woburn (137)
1118576,2009/08/12 04:00:00+00,1433,14,TODD BAYLIS Boul,BLACK CREEK Driv,Collector,43.691345,-79.48479,Mid-Block,No Control,Clear,Daylight,Dry,Non-Fatal Injury,Vehicle Owner,unknown,unknown,Unknown,Other,Unknown,Unknown,No,No,Yes,No,No,No,No,No,No,No,No,No,112,Beechborough-Greenbrook (112)
1094123,2009/03/12 04:00:00+00,1535,15,FIRGROVE CRES,NEEDLE FIRWAY,Local,43.753745,-79.51859,Mid-Block,No Control,Clear,Daylight,Dry,Non-Fatal Injury,Driver,80 to 84,82,None,"Automobile, Station Wagon",Driving Properly,Medical or Physical Disability,Yes,No,Yes,No,No,No,No,No,No,No,No,Yes,25,Glenfield-Jane Heights (25)
1075851,2008/11/23 05:00:00+00,1943,19,NEILSON Rd,MCLEVIN Ave,Minor Arterial,43.809145,-79.22169,Intersection,Traffic Signal,Clear,Daylight,Dry,Non-Fatal Injury,Driver,25 to 29,27,Major,"Automobile, Station Wagon",Lost control,Medical or Physical Disability,No,No,Yes,No,No,No,No,No,No,No,No,Yes,132,Malvern (132)
1097622,2009/03/13 04:00:00+00,500,5,ATTWELL DR,CARLSON CRT,Collector,43.689545,-79.58729,Intersection,Stop Sign,Clear,Dark,Dry,Non-Fatal Injury,Vehicle Owner,unknown,unknown,Unknown,Other,Unknown,Unknown,No,No,Yes,No,Yes,No,No,No,No,No,No,No,1,West Humber-Clairville (1)
1118840,2009/08/13 04:00:00+00,2101,21,YONGE ST,ST CLAIR AVE W,Major Arterial,43.688545,-79.39429,Mid-Block,No Control,Clear,Dark,Dry,Non-Fatal Injury,Driver,20 to 24,22,Major,"Automobile, Station Wagon",Unknown,Unknown,Yes,No,Yes,No,No,No,No,No,No,No,No,No,98,Rosedale-Moore Park (98)
1111585,2009/05/24 04:00:00+00,1345,13,BRIMLEY RD,ELLESMERE RD,Major Arterial,43.770045,-79.26129,Intersection,Traffic Signal,Clear,Daylight,Dry,Non-Fatal Injury,Passenger,80 to 84,82,Major,Other,Unknown,Unknown,No,No,Yes,No,No,No,No,No,Yes,Yes,No,No,127,Bendale (127)
1124647,2009/08/14 04:00:00+00,1800,18,164 STERLING Road,Unknown,Local,43.65514500000001,-79.44549,Mid-Block,No Control,Clear,Daylight,Dry,Non-Fatal Injury,Passenger,20 to 24,22,Major,Other,Unknown,Unknown,No,No,Yes,No,No,No,No,No,No,No,No,No,83,Dufferin Grove (83)
1118884,2009/08/15 04:00:00+00,1400,14,LAWRENCE Aven E,MORNINGSIDE Aven,Major Arterial,43.768445,-79.18619,Intersection,Traffic Signal,Clear,Daylight,Dry,Non-Fatal Injury,Vehicle Owner,unknown,unknown,Unknown,Other,Unknown,Unknown,No,No,Yes,No,No,No,No,No,Yes,Yes,No,No,136,West Hill (136)
1118939,2009/08/16 04:00:00+00,200,2,KEELE ST,DUNDAS ST W,Major Arterial,43.665345,-79.46459,Intersection,Traffic Signal,Other,Dark,Dry,Non-Fatal Injury,Driver,40 to 44,42,None,"Automobile, Station Wagon",Driving Properly,Normal,Yes,No,Yes,No,No,No,No,No,No,No,No,No,90,Junction Area (90)
1100239,2009/04/20 04:00:00+00,1330,13,RONCESVALLES AVE,HIGH PARK BLVD,Minor Arterial,43.646327,-79.449046,Intersection,Traffic Signal,Rain,Daylight,Wet,Fatal,Pedestrian,85 to 89,87,Fatal,Other,Unknown,Unknown,Yes,No,No,No,No,Yes,No,No,Yes,No,No,No,86,Roncesvalles (86)
1118994,2009/08/16 04:00:00+00,1455,14,YONGE ST,CHAPLIN CRES,Major Arterial,43.698245,-79.39659,Intersection,Traffic Signal,Clear,Daylight,Dry,Non-Fatal Injury,Pedestrian,75 to 79,77,Major,Other,Unknown,Unknown,Yes,Yes,No,No,No,No,No,No,No,No,No,No,104,Mount Pleasant West (104)
1119005,2009/08/16 04:00:00+00,1919,19,LANSDOWNE AVE,DUNDAS ST W,Minor Arterial,43.650145,-79.43969,Intersection,Traffic Signal,Clear,Daylight,Dry,Non-Fatal Injury,Pedestrian,80 to 84,82,Major,Other,Unknown,Unknown,Yes,No,Yes,No,No,No,No,No,Yes,No,No,No,83,Dufferin Grove (83)
1075972,2008/11/24 05:00:00+00,46,4,LAKE SHORE Blvd W,FORTIETH St,Major Arterial,43.592545,-79.54179,Intersection,No Control,Clear,Dark,Dry,Non-Fatal Injury,Driver,15 to 19,17,Major,"Automobile, Station Wagon",Improper Turn,Normal,No,No,Yes,No,No,Yes,No,No,No,No,No,No,19,Long Branch (19)
1094001,2009/02/13 05:00:00+00,1725,17,YONGE ST,HARLANDALE AVE W,Major Arterial,43.762345,-79.41119,Intersection,No Control,Clear,Daylight,Dry,Non-Fatal Injury,Driver,30 to 34,32,None,"Automobile, Station Wagon",Driving Properly,Normal,Yes,No,Yes,No,No,No,No,No,No,No,No,No,51,Willowdale East (51)
1126624,2009/08/16 04:00:00+00,2040,20,4660 KINGSTON Road,Unknown,Major Arterial,43.775445,-79.17509,Intersection,No Control,Clear,Dark,Dry,Non-Fatal Injury,Driver,unknown,unknown,None,"Automobile, Station Wagon",Failed to Yield Right of Way,Unknown,No,Yes,Yes,No,No,No,No,No,Yes,No,No,No,136,West Hill (136)
1124210,2009/08/17 04:00:00+00,745,7,YONGE ST,MILL ST,Major Arterial,43.740345,-79.40589,Intersection,Traffic Signal,Clear,Daylight,Dry,Non-Fatal Injury,Moped Driver,55 to 59,57,Major,Moped,Lost control,Normal,No,Yes,No,No,No,No,No,No,No,No,No,No,41,Bridle Path-Sunnybrook-York Mills (41)
1125153,2009/08/17 04:00:00+00,1350,13,YONGE ST,STEELES AVE E,Major Arterial,43.797945,-79.42009,Intersection,Traffic Signal,Clear,Daylight,Dry,Non-Fatal Injury,Vehicle Owner,unknown,unknown,Unknown,Other,Unknown,Unknown,Yes,No,Yes,No,No,No,No,No,Yes,No,No,No,50,Newtonbrook East (50)
1124992,2009/08/17 04:00:00+00,1826,18,SOUTH KINGSWAY,RIPLEY AVE,Minor Arterial,43.636745,-79.47529,Intersection,Stop Sign,Clear,Daylight,Dry,Non-Fatal Injury,Motorcycle Driver,50 to 54,52,Major,Motorcycle,Driving Properly,Normal,No,No,Yes,Yes,No,No,No,No,Yes,No,No,No,87,High Park-Swansea (87)
1125870,2009/08/19 04:00:00+00,29,2,QUEEN ST E,KINGSTON RD,Major Arterial,43.667245,-79.31259,Intersection,Traffic Signal,Clear,Dark,Dry,Non-Fatal Injury,Vehicle Owner,unknown,unknown,Unknown,Other,Unknown,Unknown,No,No,Yes,No,No,No,No,No,Yes,No,No,No,63,The Beaches (63)
1125917,2009/08/19 04:00:00+00,1057,10,3150 PHARMACY AVE,Unknown,Minor Arterial,43.798709,-79.32823499999998,Mid-Block,Pedestrian Crossover,Clear,Daylight,Dry,Non-Fatal Injury,Driver,45 to 49,47,None,"Automobile, Station Wagon",Failed to Yield Right of Way,Normal,Yes,No,Yes,No,No,No,No,No,Yes,No,No,No,117,L'Amoreaux (117)
1126056,2009/08/20 04:00:00+00,2034,20,VICTORIA PARK AVE,MCNICOLL AVE,Major Arterial,43.804045,-79.33629,Intersection,Traffic Signal,Rain,Dark,Wet,Non-Fatal Injury,Driver,45 to 49,47,None,"Automobile, Station Wagon",Failed to Yield Right of Way,Normal,No,No,Yes,No,No,No,No,No,Yes,No,No,No,116,Steeles (116)
1120870,2009/08/24 04:00:00+00,539,5,JANE ST,WILLIAM CRAGG DR,Major Arterial,43.722345,-79.50899,Intersection,No Control,Clear,Dark,Dry,Non-Fatal Injury,Vehicle Owner,unknown,unknown,Unknown,Other,Unknown,Unknown,Yes,No,Yes,No,No,No,No,No,No,No,No,No,26,Downsview-Roding-CFB (26)
1126613,2009/08/25 04:00:00+00,1806,18,LAWRENCE AVE E,WEST HILL DR,Minor Arterial,43.769845,-79.17989,Intersection,No Control,Clear,Daylight,Dry,Non-Fatal Injury,Motorcycle Driver,40 to 44,42,Major,Motorcycle,Following too Close,Normal,No,No,Yes,Yes,No,No,No,No,Yes,No,No,No,136,West Hill (136)
1127178,2009/08/26 04:00:00+00,715,7,ELLESMERE RD,BRIMLEY RD,Major Arterial,43.770045,-79.26129,Intersection,Traffic Signal,Rain,Daylight,Wet,Non-Fatal Injury,Driver,50 to 54,52,None,"Automobile, Station Wagon",Lost control,Unknown,No,No,Yes,No,No,No,No,No,No,No,No,No,127,Bendale (127)
1121624,2009/08/27 04:00:00+00,947,9,LAWRENCE AVE W,MARLEE AVE,Major Arterial,43.715644,-79.44649100000002,Intersection,Traffic Signal,Clear,Daylight,Dry,Fatal,Pedestrian,85 to 89,87,Fatal,Other,Unknown,Unknown,Yes,No,Yes,No,No,No,No,No,Yes,No,No,No,31,Yorkdale-Glen Park (31)
1127732,2009/08/29 04:00:00+00,1800,18,SHEPPARD AVE E,MEADOWVALE RD,Major Arterial,43.808345,-79.17079,Intersection,Traffic Signal,Clear,Daylight,Dry,Non-Fatal Injury,Motorcycle Driver,60 to 64,62,Major,Motorcycle,Disobeyed Traffic Control,Normal,No,No,Yes,Yes,No,No,No,No,Yes,Yes,No,No,131,Rouge (131)
1127797,2009/08/29 04:00:00+00,2111,21,OVERLEA Boul,THORNCLIFFE PARK Driv,Major Arterial,43.707645,-79.34289,Mid-Block,No Control,Clear,Dark,Dry,Non-Fatal Injury,Vehicle Owner,unknown,unknown,Unknown,Other,Unknown,Unknown,Yes,No,Yes,No,No,No,No,No,No,No,No,No,55,Thorncliffe Park (55)
1121922,2009/08/31 04:00:00+00,2150,21,BLOOR ST W,AVENUE RD,Major Arterial,43.66884500000001,-79.393192,Mid-Block,No Control,Clear,Dark,Dry,Fatal,Pedestrian,30 to 34,32,Fatal,Unknown,Unknown,Unknown,Yes,No,Yes,No,No,No,No,No,No,No,No,No,76,Bay Street Corridor (76)
1122151,2009/09/01 04:00:00+00,1024,10,MC CAUL St,ORDE St,Collector,43.658445,-79.39319,Mid-Block,No Control,Clear,Daylight,Dry,Non-Fatal Injury,Driver,40 to 44,42,None,"Automobile, Station Wagon",Driving Properly,Normal,No,Yes,Yes,No,No,No,No,No,No,No,No,No,78,Kensington-Chinatown (78)
1122417,2009/09/01 04:00:00+00,1203,12,SPADINA AVE,NASSAU ST,Major Arterial,43.655845,-79.39919,Intersection,Traffic Signal,Clear,Daylight,Dry,Fatal,Cyclist,65 to 69,67,Fatal,Bicycle,Unknown,Unknown,No,Yes,No,No,No,Yes,No,No,No,No,No,No,78,Kensington-Chinatown (78)
1128125,2009/09/01 04:00:00+00,1440,14,UNIVERSITY AVE,COLLEGE ST,Major Arterial,43.659845,-79.39049,Intersection,Traffic Signal,Clear,Daylight,Dry,Non-Fatal Injury,Driver,25 to 29,27,Minimal,"Automobile, Station Wagon",Driving Properly,Normal,No,Yes,Yes,No,No,No,No,No,No,No,No,No,76,Bay Street Corridor (76)
1128196,2009/09/01 04:00:00+00,2020,20,4777 YONGE ST,Unknown,Major Arterial,43.760345,-79.41069,Mid-Block,No Control,Clear,Dark,Dry,Non-Fatal Injury,Vehicle Owner,unknown,unknown,Unknown,Other,Unknown,Unknown,Yes,No,Yes,No,No,No,No,No,Yes,No,No,No,51,Willowdale East (51)
128407,2009/09/01 04:00:00+00,2140,21,PICKERING TOWN LINE,STEELES AVE E,Local,43.854145,-79.16969,Mid-Block,No Control,Clear,Dark,Dry,Non-Fatal Injury,Driver,15 to 19,17,Major,"Automobile, Station Wagon",Lost control,Inattentive,No,No,Yes,No,No,No,No,Yes,Yes,No,No,No,131,Rouge (131)
1122153,2009/09/01 04:00:00+00,2357,23,KIPLING AVE,EVANS AVE,Major Arterial,43.615845,-79.52459,Intersection,Traffic Signal,Clear,Dark,Dry,Non-Fatal Injury,Driver,20 to 24,22,Major,"Automobile, Station Wagon",Driving Properly,Normal,No,No,Yes,No,No,No,No,No,Yes,Yes,No,No,17,Mimico (includes Humber Bay Shores) (17)
1122431,2009/09/02 04:00:00+00,1715,17,BATHURST ST,BANNOCKBURN AVE,Major Arterial,43.731245,-79.43249,Intersection,No Control,Clear,Daylight,Dry,Non-Fatal Injury,Driver,35 to 39,37,None,"Automobile, Station Wagon",Driving Properly,Normal,Yes,No,Yes,No,No,No,No,No,No,No,No,No,39,Bedford Park-Nortown (39)
1128059,2009/09/02 04:00:00+00,2203,22,FINCH AVE W,JAYZEL DR,Major Arterial,43.751745,-79.54409,Mid-Block,No Control,Clear,Dark,Dry,Non-Fatal Injury,Driver,25 to 29,27,None,"Automobile, Station Wagon",Exceeding Speed Limit,"Ability Impaired, Alcohol Over .08",Yes,No,Yes,No,No,No,No,Yes,Yes,No,Yes,No,21,Humber Summit (21)
1128166,2009/09/04 04:00:00+00,1142,11,741 KENNEDY RD,Unknown,Major Arterial,43.731145,-79.26759,Intersection,No Control,Clear,Daylight,Dry,Non-Fatal Injury,Truck Driver,20 to 24,22,None,Truck - Open,Failed to Yield Right of Way,Inattentive,Yes,No,No,No,Yes,No,No,No,Yes,No,No,No,124,Kennedy Park (124)
1123169,2009/09/07 04:00:00+00,430,4,48 ISABELLA ST,Unknown,Collector,43.667945,-79.38349000000002,Mid-Block,No Control,Clear,Dark,Dry,Non-Fatal Injury,Driver,unknown,unknown,None,"Automobile, Station Wagon",Driving Properly,Unknown,Yes,No,Yes,No,No,No,No,No,No,No,No,No,75,Church-Yonge Corridor (75)
1128346,2009/09/08 04:00:00+00,1501,15,QUEEN ST E,MUNRO PARK AVE,Minor Arterial,43.673445,-79.283489,Intersection,No Control,Clear,Daylight,Dry,Non-Fatal Injury,Motorcycle Driver,45 to 49,47,Major,Motorcycle,Driving Properly,Normal,No,No,Yes,Yes,No,No,No,No,No,No,No,No,63,The Beaches (63)
1129305,2009/09/08 04:00:00+00,1941,19,KING ST W,BATHURST ST,Major Arterial,43.644045,-79.40199,Mid-Block,No Control,Clear,Dark,Dry,Non-Fatal Injury,Passenger,20 to 24,22,Minor,Other,Unknown,Unknown,No,No,Yes,Yes,No,No,No,No,Yes,No,No,No,77,Waterfront Communities-The Island (77)
1129211,2009/09/09 04:00:00+00,1400,14,GERRARD ST E,BERKELEY ST,Minor Arterial,43.662045,-79.36849000000002,Intersection,No Control,Clear,Daylight,Dry,Non-Fatal Injury,Motorcycle Driver,25 to 29,27,Major,Motorcycle,Driving Properly,Normal,No,No,Yes,Yes,No,No,No,No,No,No,No,No,73,Moss Park (73)
1123704,2009/09/09 04:00:00+00,1452,14,KINGSTON Rd,LEE Ave,Major Arterial,43.678145,-79.30119,Intersection,Pedestrian Crossover,Clear,Daylight,Dry,Non-Fatal Injury,Wheelchair,80 to 84,82,Major,Other,Unknown,Unknown,Yes,No,Yes,No,No,No,No,No,Yes,No,No,No,63,The Beaches (63)
1128823,2009/09/11 04:00:00+00,1132,11,CASTLEFIELD AVE,WOODBOROUGH AVE,Collector,43.696345,-79.46869000000002,Intersection,No Control,Clear,Daylight,Dry,Non-Fatal Injury,Driver,75 to 79,77,None,"Automobile, Station Wagon",Improper Turn,Inattentive,No,Yes,Yes,No,No,No,No,No,No,No,No,No,112,Beechborough-Greenbrook (112)
1124219,2009/09/11 04:00:00+00,1253,12,SHEPPARD Ave W,WELBECK Rd,Major Arterial,43.759545,-79.41979,Mid-Block,No Control,Clear,Daylight,Dry,Non-Fatal Injury,Driver,45 to 49,47,Major,"Automobile, Station Wagon",Lost control,Medical or Physical Disability,Yes,No,Yes,No,No,No,No,No,No,No,No,Yes,38,Lansing-Westgate (38)
1124221,2009/09/11 04:00:00+00,2009,20,VICTORIA PARK AVE,ARNCLIFFE CRES,Major Arterial,43.731845,-79.30559000000002,Intersection,Traffic Signal,Clear,Dark,Dry,Fatal,Pedestrian,15 to 19,17,Fatal,Other,Unknown,Unknown,Yes,No,Yes,No,No,No,No,No,No,No,No,No,119,Wexford/Maryvale (119)
1129523,2009/09/14 04:00:00+00,1413,14,150 GRAYDON HALL DR,Unknown,Collector,43.764945,-79.34349,Mid-Block,No Control,Clear,Daylight,Dry,Non-Fatal Injury,Motorcycle Driver,30 to 34,32,Major,Motorcycle,Exceeding Speed Limit,Had Been Drinking,No,No,Yes,Yes,No,No,No,Yes,Yes,No,No,No,45,Parkwoods-Donalda (45)
1124595,2009/09/14 04:00:00+00,2103,21,KINGSTON RD,CLIFFSIDE DR,Major Arterial,43.703945,-79.25279,Intersection,Traffic Signal,Clear,Dark,Dry,Non-Fatal Injury,Driver,30 to 34,32,Minor,"Automobile, Station Wagon",Driving Properly,Normal,No,Yes,Yes,No,No,No,No,No,No,No,No,No,122,Birchcliffe-Cliffside (122)
1114902,2009/07/18 04:00:00+00,1137,11,WOODBINE AVE,MORTIMER AVE,Major Arterial,43.692745,-79.31589,Intersection,Traffic Signal,Clear,Daylight,Dry,Fatal,Pedestrian,85 to 89,87,Fatal,Other,Unknown,Unknown,Yes,No,Yes,No,No,No,No,No,No,No,No,No,60,Woodbine-Lumsden (60)
1109820,2009/06/17 04:00:00+00,1708,17,KEELE ST,DUNDAS ST W,Major Arterial,43.664945,-79.46439000000002,Mid-Block,No Control,Rain,Daylight,Wet,Fatal,Pedestrian,85 to 89,87,Fatal,Other,Unknown,Unknown,Yes,No,No,No,Yes,No,No,No,No,No,No,No,90,Junction Area (90)
1121596,2009/07/18 04:00:00+00,1653,16,QUEEN ST E,SCARBORO BEACH BLVD,Minor Arterial,43.671345,-79.29349,Intersection,Stop Sign,Clear,Daylight,Dry,Non-Fatal Injury,Vehicle Owner,unknown,unknown,Unknown,Other,Unknown,Unknown,No,No,Yes,Yes,No,No,No,No,Yes,No,No,No,63,The Beaches (63)
1111004,2009/06/17 04:00:00+00,1915,19,ST CLAIR AVE W,TWEEDSMUIR AVE,Major Arterial,43.684145,-79.41339,Intersection,Traffic Signal,Rain,Dark,Wet,Non-Fatal Injury,Driver,unknown,unknown,None,"Automobile, Station Wagon",Other,Unknown,Yes,No,Yes,No,No,No,No,No,No,No,No,No,96,Casa Loma (96)
1094299,2009/03/13 04:00:00+00,914,9,GERRARD ST E,DE GRASSI ST,Minor Arterial,43.666346,-79.34849100000002,Intersection,Pedestrian Crossover,Other,Daylight,Other,Fatal,Pedestrian,85 to 89,87,Fatal,Other,Unknown,Unknown,Yes,No,No,No,No,Yes,No,No,Yes,No,No,No,70,South Riverdale (70)
1076123,2008/11/24 05:00:00+00,1754,17,RIVER ST,SHUTER ST,Minor Arterial,43.659545,-79.35749,Intersection,Traffic Signal,Rain,Dark,Wet,Non-Fatal Injury,Pedestrian,50 to 54,52,Major,Other,Unknown,Unknown,Yes,No,Yes,No,No,No,No,No,No,No,No,No,72,Regent Park (72)
1076080,2008/11/25 05:00:00+00,1814,18,324 EASTERN AVE,Unknown,Major Arterial,43.65664500000001,-79.34669,Intersection,No Control,Rain,Dark,Wet,Non-Fatal Injury,Driver,40 to 44,42,None,"Automobile, Station Wagon",Failed to Yield Right of Way,Normal,No,Yes,Yes,No,No,No,No,No,Yes,No,No,No,70,South Riverdale (70)
1072541,2008/11/26 05:00:00+00,1714,17,WARDEN AVE,FINCH AVE E,Major Arterial,43.794845,-79.31499000000002,Mid-Block,No Control,Rain,Dark,Wet,Fatal,Pedestrian,55 to 59,57,Fatal,Other,Unknown,Unknown,Yes,No,Yes,No,No,No,No,No,No,No,No,No,117,L'Amoreaux (117)
1072542,2008/11/26 05:00:00+00,1919,19,KIPLING AVE,JOHN GARLAND BLVD,Major Arterial,43.738845,-79.57999000000002,Mid-Block,No Control,Rain,Dark,Wet,Non-Fatal Injury,Driver,20 to 24,22,None,"Automobile, Station Wagon",Driving Properly,Inattentive,Yes,No,Yes,No,No,No,No,No,No,No,No,No,3,Thistletown-Beaumond Heights (3)
1076502,2008/11/27 05:00:00+00,946,9,MIDLAND AVE,HAVENDALE RD,Major Arterial,43.793245,-79.28189,Intersection,Traffic Signal,Clear,Daylight,Dry,Non-Fatal Injury,Driver,90 to 94,92,None,"Automobile, Station Wagon",Failed to Yield Right of Way,Inattentive,Yes,No,Yes,No,No,No,No,No,Yes,No,No,No,128,Agincourt South-Malvern West (128)
1083356,2008/11/28 05:00:00+00,950,9,MCCOWAN RD,TOWN CENTRE CRT,Major Arterial,43.774545,-79.25219,Intersection,Traffic Signal,Clear,Daylight,Wet,Non-Fatal Injury,Driver,70 to 74,72,None,"Automobile, Station Wagon",Disobeyed Traffic Control,Normal,No,No,Yes,No,No,No,No,No,Yes,Yes,No,No,137,Woburn (137)
1072743,2008/11/28 05:00:00+00,1854,18,BLOOR ST E,PARLIAMENT ST,Major Arterial,43.672045,-79.37069,Intersection,Yield Sign,Rain,Dark,Wet,Non-Fatal Injury,Driver,60 to 64,62,None,"Automobile, Station Wagon",Failed to Yield Right of Way,"Ability Impaired, Alcohol",Yes,No,Yes,No,No,No,No,No,Yes,No,Yes,No,71,Cabbagetown-South St.James Town (71)
1075887,2008/11/30 05:00:00+00,1930,19,BARKWIN DR,ISLINGTON AVE,Major Arterial,43.738145,-79.56569,Intersection,Stop Sign,Clear,Dark,Dry,Non-Fatal Injury,Driver,unknown,unknown,None,"Automobile, Station Wagon",Driving Properly,Unknown,No,Yes,Yes,No,No,No,No,No,No,No,No,No,3,Thistletown-Beaumond Heights (3)
1078711,2008/12/01 05:00:00+00,1330,13,BATHURST Stre,ULSTER Stre,Major Arterial,43.659745,-79.40909,Intersection,Traffic Signal,Freezing Rain,Daylight,Wet,Non-Fatal Injury,Motorcycle Driver,35 to 39,37,Major,Motorcycle,Improper Lane Change,Inattentive,No,No,Yes,Yes,No,No,No,No,No,No,No,No,79,University (79)
1073546,2008/12/02 05:00:00+00,1222,12,STEELES AVE W,PETROLIA RD,Major Arterial,43.782545,-79.49009000000002,Intersection,Traffic Signal,Clear,Daylight,Dry,Non-Fatal Injury,Pedestrian,40 to 44,42,Major,Other,Unknown,Unknown,Yes,No,Yes,No,No,No,No,No,Yes,No,No,No,27,York University Heights (27)
1079532,2008/12/03 05:00:00+00,1134,11,EGLINTON AVE E,ST DENNIS EGLINTON E RAMP,Major Arterial,43.724945,-79.32319,Mid-Block,No Control,Clear,Daylight,Dry,Non-Fatal Injury,Vehicle Owner,unknown,unknown,Unknown,Other,Unknown,Unknown,Yes,No,No,No,Yes,No,No,No,No,No,No,No,44,Flemingdon Park (44)
1079815,2008/12/03 05:00:00+00,1905,19,40 CLUNY DR,CRESCENT Road,Local,43.676945,-79.38629,Mid-Block,No Control,Clear,Dark,Dry,Non-Fatal Injury,Vehicle Owner,unknown,unknown,Unknown,Other,Unknown,Unknown,Yes,No,Yes,No,No,No,No,No,No,No,No,No,98,Rosedale-Moore Park (98)
1074035,2008/12/04 05:00:00+00,701,7,HIGHWAY 27  S,ALBION RD,Major Arterial,43.749345,-79.61029,Mid-Block,No Control,Clear,Dark,Wet,Non-Fatal Injury,Vehicle Owner,unknown,unknown,Unknown,Other,Unknown,Unknown,Yes,No,No,No,Yes,No,No,No,No,No,No,No,1,West Humber-Clairville (1)