ACCNUM,DATE,TIME,HOUR,STREET1,STREET2,ROAD_CLASS,LATITUDE,LONGITUDE,LOCCOORD,TRAFFCTL,VISIBILITY,LIGHT,RDSFCOND,ACCLASS,INVTYPE,INVAGE,Age_mid,INJURY,VEHTYPE,DRIVACT,DRIVCOND,PEDESTRIAN,CYCLIST,AUTOMOBILE,MOTORCYCLE,TRUCK,TRSN_CITY_VEH,EMERG_VEH,SPEEDING,AG_DRIV,REDLIGHT,ALCOHOL,DISABILITY,Hood_ID,Neighbourhood
1200931,2010/11/11 05:00:00+00,934,9,F G GARDINER Expr W,DON VALLEY PARKWAY  N,Unknown,43.650745,-79.34899,Mid-Block,No Control,Clear,Daylight,Dry,Non-Fatal Injury,Motorcycle Driver,25 to 29,27,Major,Motorcycle,Lost control,Normal,No,No,No,Yes,No,No,No,Yes,Yes,No,No,No,77,Waterfront Communities-The Island (77)
1207710,2010/11/11 05:00:00+00,1225,12,KINGSTON RD,MARKHAM RD,Major Arterial,43.738745,-79.21699,Intersection,Traffic Signal,Clear,Daylight,Dry,Non-Fatal Injury,Motorcycle Driver,45 to 49,47,Major,Motorcycle,Driving Properly,Normal,No,No,Yes,Yes,No,No,No,No,No,No,No,No,139,Scarborough Village (139)
1207741,2010/11/12 05:00:00+00,1820,18,322 THE WESTWAY,Unknown,Minor Arterial,43.685345,-79.55769000000002,Mid-Block,No Control,Clear,Dark,Dry,Non-Fatal Injury,Vehicle Owner,unknown,unknown,Unknown,Other,Unknown,Unknown,Yes,No,Yes,No,No,No,No,No,No,No,No,No,7,Willowridge-Martingrove-Richview (7)
1205839,2010/11/13 05:00:00+00,1430,14,LAKE SHORE Boul W,ONTARIO Driv,Major Arterial,43.630445,-79.41979,Intersection,Traffic Signal,Clear,Daylight,Dry,Non-Fatal Injury,Motorcycle Driver,25 to 29,27,Major,Motorcycle,Driving Properly,Normal,No,No,Yes,Yes,No,No,No,No,No,No,No,No,82,Niagara (82)
1203754,2010/11/14 05:00:00+00,330,3,SPADINA Rd,BLOOR St W,Major Arterial,43.666645,-79.40389,Intersection,Traffic Signal,Clear,Dark,Dry,Non-Fatal Injury,Driver,unknown,unknown,None,"Automobile, Station Wagon",Failed to Yield Right of Way,Unknown,Yes,No,Yes,No,No,No,No,No,Yes,No,No,No,95,Annex (95)
1207328,2010/11/14 05:00:00+00,1850,18,JANE ST,EGLINTON AVE W,Major Arterial,43.684445,-79.49879,Intersection,Traffic Signal,Clear,Dark,Dry,Non-Fatal Injury,Driver,35 to 39,37,None,"Automobile, Station Wagon",Driving Properly,Normal,Yes,No,Yes,No,No,No,No,No,No,No,No,No,115,Mount Dennis (115)
1206111,2010/11/18 05:00:00+00,2041,20,PARLIAMENT St,FRONT St E,Minor Arterial,43.651545,-79.36269,Intersection,Traffic Signal,Clear,Dark,Dry,Non-Fatal Injury,Driver,75 to 79,77,Minor,"Automobile, Station Wagon",Disobeyed Traffic Control,Unknown,No,No,Yes,No,No,No,No,No,Yes,Yes,No,No,77,Waterfront Communities-The Island (77)
1202989,2010/11/19 05:00:00+00,744,7,LOWER SPADINA AVE,LAKE SHORE BLVD W,Major Arterial,43.638445,-79.39219,Intersection,Traffic Signal,Clear,Daylight,Dry,Fatal,Cyclist,60 to 64,62,Fatal,Bicycle,Unknown,Unknown,No,Yes,No,No,No,Yes,No,No,No,No,No,No,77,Waterfront Communities-The Island (77)
1203855,2010/11/22 05:00:00+00,1542,15,THORNCLIFFE PARK DR,OVERLEA BLVD,Major Arterial,43.705045,-79.34989,Intersection,Traffic Signal,Rain,Daylight,Wet,Non-Fatal Injury,Driver,25 to 29,27,None,"Automobile, Station Wagon",Failed to Yield Right of Way,Normal,Yes,No,Yes,No,No,No,No,No,Yes,No,No,No,55,Thorncliffe Park (55)
1203435,2010/11/22 05:00:00+00,1818,18,GLENCAIRN AVE,AVENUE RD,Major Arterial,43.715945,-79.41229,Intersection,Stop Sign,Rain,Dark,Wet,Non-Fatal Injury,Driver,45 to 49,47,None,"Automobile, Station Wagon",Driving Properly,Normal,Yes,No,Yes,No,No,No,No,No,No,No,No,No,103,Lawrence Park South (103)
1204112,2010/11/25 05:00:00+00,1051,10,KENNEDY RD,TROJAN GT,Major Arterial,43.803845,-79.29819,Intersection,Traffic Signal,Clear,Daylight,Dry,Non-Fatal Injury,Vehicle Owner,unknown,unknown,Unknown,Other,Unknown,Unknown,No,No,Yes,No,No,Yes,No,No,Yes,No,No,No,130,Milliken (130)
1204296,2010/11/26 05:00:00+00,1719,17,HUMEWOOD GDNS,RUSHTON RD,Local,43.682945,-79.42839000000002,Intersection,Stop Sign,Clear,Dark,Dry,Fatal,Pedestrian,75 to 79,77,Fatal,Other,Unknown,Unknown,Yes,No,Yes,No,No,No,No,No,Yes,No,No,No,106,Humewood-Cedarvale (106)
1204298,2010/11/26 05:00:00+00,2026,20,EGLINTON AVE E,SUTHERLAND DR,Major Arterial,43.713045,-79.36719000000002,Intersection,Traffic Signal,Clear,Dark,Dry,Non-Fatal Injury,Driver,25 to 29,27,None,"Automobile, Station Wagon",Driving Properly,Normal,Yes,No,Yes,No,No,No,No,No,No,No,No,No,56,Leaside-Bennington (56)
1204643,2010/11/28 05:00:00+00,235,2,DUNDAS ST W,YONGE ST,Major Arterial,43.656245,-79.38139,Mid-Block,No Control,Clear,"Dark, artificial",Dry,Non-Fatal Injury,Driver,unknown,unknown,None,Taxi,Failed to Yield Right of Way,Unknown,Yes,No,Yes,No,No,No,No,No,Yes,No,No,No,76,Bay Street Corridor (76)
1204378,2010/11/28 05:00:00+00,545,5,BLOOR RAMP,CASTLE FRANK RD,Unknown,43.676545,-79.36809000000002,Mid-Block,No Control,Clear,Dark,Dry,Non-Fatal Injury,Passenger,0 to 4,2,Major,Other,Unknown,Unknown,No,No,Yes,No,No,No,No,No,No,No,Yes,No,98,Rosedale-Moore Park (98)
1204379,2010/11/28 05:00:00+00,1217,12,HARBOUR ST,BAY ST,Major Arterial,43.642045,-79.37749000000002,Intersection,Traffic Signal,Clear,Daylight,Dry,Non-Fatal Injury,Driver,60 to 64,62,None,"Automobile, Station Wagon",Driving Properly,Normal,Yes,No,Yes,No,No,No,No,No,No,No,No,No,77,Waterfront Communities-The Island (77)
1204639,2010/11/29 05:00:00+00,1620,16,LAKE SHORE BLVD W,PARKSIDE DR,Major Arterial,43.638251,-79.453464,Intersection,Traffic Signal,Clear,Daylight,Dry,Non-Fatal Injury,Driver,45 to 49,47,None,"Automobile, Station Wagon",Driving Properly,Normal,No,Yes,Yes,No,No,No,No,No,No,No,No,No,85,South Parkdale (85)
1204889,2010/11/30 05:00:00+00,1812,18,LAWRENCE AVE E,ELINOR AVE,Major Arterial,43.744045,-79.30059,Intersection,Traffic Signal,Rain,Dark,Wet,Non-Fatal Injury,Driver,20 to 24,22,None,"Automobile, Station Wagon",Driving Properly,Normal,Yes,No,Yes,No,No,No,No,No,No,No,No,No,119,Wexford/Maryvale (119)
1208298,2010/12/01 05:00:00+00,620,6,FINCH AVE W,ALBION RD,Major Arterial,43.743144,-79.58709300000002,Intersection,Traffic Signal,Rain,"Dark, artificial",Wet,Non-Fatal Injury,Driver,30 to 34,32,None,"Automobile, Station Wagon",Driving Properly,Normal,Yes,No,Yes,No,No,No,No,No,No,No,No,No,2,Mount Olive-Silverstone-Jamestown (2)
1210705,2010/12/04 05:00:00+00,1430,14,CARRIER Driv,WOODBINE DOWNS Boul,Collector,43.738645,-79.60759,Intersection,Stop Sign,Clear,Daylight,Dry,Non-Fatal Injury,Driver,40 to 44,42,None,"Automobile, Station Wagon",Disobeyed Traffic Control,Inattentive,No,No,Yes,No,No,No,No,No,Yes,No,No,No,1,West Humber-Clairville (1)
1205835,2010/12/05 05:00:00+00,421,4,422 BRIMORTON DR,Unknown,Collector,43.769045,-79.23759,Mid-Block,No Control,Clear,Dark,Dry,Fatal,Driver,25 to 29,27,Fatal,"Automobile, Station Wagon",Lost control,Had Been Drinking,No,No,Yes,No,No,No,No,No,No,No,No,No,137,Woburn (137)
1211648,2010/12/06 05:00:00+00,845,8,JANE ST,JOHN ST,Major Arterial,43.706645,-79.50479,Intersection,Traffic Signal,Snow,Daylight,Wet,Non-Fatal Injury,Driver,45 to 49,47,None,"Automobile, Station Wagon",Driving Properly,Normal,No,No,Yes,No,No,No,No,No,No,No,No,No,28,Rustic (28)
1205981,2010/12/06 05:00:00+00,1445,14,ANNETTE ST,RUNNYMEDE RD,Minor Arterial,43.660045,-79.47999,Intersection,Traffic Signal,Clear,Daylight,Loose Snow,Non-Fatal Injury,Driver,35 to 39,37,None,"Automobile, Station Wagon",Failed to Yield Right of Way,Inattentive,Yes,No,Yes,No,No,No,No,No,Yes,No,No,No,88,High Park North (88)
1205980,2010/12/06 05:00:00+00,1855,18,THE QUEENSWAY,COLBORNE LODGE DR,Major Arterial,43.639645,-79.45669000000002,Mid-Block,No Control,Snow,Dark,Dry,Non-Fatal Injury,Driver,35 to 39,37,None,"Automobile, Station Wagon",Driving Properly,Unknown,Yes,No,Yes,No,No,No,No,No,No,No,No,No,87,High Park-Swansea (87)
1212390,2010/12/08 05:00:00+00,821,8,4472 STEELES AVE E,Unknown,Major Arterial,43.821845,-79.31499000000002,Mid-Block,No Control,Clear,Daylight,Dry,Non-Fatal Injury,Vehicle Owner,unknown,unknown,Unknown,Other,Unknown,Unknown,Yes,No,Yes,No,No,No,No,No,No,No,No,No,116,Steeles (116)
1212205,2010/12/08 05:00:00+00,1512,15,BIRCHMOUNT RD,WINTERMUTE BLVD,Major Arterial,43.816245,-79.31449,Intersection,Traffic Signal,Clear,Daylight,Dry,Non-Fatal Injury,Driver,60 to 64,62,None,"Automobile, Station Wagon",Failed to Yield Right of Way,Normal,Yes,No,Yes,No,No,No,No,No,Yes,No,No,No,116,Steeles (116)
1206537,2010/12/08 05:00:00+00,2055,20,SHEPPARD Aven W,JANE Stre,Major Arterial,43.739445,-79.51179,Mid-Block,No Control,Clear,Dark,Dry,Non-Fatal Injury,Driver,40 to 44,42,Major,"Automobile, Station Wagon",Lost control,Medical or Physical Disability,No,No,Yes,No,No,No,No,No,No,No,No,Yes,25,Glenfield-Jane Heights (25)
1206538,2010/12/08 05:00:00+00,2055,20,SHEPPARD Aven W,JANE Stre,Major Arterial,43.739345,-79.51319000000002,Intersection,Traffic Signal,Clear,Dark,Dry,Non-Fatal Injury,Driver,40 to 44,42,Major,"Automobile, Station Wagon",Lost control,Medical or Physical Disability,No,No,Yes,No,No,No,No,No,No,No,No,Yes,25,Glenfield-Jane Heights (25)
1212585,2010/12/09 05:00:00+00,631,6,RIVALDA RD,SHEPPARD AVE W,Major Arterial,43.734645,-79.53389,Intersection,Traffic Signal,Clear,Dark,Dry,Non-Fatal Injury,Driver,55 to 59,57,None,"Automobile, Station Wagon",Failed to Yield Right of Way,Normal,Yes,No,Yes,No,No,No,No,No,Yes,No,No,No,23,Pelmo Park-Humberlea (23)
1213166,2010/12/10 05:00:00+00,1700,17,911 BRIMORTON Dr,Unknown,Collector,43.771045,-79.21269000000002,Mid-Block,No Control,Snow,Dark,Slush,Non-Fatal Injury,Driver,30 to 34,32,Major,"Automobile, Station Wagon",Lost control,Unknown,No,No,Yes,No,No,No,No,Yes,Yes,No,No,No,137,Woburn (137)
1213789,2010/12/11 05:00:00+00,937,9,349 HULLMAR DR,Unknown,Collector,43.773345,-79.52539,Intersection,No Control,Snow,Daylight,Other,Non-Fatal Injury,Driver,35 to 39,37,None,"Automobile, Station Wagon",Other,Normal,Yes,No,Yes,No,No,No,No,No,No,No,No,No,24,Black Creek (24)
1206992,2010/12/11 05:00:00+00,1935,19,ST CLAIR AVE E,DANFORTH RD,Major Arterial,43.716845,-79.25989,Intersection,Traffic Signal,Clear,Dark,Dry,Fatal,Pedestrian,65 to 69,67,Fatal,Other,Unknown,Unknown,Yes,No,No,No,No,Yes,No,No,No,No,No,No,124,Kennedy Park (124)
1213957,2010/12/13 05:00:00+00,1725,17,LAKE SHORE BLVD W,HILLSIDE AVE,Major Arterial,43.611145,-79.48999,Intersection,Traffic Signal,Clear,Dark,Dry,Non-Fatal Injury,Driver,65 to 69,67,Major,"Automobile, Station Wagon",Driving Properly,Unknown,Yes,No,Yes,No,No,No,No,No,No,No,No,No,17,Mimico (includes Humber Bay Shores) (17)
1207370,2010/12/14 05:00:00+00,216,2,KINGSTON RD,ST QUENTIN AVE,Major Arterial,43.71914500000001,-79.23929,Mid-Block,No Control,Snow,Dark,Packed Snow,Fatal,Driver,20 to 24,22,Fatal,"Automobile, Station Wagon",Lost control,Unknown,No,No,Yes,No,No,No,No,No,No,No,No,No,123,Cliffcrest (123)
1207896,2010/12/15 05:00:00+00,1318,13,DUNDAS ST W,CHELSEA AVE,Minor Arterial,43.658845,-79.45319,Mid-Block,No Control,Clear,Daylight,Wet,Non-Fatal Injury,Driver,75 to 79,77,None,"Automobile, Station Wagon",Driving Properly,Normal,Yes,No,Yes,No,No,No,No,No,No,No,No,No,88,High Park North (88)
1182503,2010/06/27 04:00:00+00,2050,20,BATHURST ST,WILD GINGERWAY Aven,Major Arterial,43.764945,-79.44079,Mid-Block,No Control,Rain,Dark,Wet,Non-Fatal Injury,Vehicle Owner,unknown,unknown,Unknown,Other,Unknown,Unknown,No,No,Yes,No,No,No,No,No,Yes,No,Yes,No,37,Willowdale West (37)
1175328,2010/06/28 04:00:00+00,256,2,HIGHWAY 401 X Ramp W,MARTIN GROVE RD,Unknown,43.690045,-79.57059,Mid-Block,No Control,Clear,Dark,Dry,Non-Fatal Injury,Vehicle Owner,unknown,unknown,Unknown,Other,Unknown,Unknown,Yes,No,Yes,No,No,No,No,No,No,No,No,No,7,Willowridge-Martingrove-Richview (7)
1182499,2010/06/28 04:00:00+00,2140,21,LANSDOWNE Ave,PATON Rd,Minor Arterial,43.660645,-79.44359,Intersection,Traffic Signal,Clear,Dark,Dry,Non-Fatal Injury,Other,unknown,unknown,None,Other,Unknown,Unknown,No,No,No,Yes,No,No,No,No,No,No,No,No,93,Dovercourt-Wallace Emerson-Junction (93)
1182546,2010/06/29 04:00:00+00,830,8,EGLINTON AVE W,SATELLITE DR,Major Arterial,43.651545,-79.60309000000002,Intersection,Traffic Signal,Clear,Daylight,Dry,Non-Fatal Injury,Driver,30 to 34,32,None,"Automobile, Station Wagon",Failed to Yield Right of Way,Normal,Yes,No,Yes,No,No,No,No,No,Yes,No,No,No,11,Eringate-Centennial-West Deane (11)
1176276,2010/06/30 04:00:00+00,1430,14,QUEEN ST E,BERTMOUNT AVE,Minor Arterial,43.662245,-79.33489,Intersection,No Control,Clear,Daylight,Dry,Non-Fatal Injury,Truck Driver,unknown,unknown,None,Truck - Open,Driving Properly,Unknown,Yes,No,No,No,Yes,No,No,No,No,No,No,No,70,South Riverdale (70)
1182961,2010/07/02 04:00:00+00,2128,21,SEDGEMOUNT Dr,ROCHMAN Blvd,Local,43.760545,-79.23319000000002,Intersection,No Control,Clear,Dark,Dry,Non-Fatal Injury,Other,unknown,unknown,None,Other,Unknown,Unknown,No,No,Yes,No,No,No,No,No,Yes,No,No,No,137,Woburn (137)
1176798,2010/07/03 04:00:00+00,2100,21,KIPLING AVE,THE QUEENSWAY,Major Arterial,43.620945,-79.52669,Intersection,Traffic Signal,Clear,Dark,Dry,Non-Fatal Injury,Vehicle Owner,unknown,unknown,Unknown,Other,Unknown,Unknown,No,No,Yes,No,No,No,No,No,No,No,No,No,14,Islington-City Centre West (14)
1183452,2010/07/05 04:00:00+00,602,6,JANE St,BEXLEY Cres,Major Arterial,43.680545,-79.49759,Intersection,No Control,Clear,Daylight,Dry,Non-Fatal Injury,Driver,45 to 49,47,Minor,"Automobile, Station Wagon",Driving Properly,Normal,No,No,Yes,No,No,No,No,No,No,No,No,No,111,Rockcliffe-Smythe (111)
1183570,2010/07/05 04:00:00+00,1019,10,COSBURN Ave,WOODBINE Ave,Major Arterial,43.696445,-79.31739,Intersection,Traffic Signal,Clear,Daylight,Dry,Non-Fatal Injury,Driver,45 to 49,47,None,"Automobile, Station Wagon",Driving Properly,Normal,No,Yes,Yes,No,No,No,No,No,No,No,No,No,60,Woodbine-Lumsden (60)
1183691,2010/07/06 04:00:00+00,1130,11,KENNEDY Rd,PROGRESS Ave,Major Arterial,43.76944500000001,-79.28229,Intersection,Traffic Signal,Clear,Daylight,Dry,Non-Fatal Injury,Driver,30 to 34,32,None,"Automobile, Station Wagon",Failed to Yield Right of Way,Inattentive,Yes,No,Yes,No,No,No,No,No,Yes,No,No,No,126,Dorset Park (126)
1183681,2010/07/06 04:00:00+00,1420,14,DUNDAS St E,CHURCH St,Major Arterial,43.656445,-79.37709,Intersection,Traffic Signal,Clear,Daylight,Dry,Non-Fatal Injury,Driver,50 to 54,52,None,"Automobile, Station Wagon",Improper Turn,Normal,No,Yes,Yes,No,No,No,No,No,No,No,No,No,75,Church-Yonge Corridor (75)
1179068,2010/07/06 04:00:00+00,1530,15,EGLINTON Aven E,RAWLINSON Aven,Major Arterial,43.708845,-79.38789,Intersection,Stop Sign,Clear,Daylight,Dry,Non-Fatal Injury,Driver,unknown,unknown,None,"Automobile, Station Wagon",Failed to Yield Right of Way,Normal,No,Yes,Yes,No,No,No,No,No,Yes,No,No,No,99,Mount Pleasant East (99)
1176359,2010/07/07 04:00:00+00,1723,17,471 ASHDALE AVE,Unknown,Local,43.676645,-79.32369,Mid-Block,No Control,Clear,Daylight,Dry,Non-Fatal Injury,Driver,55 to 59,57,None,"Automobile, Station Wagon",Other,Other,Yes,No,Yes,No,No,No,No,No,No,No,No,No,65,Greenwood-Coxwell (65)
1176361,2010/07/07 04:00:00+00,2359,23,BICKNELL Ave,NASHVILLE Ave,Collector,43.683245,-79.47429,Intersection,No Control,Clear,Dark,Dry,Non-Fatal Injury,Vehicle Owner,unknown,unknown,Unknown,Other,Unknown,Unknown,No,Yes,Yes,No,No,No,No,No,No,No,No,No,110,Keelesdale-Eglinton West (110)
1187759,2010/07/08 04:00:00+00,1429,14,1048 BLOOR ST W,Unknown,Major Arterial,43.660545,-79.43229000000002,Intersection,No Control,Clear,Daylight,Dry,Non-Fatal Injury,Driver,20 to 24,22,None,"Automobile, Station Wagon",Driving Properly,Normal,Yes,No,Yes,No,No,No,No,No,No,No,No,No,93,Dovercourt-Wallace Emerson-Junction (93)
1176502,2010/07/08 04:00:00+00,1725,17,EGLINTON AVE E,BIMBROK RD,Major Arterial,43.735945,-79.25139200000002,Mid-Block,No Control,Clear,Daylight,Dry,Non-Fatal Injury,Vehicle Owner,unknown,unknown,Unknown,Other,Unknown,Unknown,Yes,No,No,No,No,Yes,No,No,No,No,No,No,124,Kennedy Park (124)
1184000,2010/07/09 04:00:00+00,627,6,ALBION Rd,WESTON Rd,Major Arterial,43.718645,-79.54119,Mid-Block,No Control,Rain,Daylight,Wet,Non-Fatal Injury,Vehicle Owner,unknown,unknown,Unknown,Other,Unknown,Unknown,No,No,Yes,No,No,No,No,Yes,Yes,No,Yes,No,23,Pelmo Park-Humberlea (23)
1183977,2010/07/09 04:00:00+00,1545,15,KINGSTON Road,GLEN MANOR Driv,Major Arterial,43.679745,-79.29449,Intersection,Stop Sign,Clear,Daylight,Dry,Non-Fatal Injury,Passenger,45 to 49,47,Minor,Other,Unknown,Unknown,No,No,Yes,No,No,No,No,No,No,No,No,No,62,East End-Danforth (62)
1183429,2010/07/09 04:00:00+00,1920,19,PORT UNION RD,KINGSTON RD,Major Arterial,43.798911,-79.14622,Intersection,Traffic Signal,Clear,Daylight,Dry,Non-Fatal Injury,Driver,15 to 19,17,None,"Automobile, Station Wagon",Failed to Yield Right of Way,Inattentive,No,No,Yes,No,No,No,No,No,Yes,No,No,No,131,Rouge (131)
1184180,2010/07/09 04:00:00+00,2115,21,CARLAW Ave,COLGATE Ave,Minor Arterial,43.662745,-79.340793,Mid-Block,No Control,Clear,Dark,Dry,Non-Fatal Injury,Passenger,45 to 49,47,Minor,Unknown,Unknown,Unknown,No,Yes,Yes,No,No,No,No,No,No,No,No,No,70,South Riverdale (70)
1184071,2010/07/10 04:00:00+00,341,3,BURNHAMTHORPE RD,BURNHAMTHORPE CRES,Major Arterial,43.649445,-79.53119000000002,Intersection,No Control,Clear,Dark,Dry,Non-Fatal Injury,Passenger,20 to 24,22,Major,Other,Unknown,Unknown,No,No,Yes,No,No,No,No,No,No,No,Yes,No,14,Islington-City Centre West (14)
1184066,2010/07/10 04:00:00+00,1910,19,DUFFERIN St,EVERSFIELD Rd,Major Arterial,43.686845,-79.44669,Mid-Block,No Control,Clear,Daylight,Dry,Non-Fatal Injury,Vehicle Owner,unknown,unknown,Unknown,Other,Unknown,Unknown,Yes,No,No,No,No,Yes,No,No,No,No,No,No,107,Oakwood Village (107)
1184036,2010/07/11 04:00:00+00,1936,19,MEADOWVALE Rd,SHEPPARD Ave E,Major Arterial,43.808345,-79.17079,Intersection,Traffic Signal,Clear,Daylight,Dry,Non-Fatal Injury,Driver,50 to 54,52,None,"Automobile, Station Wagon",Failed to Yield Right of Way,Inattentive,Yes,No,Yes,No,No,No,No,No,Yes,No,No,No,131,Rouge (131)
1184369,2010/07/12 04:00:00+00,105,1,ELLESMERE Road,MCCOWAN Road,Major Arterial,43.772045,-79.25149,Intersection,Traffic Signal,Clear,Dark,Dry,Non-Fatal Injury,Driver,20 to 24,22,Major,"Automobile, Station Wagon",Exceeding Speed Limit,Had Been Drinking,No,No,Yes,No,No,No,No,Yes,Yes,No,No,No,137,Woburn (137)
1184354,2010/07/12 04:00:00+00,1800,18,93 BRIMWOOD Boul,Unknown,Collector,43.812945,-79.27509,Mid-Block,No Control,Clear,Daylight,Dry,Non-Fatal Injury,Passenger,55 to 59,57,Major,Other,Unknown,Unknown,No,No,Yes,No,No,No,No,No,No,No,No,No,129,Agincourt North (129)
1200876,2010/07/13 04:00:00+00,1030,10,COMMISSIONERS Stre,SAULTER Stre S,Collector,43.649345,-79.34319,Mid-Block,No Control,Clear,Daylight,Dry,Non-Fatal Injury,Vehicle Owner,unknown,unknown,Unknown,Other,Unknown,Unknown,No,No,No,No,Yes,No,No,No,No,No,No,No,70,South Riverdale (70)
1184650,2010/07/13 04:00:00+00,1835,18,EGLINTON Ave E,LAIRD Dr,Major Arterial,43.713545,-79.36479,Intersection,Traffic Signal,Clear,Daylight,Dry,Non-Fatal Injury,Driver,30 to 34,32,Minor,"Automobile, Station Wagon",Driving Properly,Normal,No,No,Yes,No,No,No,No,No,No,No,No,No,55,Thorncliffe Park (55)
1176916,2010/07/13 04:00:00+00,2035,20,KIPLING AVE,BELFIELD RD,Major Arterial,43.704845,-79.56349,Intersection,Traffic Signal,Clear,Dark,Dry,Fatal,Driver,65 to 69,67,Fatal,"Automobile, Station Wagon",Disobeyed Traffic Control,Unknown,No,No,Yes,No,Yes,No,No,No,Yes,Yes,No,No,1,West Humber-Clairville (1)
1177384,2010/07/15 04:00:00+00,2018,20,CALEDONIA PARK RD,DAVENPORT RD,Minor Arterial,43.671045,-79.45109000000002,Intersection,Traffic Controller,Clear,Dusk,Dry,Non-Fatal Injury,Cyclist,40 to 44,42,Major,Bicycle,Unknown,Unknown,No,Yes,No,No,No,No,No,No,No,No,No,No,93,Dovercourt-Wallace Emerson-Junction (93)
1180034,2010/07/16 04:00:00+00,1011,10,SPADINA AVE,ST ANDREW ST,Major Arterial,43.654345,-79.398593,Intersection,Traffic Signal,Clear,Daylight,Dry,Non-Fatal Injury,Pedestrian,50 to 54,52,Major,Other,Unknown,Unknown,Yes,No,No,No,No,Yes,No,No,No,No,No,No,78,Kensington-Chinatown (78)
1177531,2010/07/16 04:00:00+00,1647,16,JANE ST,DUNDAS ST W,Major Arterial,43.665745,-79.49119,Intersection,Traffic Signal,Clear,Daylight,Dry,Fatal,Passenger,85 to 89,87,Fatal,Other,Unknown,Unknown,No,No,Yes,No,No,Yes,No,No,Yes,No,No,No,89,Runnymede-Bloor West Village (89)
1253623,2011/09/12 04:00:00+00,1316,13,STEELES AVE W,STEINWAY BLVD,Major Arterial,43.753945,-79.62099,Mid-Block,No Control,Clear,Daylight,Dry,Fatal,Driver,20 to 24,22,Fatal,"Automobile, Station Wagon",Exceeding Speed Limit,Unknown,No,No,Yes,No,No,No,No,Yes,Yes,No,No,No,1,West Humber-Clairville (1)
1279672,2012/02/08 05:00:00+00,1307,13,CARLAW Aven,GERRARD Stre E,Minor Arterial,43.667545,-79.34279000000002,Intersection,Traffic Signal,Clear,Daylight,Dry,Non-Fatal Injury,Passenger,65 to 69,67,Major,Other,Unknown,Unknown,No,No,Yes,No,No,No,No,No,Yes,No,No,No,70,South Riverdale (70)
1253770,2011/09/13 04:00:00+00,1355,13,LUMSDEN AVE,OAK PARK AVE,Minor Arterial,43.693915,-79.310367,Intersection,Stop Sign,Clear,Daylight,Dry,Non-Fatal Injury,Driver,50 to 54,52,None,"Automobile, Station Wagon",Unknown,Unknown,Yes,No,Yes,No,No,No,No,No,No,No,No,No,60,Woodbine-Lumsden (60)
1272453,2011/12/31 05:00:00+00,1425,14,VICTORIA PARK Aven,PARKWOODS VILLAGE Driv,Major Arterial,43.757845,-79.31529,Intersection,Traffic Signal,Clear,Daylight,Wet,Non-Fatal Injury,Driver,50 to 54,52,None,"Automobile, Station Wagon",Failed to Yield Right of Way,"Ability Impaired, Alcohol",No,No,Yes,No,No,No,No,No,Yes,No,Yes,No,119,Wexford/Maryvale (119)
1269063,2011/10/07 04:00:00+00,14,1,ISLINGTON AVE,BERGAMOT AVE,Major Arterial,43.716945,-79.55599000000002,Intersection,Traffic Signal,Clear,Dark,Dry,Non-Fatal Injury,Driver,50 to 54,52,None,"Automobile, Station Wagon",Failed to Yield Right of Way,Inattentive,Yes,No,Yes,No,No,No,No,No,Yes,No,No,No,5,Elms-Old Rexdale (5)
1242750,2011/05/22 04:00:00+00,2004,20,ALDWYCH AVE,DEWHURST BLVD,Local,43.684745,-79.34049,Mid-Block,No Control,Clear,Dark,Dry,Non-Fatal Injury,Driver,55 to 59,57,None,"Automobile, Station Wagon",Driving Properly,Normal,Yes,No,Yes,No,No,No,No,No,No,No,No,No,59,Danforth East York (59)
1279660,2012/02/08 05:00:00+00,1623,16,FINCH AVE W,WESTON RD,Major Arterial,43.752082,-79.542362,Intersection,Traffic Signal,Clear,"Dusk, artificial",Dry,Non-Fatal Injury,Vehicle Owner,unknown,unknown,Unknown,Other,Unknown,Unknown,Yes,No,No,No,No,Yes,No,No,No,No,No,No,21,Humber Summit (21)
1254646,2011/07/27 04:00:00+00,955,9,FINCH AVE E,KENNETH AVE,Major Arterial,43.780445,-79.41229,Intersection,Traffic Signal,Clear,Daylight,Dry,Non-Fatal Injury,Driver,65 to 69,67,None,"Automobile, Station Wagon",Failed to Yield Right of Way,Unknown,Yes,No,Yes,No,No,No,No,No,Yes,No,No,No,51,Willowdale East (51)
1268545,2011/11/26 05:00:00+00,1235,12,EGLINTON AVE E,FORMAN AVE,Major Arterial,43.709145,-79.38619,Intersection,Traffic Signal,Clear,Daylight,Dry,Non-Fatal Injury,Vehicle Owner,unknown,unknown,Unknown,Other,Unknown,Unknown,Yes,No,Yes,No,No,No,No,No,No,No,No,No,99,Mount Pleasant East (99)
1241202,2011/06/28 04:00:00+00,959,9,STEELES AVE W,ISLINGTON AVE E,Major Arterial,43.761245,-79.58139,Mid-Block,No Control,Clear,Daylight,Dry,Non-Fatal Injury,Driver,20 to 24,22,Major,"Automobile, Station Wagon",Lost control,Unknown,No,No,Yes,No,No,No,No,No,No,No,No,No,2,Mount Olive-Silverstone-Jamestown (2)