ACCNUM,DATE,TIME,HOUR,STREET1,STREET2,ROAD_CLASS,LATITUDE,LONGITUDE,LOCCOORD,TRAFFCTL,VISIBILITY,LIGHT,RDSFCOND,ACCLASS,INVTYPE,INVAGE,Age_mid,INJURY,VEHTYPE,DRIVACT,DRIVCOND,PEDESTRIAN,CYCLIST,AUTOMOBILE,MOTORCYCLE,TRUCK,TRSN_CITY_VEH,EMERG_VEH,SPEEDING,AG_DRIV,REDLIGHT,ALCOHOL,DISABILITY,Hood_ID,Neighbourhood
1253771,2011/09/13 04:00:00+00,1958,19,LAKE SHORE BLVD W,bastion  st,Major Arterial,43.635945,-79.40359000000002,Intersection,Traffic Signal,Clear,"Dark, artificial",Dry,Non-Fatal Injury,Driver,30 to 34,32,None,"Automobile, Station Wagon",Driving Properly,Normal,Yes,No,Yes,No,No,No,No,No,No,No,No,No,82,Niagara (82)
1269009,2011/10/07 04:00:00+00,1010,10,GREENWIN VILLAGE Road,BISON Driv,Collector,43.790845,-79.44409,Intersection,No Control,Clear,Daylight,Dry,Non-Fatal Injury,Driver,65 to 69,67,None,"Automobile, Station Wagon",Lost control,Normal,Yes,No,Yes,No,No,No,No,No,No,No,No,No,36,Newtonbrook West (36)
1234453,2011/05/23 04:00:00+00,1115,11,VICTORIA PARK AVE,SHEPPARD AVE E,Major Arterial,43.775233,-79.323009,Intersection,Traffic Signal,Clear,Daylight,Dry,Non-Fatal Injury,Vehicle Owner,unknown,unknown,Unknown,Other,Unknown,Unknown,No,No,Yes,No,No,No,No,No,Yes,Yes,No,No,118,Tam O'Shanter-Sullivan (118)
1246125,2011/07/27 04:00:00+00,1620,16,FINCH AVE E,PAGE AVE,Major Arterial,43.787645,-79.38019,Mid-Block,No Control,Clear,Daylight,Dry,Non-Fatal Injury,Driver,60 to 64,62,Major,"Automobile, Station Wagon",Driving Properly,Normal,No,No,Yes,No,No,No,No,No,No,No,No,No,52,Bayview Village (52)
1276407,2011/11/26 05:00:00+00,1955,19,2001 FINCH AVE W,Unknown,Major Arterial,43.756945,-79.51939,Mid-Block,No Control,Clear,"Dark, artificial",Dry,Non-Fatal Injury,Motorcycle Driver,35 to 39,37,Major,Motorcycle,Driving Properly,Normal,No,No,Yes,Yes,No,No,No,No,Yes,No,No,No,25,Glenfield-Jane Heights (25)
1264189,2011/09/13 04:00:00+00,2122,21,BATHURST St,HERRICK St,Major Arterial,43.662645,-79.41019,Intersection,No Control,Clear,Dark,Dry,Non-Fatal Injury,Passenger,35 to 39,37,Major,Other,Unknown,Unknown,No,No,Yes,Yes,No,No,No,No,Yes,No,No,No,79,University (79)
1288652,2012/02/09 05:00:00+00,1438,14,LAWRENCE Aven E,MILDENHALL Road,Major Arterial,43.728245,-79.38709,Mid-Block,No Control,Clear,Daylight,Dry,Non-Fatal Injury,Driver,65 to 69,67,Minimal,"Automobile, Station Wagon",Driving Properly,Normal,No,No,Yes,No,No,No,No,No,Yes,No,No,No,41,Bridle Path-Sunnybrook-York Mills (41)
1269208,2011/10/08 04:00:00+00,1310,13,ST GEORGES Blvd,YORK Rd,Local,43.702245,-79.55379,Intersection,Stop Sign,Clear,Daylight,Dry,Non-Fatal Injury,Passenger,25 to 29,27,Minor,Other,Unknown,Unknown,No,No,No,Yes,No,No,No,No,No,No,No,No,6,Kingsview Village-The Westway (6)
1279958,2012/02/10 05:00:00+00,1725,17,YONGE ST,THE ESPLANADE Stre E,Major Arterial,43.646445,-79.37679,Mid-Block,No Control,Drifting Snow,"Dusk, artificial",Dry,Non-Fatal Injury,Truck Driver,65 to 69,67,None,Truck - Open,Driving Properly,Normal,Yes,No,No,No,Yes,No,No,No,No,No,No,No,77,Waterfront Communities-The Island (77)
1279961,2012/02/10 05:00:00+00,1850,18,STEELES Ave W,KLONDIKE Dr,Major Arterial,43.769145,-79.55219,Intersection,No Control,Clear,"Dark, artificial",Dry,Non-Fatal Injury,Driver,40 to 44,42,None,"Automobile, Station Wagon",Driving Properly,Normal,No,No,Yes,No,No,No,No,No,Yes,No,No,No,21,Humber Summit (21)
1289541,2012/02/11 05:00:00+00,305,3,ST DENNIS Dr,LINKWOOD LANE,Minor Arterial,43.722645,-79.32679,Mid-Block,No Control,Snow,"Dark, artificial",Loose Snow,Non-Fatal Injury,Driver,55 to 59,57,Minor,"Automobile, Station Wagon",Driving Properly,Normal,No,No,Yes,No,No,No,No,Yes,Yes,No,No,No,44,Flemingdon Park (44)
1280050,2012/02/12 05:00:00+00,404,4,DUNDAS ST E,GEORGE ST,Major Arterial,43.657745,-79.37299,Mid-Block,No Control,Clear,"Dark, artificial",Loose Snow,Non-Fatal Injury,Passenger,25 to 29,27,Minor,Other,Unknown,Unknown,No,No,Yes,No,No,No,No,Yes,Yes,No,Yes,No,73,Moss Park (73)
1289091,2012/02/12 05:00:00+00,1505,15,EGLINTON Ave E,BROWNLOW Ave,Major Arterial,43.708245,-79.39089,Mid-Block,No Control,Clear,Daylight,Wet,Non-Fatal Injury,Vehicle Owner,unknown,unknown,Unknown,Other,Unknown,Unknown,No,No,Yes,No,No,No,No,Yes,Yes,No,No,No,104,Mount Pleasant West (104)
1288937,2012/02/12 05:00:00+00,1542,15,FINCH AVE E,BRIMLEY RD,Major Arterial,43.805745,-79.27739,Intersection,Traffic Signal,Clear,Daylight,Dry,Non-Fatal Injury,Driver,50 to 54,52,None,"Automobile, Station Wagon",Failed to Yield Right of Way,Inattentive,Yes,No,Yes,No,No,No,No,No,Yes,No,No,No,129,Agincourt North (129)
1289419,2012/02/14 05:00:00+00,1430,14,KING St W,TECUMSETH St,Major Arterial,43.643345,-79.40529000000002,Intersection,Traffic Signal,Clear,Daylight,Wet,Non-Fatal Injury,Driver,50 to 54,52,None,"Automobile, Station Wagon",Failed to Yield Right of Way,Inattentive,No,Yes,Yes,No,No,No,No,No,Yes,No,No,No,82,Niagara (82)
1280520,2012/02/15 05:00:00+00,1100,11,250 THE EAST MALL,Unknown,Minor Arterial,43.631445,-79.55229,Intersection,Traffic Signal,Clear,Daylight,Dry,Non-Fatal Injury,Passenger,85 to 89,87,Major,Other,Unknown,Unknown,No,No,Yes,No,No,No,No,No,No,No,No,No,14,Islington-City Centre West (14)
1280536,2012/02/15 05:00:00+00,1526,15,KEELE ST,WILSON AVE,Major Arterial,43.726045,-79.48189,Mid-Block,No Control,Clear,Daylight,Dry,Non-Fatal Injury,Vehicle Owner,unknown,unknown,Unknown,Other,Unknown,Unknown,Yes,No,Yes,No,Yes,No,No,No,No,No,No,No,26,Downsview-Roding-CFB (26)
1289501,2012/02/16 05:00:00+00,1415,14,COXWELL AVE,QUEEN ST E,Minor Arterial,43.666345,-79.31659,Intersection,Traffic Signal,Clear,Daylight,Wet,Non-Fatal Injury,Passenger,70 to 74,72,Major,Other,Unknown,Unknown,No,No,No,No,No,Yes,No,No,No,No,No,No,65,Greenwood-Coxwell (65)
1280694,2012/02/16 05:00:00+00,1942,19,STEELES AVE E,YONGE ST,Major Arterial,43.797945,-79.42009,Intersection,Traffic Signal,Clear,Dark,Wet,Non-Fatal Injury,Other,unknown,unknown,None,"Automobile, Station Wagon",Unknown,Unknown,Yes,No,Yes,No,No,No,No,Yes,Yes,No,No,No,50,Newtonbrook East (50)
1289649,2012/02/18 05:00:00+00,515,5,ISLINGTON AVE,SANDHILL DR,Major Arterial,43.735045,-79.56439,Mid-Block,No Control,Snow,Dark,Packed Snow,Non-Fatal Injury,Driver,25 to 29,27,None,"Automobile, Station Wagon",Lost control,"Ability Impaired, Alcohol Over .08",No,No,Yes,No,No,No,No,No,No,No,Yes,No,3,Thistletown-Beaumond Heights (3)
1290476,2012/02/20 05:00:00+00,1505,15,BROADVIEW AVE,BAIN AVE,Minor Arterial,43.670445,-79.35389,Intersection,No Control,Clear,Daylight,Dry,Non-Fatal Injury,Vehicle Owner,unknown,unknown,Unknown,Other,Unknown,Unknown,Yes,No,Yes,No,No,No,No,Yes,Yes,No,No,No,68,North Riverdale (68)
1281322,2012/02/21 05:00:00+00,1551,15,47 RAVINE PARK CRES,Unknown,Local,43.788745,-79.136089,Mid-Block,No Control,Rain,Daylight,Wet,Non-Fatal Injury,Driver,80 to 84,82,Major,"Automobile, Station Wagon",Unknown,Unknown,No,No,Yes,No,No,No,No,No,No,No,No,No,131,Rouge (131)
1290049,2012/02/21 05:00:00+00,1910,19,STEELES AVE E,TOWNSEND RD,Major Arterial,43.811945,-79.35749,Intersection,Traffic Signal,Clear,Dark,Wet,Non-Fatal Injury,Driver,50 to 54,52,None,"Automobile, Station Wagon",Failed to Yield Right of Way,Inattentive,Yes,No,Yes,No,No,No,No,No,Yes,No,No,No,48,Hillcrest Village (48)
1342832,2012/02/25 05:00:00+00,2040,20,MIDLAND AVE,EGLINTON AVE E,Major Arterial,43.734545,-79.25809,Intersection,Traffic Signal,Clear,Dark,Dry,Non-Fatal Injury,Driver,unknown,unknown,None,"Automobile, Station Wagon",Unknown,Unknown,Yes,No,Yes,No,No,No,No,No,No,No,No,No,138,Eglinton East (138)
1290615,2012/02/26 05:00:00+00,142,1,WOODBINE AVE,DANFORTH AVE,Major Arterial,43.685145,-79.31259,Mid-Block,No Control,Clear,Dark,Dry,Non-Fatal Injury,Vehicle Owner,unknown,unknown,Unknown,Other,Unknown,Unknown,No,No,Yes,No,No,No,No,No,No,No,No,No,62,East End-Danforth (62)
1290624,2012/02/27 05:00:00+00,2020,20,DUNDAS ST W,ST CLARENS AVE,Minor Arterial,43.650045,-79.43829000000002,Intersection,Stop Sign,Clear,Dark,Dry,Non-Fatal Injury,Driver,unknown,unknown,None,"Automobile, Station Wagon",Disobeyed Traffic Control,Unknown,No,Yes,Yes,No,No,No,No,No,Yes,No,No,No,83,Dufferin Grove (83)
1282294,2012/02/28 05:00:00+00,2356,23,BATHURST ST,MCALLISTER RD,Major Arterial,43.753445,-79.43799,Intersection,No Control,Clear,"Dark, artificial",Dry,Non-Fatal Injury,Passenger,25 to 29,27,None,Other,Unknown,Unknown,Yes,No,Yes,No,No,No,No,No,No,No,No,No,38,Lansing-Westgate (38)
1282447,2012/02/29 05:00:00+00,1849,18,JAMESON AVE,LAXTON AVE W,Minor Arterial,43.640045,-79.43709,Mid-Block,No Control,Rain,Dark,Wet,Non-Fatal Injury,Driver,25 to 29,27,None,"Automobile, Station Wagon",Driving Properly,Normal,Yes,No,Yes,No,No,No,No,No,No,No,No,No,85,South Parkdale (85)
1290852,2012/02/29 05:00:00+00,2023,20,HUMBERLINE DR,HUMBER COLLEGE BLVD,Minor Arterial,43.732145,-79.60909000000002,Intersection,Traffic Signal,Rain,Dark,Wet,Non-Fatal Injury,Driver,65 to 69,67,None,"Automobile, Station Wagon",Improper Turn,Inattentive,Yes,No,Yes,No,No,No,No,No,No,No,No,No,1,West Humber-Clairville (1)
1291004,2012/03/01 05:00:00+00,1951,19,3850 SHEPPARD AVE E,Unknown,Major Arterial,43.782345,-79.29249,Mid-Block,No Control,Clear,Daylight,Dry,Non-Fatal Injury,Driver,35 to 39,37,None,"Automobile, Station Wagon",Driving Properly,Normal,Yes,No,Yes,No,No,No,No,No,No,No,No,No,118,Tam O'Shanter-Sullivan (118)
1291089,2012/03/02 05:00:00+00,110,1,YONGE Stre,EGLINTON Aven E,Major Arterial,43.707345,-79.39849,Mid-Block,No Control,Clear,Dark,Dry,Non-Fatal Injury,Vehicle Owner,unknown,unknown,Unknown,Other,Unknown,Unknown,Yes,No,Yes,No,No,No,No,No,No,No,No,No,104,Mount Pleasant West (104)
1291108,2012/03/02 05:00:00+00,1635,16,EGLINTON AVE E,BIRCHMOUNT RD,Major Arterial,43.729945,-79.27789,Intersection,Traffic Signal,Clear,Daylight,Dry,Non-Fatal Injury,Vehicle Owner,unknown,unknown,Unknown,Other,Unknown,Unknown,Yes,No,Yes,No,No,No,No,No,Yes,No,No,No,125,Ionview (125)
1291534,2012/03/02 05:00:00+00,1812,18,PARLIAMENT ST,SPRUCE ST,Minor Arterial,43.663245,-79.36759,Intersection,No Control,Clear,Daylight,Dry,Non-Fatal Injury,Motorcycle Driver,45 to 49,47,Major,Motorcycle,Lost control,Inattentive,Yes,No,No,Yes,No,No,No,No,Yes,No,No,No,71,Cabbagetown-South St.James Town (71)
1291646,2012/03/03 05:00:00+00,1515,15,ADELAIDE Stre W,UNIVERSITY Aven,Major Arterial,43.648945,-79.38509,Mid-Block,No Control,Clear,Daylight,Dry,Non-Fatal Injury,Driver,40 to 44,42,Major,"Automobile, Station Wagon",Driving Properly,Normal,Yes,No,Yes,No,No,No,No,No,No,No,No,No,76,Bay Street Corridor (76)
1282854,2012/03/03 05:00:00+00,2322,23,KINGSTON Road,SANDOWN Aven,Major Arterial,43.708745,-79.24979,Intersection,Traffic Signal,Clear,"Dark, artificial",Dry,Non-Fatal Injury,Driver,70 to 74,72,None,"Automobile, Station Wagon",Driving Properly,Normal,Yes,No,Yes,No,No,No,No,No,No,No,No,No,122,Birchcliffe-Cliffside (122)
1269892,2011/10/31 04:00:00+00,1154,11,LAKE SHORE BLVD W,NINTH ST,Major Arterial,43.600245,-79.50759000000002,Intersection,Stop Sign,Clear,Daylight,Dry,Non-Fatal Injury,Vehicle Owner,unknown,unknown,Unknown,Other,Unknown,Unknown,No,No,Yes,Yes,No,No,No,No,Yes,No,No,No,18,New Toronto (18)
1266407,2011/11/27 05:00:00+00,0,0,DUNERA Aven,EMCARR Driv,Local,43.757145,-79.19569,Intersection,Stop Sign,Rain,Dark,Wet,Non-Fatal Injury,Vehicle Owner,unknown,unknown,None,Other,Unknown,Unknown,No,Yes,Yes,No,No,No,No,No,No,No,No,No,136,West Hill (136)
1269733,2011/10/09 04:00:00+00,853,8,STEELES Aven E,WARDEN Aven,Major Arterial,43.819645,-79.32439000000002,Intersection,Traffic Signal,Clear,Daylight,Dry,Non-Fatal Injury,Driver,50 to 54,52,None,"Automobile, Station Wagon",Failed to Yield Right of Way,Normal,Yes,No,Yes,No,No,No,No,No,Yes,No,No,No,116,Steeles (116)
1254931,2011/07/28 04:00:00+00,1354,13,4277 LAWRENCE AVE E,Unknown,Minor Arterial,43.770045,-79.17909,Mid-Block,No Control,Rain,Daylight,Wet,Non-Fatal Injury,Driver,35 to 39,37,None,"Automobile, Station Wagon",Failed to Yield Right of Way,Normal,No,Yes,Yes,No,No,No,No,No,Yes,No,No,No,136,West Hill (136)
1265429,2011/09/14 04:00:00+00,1400,14,YONGE Stre,ST MARY Stre,Major Arterial,43.667945,-79.38589,Intersection,Stop Sign,Clear,Daylight,Dry,Non-Fatal Injury,Pedestrian,85 to 89,87,Major,Other,Unknown,Unknown,Yes,No,Yes,No,No,No,No,No,No,No,No,No,75,Church-Yonge Corridor (75)
1269753,2011/10/09 04:00:00+00,1659,16,WESTACRES Driv,KEELE Stre,Major Arterial,43.694945,-79.47489,Intersection,Stop Sign,Clear,Daylight,Dry,Non-Fatal Injury,Driver,25 to 29,27,None,"Automobile, Station Wagon",Failed to Yield Right of Way,Inattentive,Yes,No,Yes,No,No,No,No,No,Yes,No,No,No,112,Beechborough-Greenbrook (112)
1258191,2011/10/10 04:00:00+00,437,4,DORIS AVE,NORTHTOWN WAY,Minor Arterial,43.775445,-79.41279,Intersection,No Control,Clear,Dark,Dry,Non-Fatal Injury,Driver,20 to 24,22,None,"Automobile, Station Wagon",Lost control,"Ability Impaired, Alcohol Over .08",Yes,No,Yes,No,No,No,No,Yes,Yes,No,Yes,No,51,Willowdale East (51)
1258189,2011/10/10 04:00:00+00,540,5,KENNEDY RD,FINCH AVE E,Major Arterial,43.801245,-79.29659000000002,Intersection,Traffic Signal,Clear,"Dark, artificial",Dry,Fatal,Driver,25 to 29,27,Fatal,"Automobile, Station Wagon",Lost control,Unknown,No,No,Yes,No,No,No,No,No,No,No,No,No,117,L'Amoreaux (117)
1258190,2011/10/10 04:00:00+00,549,5,F G GARDINER XY Expr E,KIPLING AVE,Unknown,43.620245,-79.51349,Mid-Block,No Control,Clear,Dark,Dry,Non-Fatal Injury,Vehicle Owner,unknown,unknown,Unknown,Other,Unknown,Unknown,No,No,Yes,No,No,No,No,No,No,No,No,No,17,Mimico (includes Humber Bay Shores) (17)
1269435,2011/10/11 04:00:00+00,1815,18,DANFORTH AVE,EUSTON AVE,Major Arterial,43.680345,-79.33779,Intersection,No Control,Clear,Daylight,Dry,Non-Fatal Injury,Driver,75 to 79,77,Major,"Automobile, Station Wagon",Failed to Yield Right of Way,Normal,No,No,Yes,No,No,No,No,No,Yes,No,No,No,66,Danforth (66)
1274476,2011/10/12 04:00:00+00,240,2,VICTORIA ST,SHUTER ST,Minor Arterial,43.654345,-79.37879000000002,Intersection,No Control,Clear,Dark,Dry,Non-Fatal Injury,Vehicle Owner,unknown,unknown,Unknown,Other,Unknown,Unknown,No,No,Yes,No,No,No,No,No,Yes,No,No,No,75,Church-Yonge Corridor (75)
1269531,2011/10/12 04:00:00+00,1214,12,YONGE ST,BALLIOL ST,Major Arterial,43.697345,-79.39649,Intersection,No Control,Rain,Daylight,Wet,Non-Fatal Injury,Driver,60 to 64,62,None,"Automobile, Station Wagon",Driving Properly,Normal,Yes,No,Yes,No,No,No,No,No,No,No,No,No,104,Mount Pleasant West (104)
1261623,2011/10/12 04:00:00+00,1300,13,BLOOR Stre W,RUNNYMEDE Road,Major Arterial,43.651145,-79.47629,Unknown,No Control,Clear,Daylight,Other,Non-Fatal Injury,Driver,unknown,unknown,None,"Automobile, Station Wagon",Unknown,Unknown,Yes,No,Yes,No,No,No,No,No,No,No,No,No,88,High Park North (88)
1269584,2011/10/13 04:00:00+00,1830,18,KEELE ST,GRANDRAVINE DR,Major Arterial,43.752045,-79.48819,Intersection,Traffic Signal,Clear,Dusk,Dry,Non-Fatal Injury,Vehicle Owner,unknown,unknown,None,Other,Unknown,Unknown,Yes,No,Yes,No,No,No,No,No,Yes,Yes,No,No,27,York University Heights (27)
1250553,2011/08/22 04:00:00+00,551,5,ROYAL YORK RD,HARTFIELD RD,Minor Arterial,43.667145,-79.52009,Intersection,No Control,Clear,Dark,Dry,Fatal,Driver,50 to 54,52,Fatal,"Automobile, Station Wagon",Lost control,Unknown,No,No,Yes,No,No,No,No,No,No,No,No,No,9,Edenbridge-Humber Valley (9)
1259013,2011/10/14 04:00:00+00,708,7,2003 BRIMLEY RD,Unknown,Major Arterial,43.786245,-79.26749000000002,Mid-Block,No Control,Clear,Daylight,Wet,Non-Fatal Injury,Vehicle Owner,unknown,unknown,Unknown,Other,Unknown,Unknown,Yes,No,Yes,No,No,No,No,No,No,No,No,No,128,Agincourt South-Malvern West (128)
1269972,2011/10/17 04:00:00+00,855,8,COLLEGE ST,BRUNSWICK AVE,Major Arterial,43.657199,-79.404063,Intersection,Stop Sign,Clear,Daylight,Dry,Non-Fatal Injury,Driver,80 to 84,82,None,"Automobile, Station Wagon",Failed to Yield Right of Way,Normal,Yes,No,Yes,No,No,No,No,No,Yes,No,No,No,79,University (79)
1259602,2011/10/18 04:00:00+00,548,5,WILSON AVE,ALLINGHAM GDNS,Major Arterial,43.735545,-79.44279,Intersection,No Control,Clear,"Dark, artificial",Other,Fatal,Pedestrian,45 to 49,47,Fatal,Other,Unknown,Unknown,Yes,No,Yes,No,No,No,No,No,No,No,No,No,33,Clanton Park (33)
1270067,2011/10/18 04:00:00+00,550,5,LANSDOWNE AVE,COLLEGE ST,Minor Arterial,43.650939,-79.43996,Intersection,Traffic Signal,Clear,"Dark, artificial",Dry,Non-Fatal Injury,Driver,30 to 34,32,None,"Automobile, Station Wagon",Improper Turn,Normal,Yes,No,Yes,No,No,No,No,No,No,No,No,No,83,Dufferin Grove (83)
1270018,2011/10/18 04:00:00+00,810,8,LANSDOWNE AVE,COLLEGE ST,Minor Arterial,43.650939,-79.43996,Intersection,Traffic Signal,Clear,Daylight,Dry,Non-Fatal Injury,Driver,35 to 39,37,None,"Automobile, Station Wagon",Other,Normal,No,Yes,Yes,No,No,No,No,No,No,No,No,No,83,Dufferin Grove (83)
1259641,2011/10/18 04:00:00+00,2145,21,DON VALLEY PARKWAY  S,LAWRENCE AVE E,Unknown,43.740145,-79.33229,Mid-Block,No Control,Clear,Dark,Dry,Non-Fatal Injury,Passenger,60 to 64,62,Major,Other,Unknown,Unknown,No,No,Yes,No,Yes,No,No,No,Yes,No,No,No,42,Banbury-Don Mills (42)
1259893,2011/10/19 04:00:00+00,1946,19,BIRCHMOUNT RD,ALLANFORD RD,Major Arterial,43.774245,-79.29509,Intersection,Traffic Signal,Rain,Dark,Wet,Non-Fatal Injury,Driver,55 to 59,57,None,"Automobile, Station Wagon",Failed to Yield Right of Way,Inattentive,Yes,No,Yes,No,No,No,No,No,Yes,No,No,No,118,Tam O'Shanter-Sullivan (118)
1259906,2011/10/19 04:00:00+00,2104,21,YONGE ST,WALLY CROUTER WKWAY Way,Major Arterial,43.689645,-79.39479,Mid-Block,No Control,Rain,Dark,Wet,Non-Fatal Injury,Vehicle Owner,unknown,unknown,Unknown,Other,Unknown,Unknown,Yes,No,Yes,No,No,No,No,No,No,No,No,No,98,Rosedale-Moore Park (98)
1270075,2011/10/19 04:00:00+00,2149,21,GEORGE ST,ADELAIDE ST E,Major Arterial,43.651645,-79.37109,Intersection,Traffic Signal,Rain,Dark,Wet,Non-Fatal Injury,Driver,30 to 34,32,None,"Automobile, Station Wagon",Failed to Yield Right of Way,Inattentive,Yes,No,Yes,No,No,No,No,No,Yes,No,No,No,73,Moss Park (73)
1269951,2011/10/20 04:00:00+00,535,5,CHURCH ST,DUNDAS ST E,Major Arterial,43.656445,-79.37709,Intersection,Traffic Signal,Rain,Dusk,Wet,Non-Fatal Injury,Vehicle Owner,unknown,unknown,Unknown,Other,Unknown,Unknown,Yes,No,Yes,No,No,No,No,No,No,No,No,No,75,Church-Yonge Corridor (75)
1261497,2011/10/20 04:00:00+00,1127,11,YONGE ST,ELM ST,Major Arterial,43.657945,-79.38159,Intersection,No Control,Clear,Daylight,Dry,Non-Fatal Injury,Vehicle Owner,unknown,unknown,Unknown,Other,Unknown,Unknown,Yes,No,Yes,No,No,No,No,No,No,No,No,No,75,Church-Yonge Corridor (75)
1260146,2011/10/21 04:00:00+00,630,6,SPADINA AVE W,KING ST W,Major Arterial,43.645445,-79.39499,Intersection,Traffic Signal,Clear,Dark,Dry,Fatal,Pedestrian,25 to 29,27,Fatal,Other,Unknown,Unknown,Yes,No,No,No,Yes,No,No,No,No,No,No,No,77,Waterfront Communities-The Island (77)
1260759,2011/10/24 04:00:00+00,1515,15,QUEEN ST E,HASTINGS AVE,Minor Arterial,43.663545,-79.32899,Intersection,No Control,Clear,Daylight,Dry,Non-Fatal Injury,Driver,unknown,unknown,None,"Automobile, Station Wagon",Other,Unknown,Yes,No,Yes,No,No,No,No,No,No,No,No,No,70,South Riverdale (70)
1260760,2011/10/24 04:00:00+00,1835,18,EDITH DR,ORCHARD VIEW BLVD,Collector,43.707245,-79.40329,Intersection,Stop Sign,Clear,Dark,Dry,Non-Fatal Injury,Vehicle Owner,unknown,unknown,Unknown,Other,Unknown,Unknown,Yes,No,Yes,No,No,No,No,No,Yes,No,No,No,100,Yonge-Eglinton (100)
1261275,2011/10/26 04:00:00+00,926,9,SNOWCREST AVE,WYVERN RD,Local,43.791845,-79.38609,Intersection,Stop Sign,Rain,Daylight,Wet,Non-Fatal Injury,Driver,30 to 34,32,None,"Automobile, Station Wagon",Failed to Yield Right of Way,Inattentive,Yes,No,Yes,No,No,No,No,No,Yes,No,No,No,49,Bayview Woods-Steeles (49)
1261319,2011/10/26 04:00:00+00,1938,19,BATHURST ST,VAUGHAN RD,Major Arterial,43.681645,-79.41769000000002,Intersection,No Control,Rain,Dark,Wet,Non-Fatal Injury,Driver,65 to 69,67,None,"Automobile, Station Wagon",Other,"Ability Impaired, Alcohol",Yes,No,Yes,No,No,No,No,No,Yes,No,Yes,No,96,Casa Loma (96)
1261321,2011/10/26 04:00:00+00,1952,19,QUEENS PARK,QUEENS PARK CRES W,Major Arterial,43.666745,-79.39329000000002,Mid-Block,No Control,Rain,Dark,Wet,Non-Fatal Injury,Passenger,unknown,unknown,None,Other,Unknown,Unknown,Yes,No,Yes,No,No,No,No,No,No,No,No,No,76,Bay Street Corridor (76)
1271103,2011/10/28 04:00:00+00,1510,15,JANE ST,GRANDRAVINE DR,Major Arterial,43.747045,-79.51509,Intersection,Traffic Signal,Clear,Daylight,Dry,Non-Fatal Injury,Vehicle Owner,unknown,unknown,Unknown,Other,Unknown,Unknown,Yes,No,Yes,No,No,No,No,No,Yes,No,No,No,25,Glenfield-Jane Heights (25)
1271644,2011/10/29 04:00:00+00,1405,14,ROGERS RD,SILVERTHORN AVE,Minor Arterial,43.682944,-79.46269000000002,Mid-Block,No Control,Clear,Daylight,Dry,Non-Fatal Injury,Driver,30 to 34,32,Minimal,"Automobile, Station Wagon",Driving Properly,Normal,No,No,Yes,No,No,No,No,No,No,No,No,No,110,Keelesdale-Eglinton West (110)
1277761,2011/10/29 04:00:00+00,1920,19,CHURCH ST,GOULD ST,Minor Arterial,43.658245,-79.37789000000002,Intersection,Traffic Signal,Clear,Dark,Dry,Non-Fatal Injury,Other,unknown,unknown,None,Other,Unknown,Unknown,No,Yes,Yes,No,No,No,No,No,No,No,No,No,75,Church-Yonge Corridor (75)
1271678,2011/10/29 04:00:00+00,2020,20,FINCH Aven W,KIPLING Aven,Major Arterial,43.743245,-79.58199,Intersection,No Control,Clear,Dark,Dry,Non-Fatal Injury,Driver,25 to 29,27,None,"Automobile, Station Wagon",Driving Properly,Normal,Yes,No,Yes,No,No,No,No,No,No,No,No,No,3,Thistletown-Beaumond Heights (3)
1268357,2011/10/30 04:00:00+00,2000,20,DANFORTH AVE,AUGUST AVE,Major Arterial,43.692845,-79.28109,Intersection,No Control,Clear,Dark,Dry,Non-Fatal Injury,Driver,unknown,unknown,None,"Automobile, Station Wagon",Driving Properly,Normal,Yes,No,Yes,No,No,No,No,No,No,No,No,No,121,Oakridge (121)
1265988,2011/10/31 04:00:00+00,915,9,LAIRD DR,MILLWOOD RD,Major Arterial,43.703145,-79.36059,Intersection,Traffic Signal,Clear,Daylight,Dry,Non-Fatal Injury,Driver,25 to 29,27,Major,"Automobile, Station Wagon",Driving Properly,Normal,No,No,Yes,No,No,No,No,No,Yes,No,No,No,55,Thorncliffe Park (55)
1272062,2011/10/31 04:00:00+00,1030,10,240 WELLESLEY St E,Unknown,Minor Arterial,43.667845,-79.37089,Intersection,No Control,Clear,Daylight,Dry,Non-Fatal Injury,Vehicle Owner,unknown,unknown,Unknown,Other,Unknown,Unknown,No,Yes,No,No,Yes,No,No,No,No,No,No,No,71,Cabbagetown-South St.James Town (71)
1267111,2011/11/27 05:00:00+00,312,3,YONGE ST,SHEPPARD AVE E,Major Arterial,43.761545,-79.41089000000002,Intersection,Traffic Signal,Clear,"Dark, artificial",Dry,Non-Fatal Injury,Driver,25 to 29,27,Major,"Automobile, Station Wagon",Driving Properly,Normal,No,No,Yes,No,No,No,No,No,No,No,No,No,51,Willowdale East (51)
1256019,2011/07/29 04:00:00+00,1450,14,CONSILIUM PL,CORPORATE DR,Collector,43.779645,-79.25119000000002,Intersection,Traffic Signal,Clear,Daylight,Dry,Non-Fatal Injury,Passenger,15 to 19,17,Minor,Other,Unknown,Unknown,No,No,Yes,No,No,No,No,No,Yes,No,No,No,137,Woburn (137)