ACCNUM,DATE,TIME,HOUR,STREET1,STREET2,ROAD_CLASS,LATITUDE,LONGITUDE,LOCCOORD,TRAFFCTL,VISIBILITY,LIGHT,RDSFCOND,ACCLASS,INVTYPE,INVAGE,Age_mid,INJURY,VEHTYPE,DRIVACT,DRIVCOND,PEDESTRIAN,CYCLIST,AUTOMOBILE,MOTORCYCLE,TRUCK,TRSN_CITY_VEH,EMERG_VEH,SPEEDING,AG_DRIV,REDLIGHT,ALCOHOL,DISABILITY,Hood_ID,Neighbourhood
1335409,2012/11/25 05:00:00+00,149,1,HORNER AVE,JUDSON ST,Minor Arterial,43.612075,-79.515811,Intersection,Stop Sign,Clear,Dark,Dry,Non-Fatal Injury,Driver,25 to 29,27,Major,"Automobile, Station Wagon",Lost control,"Ability Impaired, Alcohol Over .08",No,No,Yes,No,No,No,No,No,No,No,Yes,No,17,Mimico (includes Humber Bay Shores) (17)
1327567,2012/11/26 05:00:00+00,1010,10,F G GARDINER XY  W,ISLINGTON AVE,Unknown,43.620745,-79.51159,Mid-Block,No Control,Clear,Daylight,Dry,Non-Fatal Injury,Driver,20 to 24,22,None,"Automobile, Station Wagon",Other,Normal,No,No,Yes,No,Yes,No,No,No,No,No,No,No,17,Mimico (includes Humber Bay Shores) (17)
1335478,2012/11/26 05:00:00+00,1405,14,QUEEN ST W,BAY ST,Major Arterial,43.651645,-79.38279,Mid-Block,No Control,Clear,Daylight,Dry,Non-Fatal Injury,Driver,40 to 44,42,None,"Automobile, Station Wagon",Other,Normal,No,Yes,Yes,No,No,No,No,No,No,No,No,No,76,Bay Street Corridor (76)
1327908,2012/11/27 05:00:00+00,230,2,SCARLETT RD,RIVERVIEW HTS,Major Arterial,43.701145,-79.52689000000002,Mid-Block,No Control,Clear,"Dark, artificial",Dry,Non-Fatal Injury,Vehicle Owner,unknown,unknown,Unknown,Other,Unknown,Unknown,No,No,Yes,No,No,No,No,Yes,Yes,No,No,No,8,Humber Heights-Westmount (8)
1327765,2012/11/27 05:00:00+00,1720,17,MIDLAND AVE,KILCULLEN CASTLE GT,Major Arterial,43.809645,-79.28999,Intersection,No Control,Clear,"Dark, artificial",Dry,Fatal,Pedestrian,40 to 44,42,Fatal,Other,Unknown,Unknown,Yes,No,Yes,No,No,No,No,No,No,No,No,No,129,Agincourt North (129)
1327895,2012/11/28 05:00:00+00,1052,10,KIPLING AVE,EGLINTON AVE W,Major Arterial,43.677145,-79.55089,Intersection,Traffic Signal,Clear,Daylight,Dry,Non-Fatal Injury,Vehicle Owner,unknown,unknown,Unknown,Other,Unknown,Unknown,No,No,Yes,No,Yes,No,No,No,Yes,No,No,No,10,Princess-Rosethorn (10)
1311577,2012/07/23 04:00:00+00,824,8,YONGE ST,GROSVENOR ST,Major Arterial,43.663045,-79.38379,Intersection,Traffic Signal,Clear,Daylight,Dry,Non-Fatal Injury,Driver,50 to 54,52,Minimal,"Automobile, Station Wagon",Driving Properly,Normal,No,Yes,Yes,No,No,No,No,No,No,No,No,No,75,Church-Yonge Corridor (75)
1306461,2012/07/24 04:00:00+00,740,7,FINCH AVE W,MILADY RD,Major Arterial,43.747345,-79.56439,Intersection,No Control,Clear,Daylight,Dry,Non-Fatal Injury,Pedestrian,10 to 14,12,Major,Other,Unknown,Unknown,Yes,No,Yes,No,No,No,No,No,No,No,No,No,21,Humber Summit (21)
1312333,2012/07/25 04:00:00+00,1606,16,SHEPPARD Aven E,ARAGON Aven,Major Arterial,43.779745,-79.30349,Mid-Block,No Control,Clear,Daylight,Dry,Non-Fatal Injury,Passenger,70 to 74,72,Major,Other,Unknown,Unknown,No,No,No,No,No,Yes,No,No,No,No,No,No,118,Tam O'Shanter-Sullivan (118)
1287084,2012/04/03 04:00:00+00,230,2,MOUNT PLEASANT RD,STIBBARD AVE,Major Arterial,43.716945,-79.39359,Intersection,No Control,Clear,Dark,Dry,Fatal,Passenger,20 to 24,22,Fatal,Other,Unknown,Unknown,No,No,Yes,No,No,No,No,Yes,Yes,No,Yes,No,99,Mount Pleasant East (99)
1312337,2012/07/25 04:00:00+00,1641,16,BAY MILLS Blvd,BIRCHMOUNT Rd,Collector,43.783345,-79.30029,Mid-Block,No Control,Clear,Daylight,Dry,Non-Fatal Injury,Vehicle Owner,unknown,unknown,Unknown,Other,Unknown,Unknown,No,No,Yes,Yes,No,No,No,No,Yes,No,No,No,118,Tam O'Shanter-Sullivan (118)
1305179,2012/06/03 04:00:00+00,1915,19,KINGSTON RD,MEADOWVALE RD,Minor Arterial,43.788745,-79.16219,Intersection,No Control,Clear,Daylight,Dry,Non-Fatal Injury,Motorcycle Driver,40 to 44,42,Major,Motorcycle,Driving Properly,Normal,No,No,Yes,Yes,No,No,No,No,No,No,No,Yes,133,Centennial Scarborough (133)
1296711,2012/04/05 04:00:00+00,340,3,UNIVERSITY AVE,ADELAIDE ST W,Major Arterial,43.648845,-79.38559000000002,Intersection,Traffic Signal,Clear,"Dark, artificial",Dry,Non-Fatal Injury,Vehicle Owner,unknown,unknown,Unknown,Other,Unknown,Unknown,No,No,Yes,No,Yes,No,No,No,Yes,Yes,No,No,76,Bay Street Corridor (76)
1296775,2012/04/05 04:00:00+00,1815,18,DOVERCOURT RD,NORTHUMBERLAND ST,Minor Arterial,43.662245,-79.42969000000002,Intersection,Stop Sign,Clear,Daylight,Dry,Non-Fatal Injury,Driver,50 to 54,52,None,"Automobile, Station Wagon",Other,Normal,Yes,No,Yes,No,No,No,No,No,No,No,No,No,93,Dovercourt-Wallace Emerson-Junction (93)
1316760,2012/04/07 04:00:00+00,1250,12,STEELES AVE W,MURRAY ROSS PKWY,Major Arterial,43.776345,-79.51699,Intersection,Traffic Signal,Clear,Daylight,Dry,Non-Fatal Injury,Driver,75 to 79,77,Minor,"Automobile, Station Wagon",Following too Close,Normal,No,No,Yes,No,No,No,No,No,Yes,No,No,No,27,York University Heights (27)
1297456,2012/04/07 04:00:00+00,2043,20,KINGSTON RD,VALHALLA BLVD,Major Arterial,43.689433,-79.268268,Intersection,No Control,Clear,"Dusk, artificial",Dry,Non-Fatal Injury,Motorcycle Driver,30 to 34,32,Major,Motorcycle,Driving Properly,Normal,No,No,Yes,Yes,No,No,No,No,Yes,No,Yes,No,122,Birchcliffe-Cliffside (122)
1297568,2012/04/10 04:00:00+00,1435,14,YONGE ST,NORTHTOWN WAY,Major Arterial,43.775245,-79.41439,Intersection,No Control,Clear,Daylight,Dry,Non-Fatal Injury,Driver,35 to 39,37,None,"Automobile, Station Wagon",Driving Properly,Normal,Yes,No,Yes,No,No,No,No,No,No,No,No,No,51,Willowdale East (51)
1288324,2012/04/11 04:00:00+00,1048,10,EGLINTON AVE W,CALEDONIA RD,Major Arterial,43.693045,-79.46219,Intersection,Traffic Signal,Clear,Daylight,Dry,Non-Fatal Injury,Truck Driver,25 to 29,27,None,Truck - Open,Failed to Yield Right of Way,Inattentive,Yes,No,No,No,Yes,No,No,No,Yes,No,No,No,108,Briar Hill-Belgravia (108)
1297963,2012/04/13 04:00:00+00,1624,16,COXWELL Ave,COSBURN Ave,Minor Arterial,43.693545,-79.32779000000002,Mid-Block,No Control,Clear,Daylight,Dry,Non-Fatal Injury,Vehicle Owner,unknown,unknown,Unknown,Other,Unknown,Unknown,Yes,No,Yes,No,No,No,No,No,No,No,No,No,59,Danforth East York (59)
1297829,2012/04/13 04:00:00+00,1850,18,ELMHURST DR,ISLINGTON AVE,Major Arterial,43.723145,-79.55889,Intersection,Traffic Signal,Clear,Daylight,Dry,Non-Fatal Injury,Driver,50 to 54,52,None,"Automobile, Station Wagon",Failed to Yield Right of Way,Normal,Yes,No,Yes,No,No,No,No,No,Yes,No,No,No,5,Elms-Old Rexdale (5)
1298032,2012/04/14 04:00:00+00,1220,12,SHEPPARD AVE E,PARKWAY FOREST DR,Major Arterial,43.775845,-79.34369000000002,Intersection,Traffic Signal,Clear,Daylight,Dry,Non-Fatal Injury,Passenger,0 to 4,2,Major,Other,Unknown,Unknown,No,No,Yes,No,No,No,No,No,Yes,No,No,No,47,Don Valley Village (47)
1298031,2012/04/15 04:00:00+00,1030,10,DON MILLS RD,STEELES AVE E,Major Arterial,43.811175,-79.36076700000002,Intersection,Traffic Signal,Rain,Daylight,Wet,Non-Fatal Injury,Vehicle Owner,unknown,unknown,Unknown,Other,Unknown,Unknown,Yes,No,No,No,No,Yes,No,No,Yes,Yes,No,No,48,Hillcrest Village (48)
1289088,2012/04/15 04:00:00+00,1752,17,SHEPPARD AVE E,PHARMACY AVE,Major Arterial,43.776645,-79.31719,Mid-Block,No Control,Clear,Daylight,Dry,Non-Fatal Injury,Vehicle Owner,unknown,unknown,Unknown,Other,Unknown,Unknown,No,No,Yes,Yes,No,No,No,No,Yes,No,No,No,118,Tam O'Shanter-Sullivan (118)
1298592,2012/04/18 04:00:00+00,1143,11,WESTON RD,DORA SPENCER RD,Minor Arterial,43.692045,-79.50279,Intersection,Stop Sign,Clear,Daylight,Dry,Non-Fatal Injury,Driver,70 to 74,72,None,"Automobile, Station Wagon",Driving Properly,Normal,No,No,Yes,No,No,No,No,No,Yes,No,No,No,115,Mount Dennis (115)
1289788,2012/04/18 04:00:00+00,2310,23,BATHURST ST,MASCOT PL,Major Arterial,43.770345,-79.44209000000002,Intersection,No Control,Clear,"Dark, artificial",Dry,Non-Fatal Injury,Driver,35 to 39,37,None,"Automobile, Station Wagon",Failed to Yield Right of Way,"Ability Impaired, Alcohol",Yes,No,Yes,No,No,No,No,No,Yes,No,Yes,No,37,Willowdale West (37)
1289974,2012/04/19 04:00:00+00,1203,12,MORNINGSIDE AVE,MILNER AVE,Major Arterial,43.800745,-79.19929,Mid-Block,No Control,Clear,Daylight,Dry,Fatal,Driver,50 to 54,52,Fatal,"Automobile, Station Wagon",Other,Unknown,No,No,Yes,No,No,No,No,No,No,No,No,No,131,Rouge (131)
1289975,2012/04/19 04:00:00+00,1434,14,NEILSON RD,SHEPPARD AVE E,Major Arterial,43.798145,-79.21769,Intersection,Traffic Signal,Clear,Daylight,Dry,Non-Fatal Injury,Motorcycle Driver,25 to 29,27,Major,Motorcycle,Driving Properly,Normal,No,No,Yes,Yes,No,No,No,No,Yes,No,No,No,132,Malvern (132)
1298696,2012/04/19 04:00:00+00,2127,21,SPADINA RD,LOWTHER AVE,Minor Arterial,43.668945,-79.40479,Intersection,Traffic Signal,Clear,"Dark, artificial",Dry,Non-Fatal Injury,Driver,45 to 49,47,None,"Automobile, Station Wagon",Improper Turn,Normal,No,Yes,Yes,No,No,No,No,No,No,No,No,No,95,Annex (95)
1293932,2012/04/20 04:00:00+00,149,1,LAKE SHORE BLVD W,ELLIS AVE,Major Arterial,43.637045,-79.46349000000002,Mid-Block,No Control,Clear,"Dark, artificial",Dry,Non-Fatal Injury,Passenger,20 to 24,22,Major,Other,Unknown,Unknown,No,No,Yes,No,No,No,No,Yes,Yes,No,No,No,85,South Parkdale (85)
1298848,2012/04/20 04:00:00+00,149,1,LAKE SHORE BLVD W,ELLIS AVE,Major Arterial,43.636645,-79.46359,Mid-Block,No Control,Clear,"Dark, artificial",Dry,Non-Fatal Injury,Vehicle Owner,unknown,unknown,Unknown,Other,Unknown,Unknown,No,No,Yes,No,No,No,No,No,No,No,No,No,85,South Parkdale (85)
1290105,2012/04/20 04:00:00+00,1447,14,DON VALLEY PARKWAY  N,GERRARD ST E,Unknown,43.665145,-79.35589,Mid-Block,No Control,Clear,Daylight,Dry,Fatal,Motorcycle Driver,35 to 39,37,Fatal,Motorcycle,Exceeding Speed Limit,Unknown,No,No,No,Yes,No,No,No,Yes,Yes,No,No,No,68,North Riverdale (68)
1299089,2012/04/21 04:00:00+00,250,2,ST CLAIR AVE W,KEELE ST,Major Arterial,43.672345,-79.46849,Mid-Block,No Control,Rain,"Dark, artificial",Wet,Non-Fatal Injury,Driver,30 to 34,32,Major,"Automobile, Station Wagon",Other,Unknown,No,No,Yes,No,No,No,No,No,No,No,No,No,90,Junction Area (90)
1290199,2012/04/21 04:00:00+00,2050,20,MORNINGSIDE AVE,MILNER AVE,Major Arterial,43.800245,-79.19909,Intersection,Traffic Signal,Clear,"Dark, artificial",Dry,Fatal,Pedestrian,55 to 59,57,Fatal,Other,Unknown,Unknown,Yes,No,Yes,No,No,No,No,No,No,No,No,No,131,Rouge (131)
1290282,2012/04/22 04:00:00+00,412,4,EGLINTON AVE W,KIPLING AVE,Major Arterial,43.676645,-79.55299000000002,Mid-Block,No Control,Clear,"Dark, artificial",Dry,Non-Fatal Injury,Passenger,unknown,unknown,Major,Other,Unknown,Unknown,No,No,Yes,No,No,No,No,No,No,No,No,No,10,Princess-Rosethorn (10)
1290286,2012/04/22 04:00:00+00,1337,13,VICTORIA PARK AVE,ARNCLIFFE CRES,Major Arterial,43.731845,-79.30559000000002,Intersection,Traffic Signal,Clear,Daylight,Dry,Non-Fatal Injury,Driver,65 to 69,67,None,"Automobile, Station Wagon",Driving Properly,Normal,No,Yes,Yes,No,No,No,No,No,No,No,No,No,119,Wexford/Maryvale (119)
1299771,2012/04/23 04:00:00+00,1530,15,YONGE ST,SHAFTESBURY AVE,Major Arterial,43.681945,-79.39159000000002,Intersection,Traffic Signal,Rain,Daylight,Wet,Non-Fatal Injury,Pedestrian,30 to 34,32,Major,Other,Unknown,Unknown,Yes,Yes,No,No,No,No,No,No,No,No,No,No,98,Rosedale-Moore Park (98)
1299888,2012/04/24 04:00:00+00,1835,18,ALBION AVE,PHARMACY AVE,Minor Arterial,43.695645,-79.28479,Intersection,Stop Sign,Clear,Daylight,Wet,Non-Fatal Injury,Driver,60 to 64,62,Major,"Automobile, Station Wagon",Driving Properly,Normal,No,No,Yes,No,No,No,No,No,Yes,No,No,No,121,Oakridge (121)
1300277,2012/04/27 04:00:00+00,1644,16,1437 VICTORIA PARK AVE,Unknown,Major Arterial,43.72214500000001,-79.30159,Mid-Block,No Control,Clear,Daylight,Dry,Non-Fatal Injury,Driver,50 to 54,52,None,"Automobile, Station Wagon",Failed to Yield Right of Way,Normal,Yes,No,Yes,No,No,No,No,No,Yes,No,No,No,120,Clairlea-Birchmount (120)
1300266,2012/04/28 04:00:00+00,1352,13,JARVIS ST,DUNDAS ST E,Major Arterial,43.657045,-79.37459,Intersection,Traffic Signal,Clear,Daylight,Dry,Non-Fatal Injury,Driver,35 to 39,37,None,"Automobile, Station Wagon",Driving Properly,Normal,Yes,No,Yes,No,No,No,No,No,No,No,No,No,73,Moss Park (73)
1291380,2012/04/28 04:00:00+00,2108,21,ELLESMERE RD,MCCOWAN RD,Major Arterial,43.772145,-79.25149,Intersection,Traffic Signal,Clear,Dark,Dry,Non-Fatal Injury,Driver,65 to 69,67,None,"Automobile, Station Wagon",Driving Properly,Normal,Yes,No,Yes,No,No,No,No,No,No,No,No,No,137,Woburn (137)
1300648,2012/04/29 04:00:00+00,1340,13,GEOFFREY ST,SORAUREN AVE,Collector,43.649045,-79.44459,Intersection,No Control,Clear,Daylight,Dry,Non-Fatal Injury,Vehicle Owner,unknown,unknown,Unknown,Other,Unknown,Unknown,Yes,No,Yes,No,No,No,No,No,No,No,No,No,86,Roncesvalles (86)
1300655,2012/04/29 04:00:00+00,2115,21,LESLIE ST,LAWRENCE AVE E,Major Arterial,43.735245,-79.35619,Mid-Block,No Control,Clear,Dark,Dry,Non-Fatal Injury,Driver,45 to 49,47,None,"Automobile, Station Wagon",Improper Turn,"Ability Impaired, Alcohol Over .08",No,No,Yes,No,No,No,No,No,Yes,No,Yes,No,42,Banbury-Don Mills (42)
1300754,2012/04/30 04:00:00+00,1530,15,DUFFERIN ST,ASCOT AVE,Major Arterial,43.680145,-79.44399,Intersection,Traffic Signal,Rain,Daylight,Wet,Non-Fatal Injury,Vehicle Owner,unknown,unknown,Unknown,Other,Unknown,Unknown,Yes,No,Yes,No,No,No,No,No,Yes,No,No,No,92,Corso Italia-Davenport (92)
1283446,2012/03/07 05:00:00+00,1532,15,QUEEN ST E,hambly AVE,Minor Arterial,43.670645,-79.29689,Intersection,No Control,Clear,Daylight,Dry,Non-Fatal Injury,Vehicle Owner,unknown,unknown,Unknown,Other,Unknown,Unknown,Yes,No,No,No,Yes,No,No,No,Yes,No,No,No,63,The Beaches (63)
1307650,2012/07/27 04:00:00+00,2133,21,KINGSTON RD,LAWRENCE AVE E,Major Arterial,43.767646,-79.189586,Intersection,Traffic Signal,Clear,"Dusk, artificial",Dry,Fatal,Cyclist,15 to 19,17,Fatal,Bicycle,Unknown,Unknown,No,Yes,Yes,No,No,No,No,No,No,No,No,No,136,West Hill (136)
1307456,2012/07/28 04:00:00+00,1224,12,HIGHWAY 27  N,HARNESS RD,Major Arterial,43.720045,-79.59679,Intersection,No Control,Clear,Daylight,Dry,Fatal,Pedestrian,60 to 64,62,Fatal,Other,Unknown,Unknown,Yes,No,Yes,No,No,No,No,No,No,No,No,No,1,West Humber-Clairville (1)
1312584,2012/07/29 04:00:00+00,1713,17,LAKE SHORE Boul E,CARLAW Aven,Major Arterial,43.654945,-79.33739,Intersection,Traffic Signal,Clear,Daylight,Dry,Non-Fatal Injury,Passenger,0 to 4,2,Minor,Other,Unknown,Unknown,No,No,Yes,No,No,No,No,No,No,No,No,No,70,South Riverdale (70)
1307651,2012/07/29 04:00:00+00,1912,19,KEELE ST,CANON JACKSON DR,Major Arterial,43.696645,-79.47529,Intersection,Traffic Signal,Clear,Daylight,Dry,Non-Fatal Injury,Motorcycle Driver,30 to 34,32,Major,Motorcycle,Exceeding Speed Limit,"Ability Impaired, Alcohol",No,No,Yes,Yes,No,No,No,Yes,Yes,No,Yes,No,112,Beechborough-Greenbrook (112)
1313188,2012/07/30 04:00:00+00,830,8,443 MANSE RD,Unknown,Other,43.775745,-79.17729,Mid-Block,No Control,Clear,Daylight,Dry,Non-Fatal Injury,Driver,60 to 64,62,None,"Automobile, Station Wagon",Other,Unknown,Yes,No,Yes,No,No,No,No,No,No,No,No,No,136,West Hill (136)
1307861,2012/07/30 04:00:00+00,1623,16,NEILSON RD,OAKMEADOW BLVD,Minor Arterial,43.790545,-79.21259,Mid-Block,No Control,Clear,Daylight,Dry,Fatal,Driver,55 to 59,57,Fatal,"Automobile, Station Wagon",Lost control,Unknown,No,No,Yes,No,No,No,No,No,No,No,No,No,135,Morningside (135)
1307860,2012/07/30 04:00:00+00,1736,17,DUFFERIN ST,QUEEN ST W,Major Arterial,43.642245,-79.42859,Intersection,Traffic Signal,Clear,Daylight,Dry,Non-Fatal Injury,Driver,40 to 44,42,None,"Automobile, Station Wagon",Driving Properly,Normal,Yes,No,Yes,No,No,No,No,No,No,No,No,No,86,Roncesvalles (86)
1313717,2012/08/01 04:00:00+00,1215,12,DANFORTH AVE,EATON AVE,Major Arterial,43.679445,-79.34249,Mid-Block,No Control,Clear,Daylight,Dry,Non-Fatal Injury,Driver,65 to 69,67,Minimal,"Automobile, Station Wagon",Driving Properly,Normal,Yes,No,Yes,No,No,No,No,No,No,No,No,No,66,Danforth (66)
1313657,2012/08/02 04:00:00+00,1730,17,SPADINA AVE,KING ST W,Major Arterial,43.645445,-79.39499,Intersection,Traffic Signal,Clear,Daylight,Dry,Non-Fatal Injury,Driver,30 to 34,32,None,"Automobile, Station Wagon",Improper Turn,Normal,No,Yes,Yes,No,No,No,No,No,No,No,No,No,77,Waterfront Communities-The Island (77)
1311099,2012/08/06 04:00:00+00,2008,20,LAPPIN AVE,DUFFERIN ST,Major Arterial,43.666345,-79.43829000000002,Mid-Block,No Control,Clear,"Dark, artificial",Dry,Non-Fatal Injury,Driver,unknown,unknown,None,"Automobile, Station Wagon",Other,Unknown,Yes,No,Yes,No,No,No,No,No,No,No,No,No,93,Dovercourt-Wallace Emerson-Junction (93)
1315507,2012/08/08 04:00:00+00,1935,19,BAYVIEW AVE,NESBITT DR,Major Arterial,43.694045,-79.36629,Intersection,Traffic Signal,Clear,Daylight,Dry,Non-Fatal Injury,Driver,70 to 74,72,None,"Automobile, Station Wagon",Failed to Yield Right of Way,Inattentive,No,Yes,Yes,No,No,No,No,No,Yes,No,No,No,56,Leaside-Bennington (56)
1315616,2012/08/09 04:00:00+00,1523,15,285 RALEIGH AVE,Unknown,Collector,43.709445,-79.26099,Mid-Block,No Control,Rain,Daylight,Wet,Non-Fatal Injury,Pedestrian,50 to 54,52,Major,Other,Unknown,Unknown,Yes,No,Yes,No,No,No,No,No,No,No,No,No,120,Clairlea-Birchmount (120)
1315724,2012/08/10 04:00:00+00,1409,14,HILLSIDE AVE,ROYAL YORK RD,Minor Arterial,43.610045,-79.49579,Intersection,Stop Sign,Clear,Daylight,Dry,Non-Fatal Injury,Driver,65 to 69,67,None,"Automobile, Station Wagon",Failed to Yield Right of Way,Inattentive,Yes,No,Yes,No,No,No,No,No,Yes,No,No,No,17,Mimico (includes Humber Bay Shores) (17)
1309524,2012/08/11 04:00:00+00,114,1,MERCER ST,JOHN ST,Local,43.645645,-79.39069,Mid-Block,No Control,Clear,Dark,Dry,Non-Fatal Injury,Driver,50 to 54,52,None,"Automobile, Station Wagon",Driving Properly,Normal,Yes,No,Yes,No,No,No,No,No,No,No,No,No,77,Waterfront Communities-The Island (77)
1315841,2012/08/12 04:00:00+00,951,9,CHURCH ST,CARLTON ST,Major Arterial,43.661845,-79.37939,Intersection,Traffic Signal,Clear,Daylight,Dry,Non-Fatal Injury,Motorcycle Driver,40 to 44,42,Major,Motorcycle,Driving Properly,Normal,No,No,Yes,Yes,No,No,No,No,Yes,Yes,No,No,75,Church-Yonge Corridor (75)
1311734,2012/08/13 04:00:00+00,1930,19,BLOOR ST E,ST PAULS SQ,Major Arterial,43.671145,-79.38239,Intersection,No Control,Clear,Daylight,Dry,Non-Fatal Injury,Driver,25 to 29,27,None,"Automobile, Station Wagon",Improper Lane Change,Unknown,No,Yes,Yes,No,No,No,No,No,No,No,No,No,75,Church-Yonge Corridor (75)
1316502,2012/08/14 04:00:00+00,707,7,RONCESVALLES AVE,WRIGHT AVE,Minor Arterial,43.645445,-79.44869,Intersection,No Control,Clear,Daylight,Wet,Non-Fatal Injury,Vehicle Owner,unknown,unknown,Unknown,Other,Unknown,Unknown,No,Yes,Yes,No,No,No,No,No,No,No,No,No,86,Roncesvalles (86)
1316631,2012/08/16 04:00:00+00,1624,16,VICTORIA PARK AVE,CLYDESDALE DR,Major Arterial,43.784045,-79.32709,Mid-Block,No Control,Clear,Daylight,Dry,Non-Fatal Injury,Driver,35 to 39,37,None,"Automobile, Station Wagon",Following too Close,Inattentive,No,No,Yes,No,No,No,No,No,Yes,No,No,No,117,L'Amoreaux (117)
1317043,2012/08/17 04:00:00+00,2252,22,QUEEN ST W,LANSDOWNE AVE,Major Arterial,43.640445,-79.43699000000002,Intersection,Traffic Signal,Clear,"Dark, artificial",Dry,Non-Fatal Injury,Driver,20 to 24,22,None,"Automobile, Station Wagon",Other,Unknown,Yes,No,Yes,No,No,No,No,No,No,No,No,No,85,South Parkdale (85)
1311542,2012/08/19 04:00:00+00,2318,23,SHEPPARD AVE E,AMETHYST RD,Major Arterial,43.780445,-79.30049,Intersection,No Control,Clear,"Dark, artificial",Dry,Non-Fatal Injury,Passenger,25 to 29,27,Minimal,Other,Unknown,Unknown,Yes,No,Yes,No,No,No,No,No,Yes,No,No,No,118,Tam O'Shanter-Sullivan (118)
1317267,2012/08/20 04:00:00+00,1900,19,BLACK CREEK DR,TRETHEWEY DR,Major Arterial,43.695545,-79.48669,Mid-Block,No Control,Clear,Daylight,Dry,Non-Fatal Injury,Vehicle Owner,unknown,unknown,Unknown,Other,Unknown,Unknown,No,No,No,Yes,No,No,No,No,No,No,No,No,30,Brookhaven-Amesbury (30)
1311119,2012/08/21 04:00:00+00,940,9,FINCH AVE W,YONGE ST,Major Arterial,43.779545,-79.41639,Mid-Block,No Control,Clear,Daylight,Dry,Fatal,Pedestrian,45 to 49,47,Fatal,Other,Unknown,Unknown,Yes,No,Yes,No,No,No,No,No,No,No,No,No,37,Willowdale West (37)
1311376,2012/08/22 04:00:00+00,750,7,STEELES AVE E,TAPSCOTT RD,Major Arterial,43.837245,-79.24849,Intersection,Stop Sign,Clear,Daylight,Dry,Non-Fatal Injury,Passenger,20 to 24,22,None,"Automobile, Station Wagon",Unknown,Unknown,No,No,Yes,No,No,No,No,No,Yes,No,No,No,131,Rouge (131)
1292008,2012/03/07 05:00:00+00,2000,20,SHEPPARD Aven W,BUCKLAND Road,Major Arterial,43.740845,-79.50429,Mid-Block,No Control,Clear,"Dark, artificial",Dry,Non-Fatal Injury,Vehicle Owner,unknown,unknown,Unknown,Other,Unknown,Unknown,No,No,Yes,No,No,No,No,No,No,No,No,No,25,Glenfield-Jane Heights (25)
1292054,2012/03/08 05:00:00+00,1511,15,STEELES Aven E,REESOR Road,Minor Arterial,43.850245,-79.19129000000002,Mid-Block,No Control,Clear,Daylight,Wet,Non-Fatal Injury,Driver,45 to 49,47,Major,"Automobile, Station Wagon",Driving Properly,Normal,No,No,Yes,No,No,No,No,No,No,No,No,No,131,Rouge (131)
1292158,2012/03/10 05:00:00+00,445,4,FINCH Aven W,PITTSBORO Driv,Major Arterial,43.737445,-79.59009,Intersection,No Control,Clear,"Dark, artificial",Dry,Non-Fatal Injury,Driver,25 to 29,27,Major,"Automobile, Station Wagon",Lost control,Unknown,No,No,Yes,No,No,No,No,No,No,No,No,No,2,Mount Olive-Silverstone-Jamestown (2)
1292500,2012/03/13 04:00:00+00,1855,18,LAKE SHORE BLVD W,LAKE CRES,Major Arterial,43.606945,-79.49049000000002,Intersection,No Control,Clear,Daylight,Dry,Non-Fatal Injury,Driver,50 to 54,52,Major,"Automobile, Station Wagon",Lost control,Unknown,No,No,Yes,No,No,No,No,Yes,Yes,No,No,No,17,Mimico (includes Humber Bay Shores) (17)
1284315,2012/03/13 04:00:00+00,2210,22,BLEECKER St,CARLTON St,Collector,43.664945,-79.37289,Mid-Block,No Control,Clear,"Dark, artificial",Dry,Non-Fatal Injury,Other,unknown,unknown,None,Other,Unknown,Unknown,No,No,Yes,No,No,No,No,No,No,No,No,No,71,Cabbagetown-South St.James Town (71)
1284316,2012/03/14 04:00:00+00,51,5,59 BARFORD RD,Unknown,Local,43.731545,-79.57059,Mid-Block,No Control,Clear,Dark,Dry,Non-Fatal Injury,Pedestrian,35 to 39,37,Major,Other,Unknown,Unknown,Yes,No,Yes,No,No,No,No,No,No,No,No,No,4,Rexdale-Kipling (4)
1305388,2012/06/04 04:00:00+00,1000,10,LOBB AVE,SHAW ST,Collector,43.646945,-79.41709,Intersection,Traffic Signal,Clear,Daylight,Dry,Non-Fatal Injury,Driver,50 to 54,52,None,"Automobile, Station Wagon",Failed to Yield Right of Way,Normal,No,Yes,Yes,No,No,No,No,No,Yes,No,No,No,81,Trinity-Bellwoods (81)
1292914,2012/03/14 04:00:00+00,1550,15,COLLEGE ST,BATHURST ST,Major Arterial,43.656409,-79.40768,Intersection,Traffic Signal,Clear,Daylight,Dry,Non-Fatal Injury,Vehicle Owner,unknown,unknown,Unknown,Unknown,Unknown,Unknown,No,Yes,Yes,No,No,No,No,No,No,No,No,No,78,Kensington-Chinatown (78)
1293196,2012/03/15 04:00:00+00,1330,13,DUNDAS Stre W,HIGHWAY 427 C  S,Major Arterial,43.628945,-79.55489,Intersection,Traffic Signal,Clear,Daylight,Dry,Non-Fatal Injury,Driver,50 to 54,52,None,"Automobile, Station Wagon",Driving Properly,Normal,No,No,Yes,No,No,No,No,No,Yes,No,No,No,14,Islington-City Centre West (14)
1293192,2012/03/15 04:00:00+00,1733,17,BLOOR Stre W,MARKLAND Driv,Major Arterial,43.633545,-79.57079,Intersection,Traffic Signal,Clear,Daylight,Dry,Non-Fatal Injury,Passenger,20 to 24,22,Major,Other,Unknown,Unknown,No,No,Yes,No,No,No,No,No,Yes,No,No,No,12,Markland Wood (12)