ACCNUM,DATE,TIME,HOUR,STREET1,STREET2,ROAD_CLASS,LATITUDE,LONGITUDE,LOCCOORD,TRAFFCTL,VISIBILITY,LIGHT,RDSFCOND,ACCLASS,INVTYPE,INVAGE,Age_mid,INJURY,VEHTYPE,DRIVACT,DRIVCOND,PEDESTRIAN,CYCLIST,AUTOMOBILE,MOTORCYCLE,TRUCK,TRSN_CITY_VEH,EMERG_VEH,SPEEDING,AG_DRIV,REDLIGHT,ALCOHOL,DISABILITY,Hood_ID,Neighbourhood
1377196,2013/07/12 04:00:00+00,2240,22,DUFFERIN St,HOLMESDALE Rd,Major Arterial,43.688601,-79.44736,Intersection,Traffic Signal,Clear,"Dark, artificial",Dry,Non-Fatal Injury,Driver,55 to 59,57,Minimal,"Automobile, Station Wagon",Improper Turn,Normal,No,Yes,Yes,No,No,No,No,No,No,No,No,No,107,Oakwood Village (107)
1377456,2013/07/13 04:00:00+00,1355,13,KENNEDY RD,MCNICOLL Ave,Major Arterial,43.812129,-79.301936,Intersection,Traffic Signal,Clear,Daylight,Dry,Non-Fatal Injury,Motorcycle Driver,20 to 24,22,Major,Motorcycle,Driving Properly,Normal,No,No,Yes,Yes,No,No,No,No,Yes,No,No,No,130,Milliken (130)
1365621,2013/07/13 04:00:00+00,1845,18,FINCH AVE E,MIDLAND AVE,Major Arterial,43.803745,-79.28629000000002,Intersection,Traffic Signal,Clear,Daylight,Dry,Non-Fatal Injury,Driver,60 to 64,62,None,"Automobile, Station Wagon",Failed to Yield Right of Way,Inattentive,Yes,No,Yes,No,No,No,No,No,Yes,No,No,No,129,Agincourt North (129)
1365635,2013/07/14 04:00:00+00,340,3,F G GARDINER XY  E,ISLINGTON Ave,Unknown,43.620745,-79.51069,Mid-Block,No Control,Clear,"Dark, artificial",Dry,Non-Fatal Injury,Passenger,25 to 29,27,Major,Other,Unknown,Unknown,No,No,Yes,No,No,No,No,No,No,No,Yes,No,17,Mimico (includes Humber Bay Shores) (17)
1382978,2013/07/15 04:00:00+00,1153,11,KENNEDY RD,KENMARK BLVD,Major Arterial,43.729945,-79.266986,Intersection,Stop Sign,Clear,Daylight,Dry,Non-Fatal Injury,Driver,35 to 39,37,None,"Automobile, Station Wagon",Failed to Yield Right of Way,Inattentive,Yes,No,Yes,No,No,No,No,No,Yes,No,No,No,124,Kennedy Park (124)
1379135,2013/07/17 04:00:00+00,2124,21,CHRISTIE St,DAVENPORT Rd,Minor Arterial,43.675551,-79.423084,Intersection,Traffic Signal,Clear,Dark,Dry,Non-Fatal Injury,Driver,60 to 64,62,None,"Automobile, Station Wagon",Failed to Yield Right of Way,Inattentive,No,Yes,Yes,No,No,No,No,No,Yes,No,No,No,94,Wychwood (94)
1366764,2013/07/18 04:00:00+00,1850,18,185 FALLINGBROOK RD,Unknown,Collector,43.684645,-79.280292,Intersection,No Control,Clear,Daylight,Dry,Fatal,Pedestrian,35 to 39,37,Fatal,Unknown,Unknown,Unknown,Yes,No,Yes,No,No,No,No,No,No,No,No,No,122,Birchcliffe-Cliffside (122)
1378518,2013/07/18 04:00:00+00,2217,22,DUFFERIN St,MARTIN ROSS Ave,Major Arterial,43.775248,-79.468326,Intersection,No Control,Clear,"Dark, artificial",Dry,Non-Fatal Injury,Driver,25 to 29,27,Major,"Automobile, Station Wagon",Driving Properly,Normal,No,No,Yes,No,No,No,No,No,No,No,No,No,34,Bathurst Manor (34)
1379372,2013/07/19 04:00:00+00,1240,12,DUFFERIN ST,JOE SHUSTER  WAY,Minor Arterial,43.641524,-79.428363,Intersection,No Control,Clear,Daylight,Dry,Non-Fatal Injury,Driver,25 to 29,27,None,"Automobile, Station Wagon",Driving Properly,Had Been Drinking,Yes,No,Yes,No,No,No,No,No,No,No,No,No,85,South Parkdale (85)
1379915,2013/07/19 04:00:00+00,1831,18,PARLIAMENT ST,COLE  ST,Minor Arterial,43.660145,-79.36629,Intersection,No Control,Rain,Daylight,Wet,Non-Fatal Injury,Motorcycle Driver,25 to 29,27,Major,Motorcycle,Speed too Fast For Condition,Inattentive,No,No,No,Yes,No,No,No,Yes,Yes,No,No,No,72,Regent Park (72)
1367518,2013/07/22 04:00:00+00,1519,15,KIPLING AVE,JUTLAND RD,Major Arterial,43.626245,-79.52879,Intersection,Stop Sign,Clear,Daylight,Dry,Fatal,Motorcycle Driver,20 to 24,22,Fatal,Motorcycle,Driving Properly,Normal,No,No,Yes,Yes,No,No,No,No,Yes,No,No,No,14,Islington-City Centre West (14)
1367772,2013/07/24 04:00:00+00,1340,13,ROYAL YORK Rd,BLOOR St W,Major Arterial,43.647345,-79.51139,Intersection,Traffic Signal,Clear,Daylight,Dry,Non-Fatal Injury,Driver,20 to 24,22,None,"Automobile, Station Wagon",Driving Properly,Normal,Yes,No,Yes,No,No,No,No,No,No,No,No,No,16,Stonegate-Queensway (16)
1368998,2013/06/09 04:00:00+00,2122,21,KEELE ST,WILSON AVE,Major Arterial,43.726645,-79.48209,Intersection,Traffic Signal,Clear,"Dark, artificial",Dry,Non-Fatal Injury,Motorcycle Driver,20 to 24,22,Major,Motorcycle,Driving Properly,Normal,No,No,Yes,Yes,No,No,No,No,Yes,No,No,No,26,Downsview-Roding-CFB (26)
1380543,2013/07/24 04:00:00+00,1845,18,FRONT ST W,BLUE JAYS WAY,Minor Arterial,43.643408,-79.391277,Intersection,Traffic Signal,Clear,Daylight,Dry,Non-Fatal Injury,Driver,35 to 39,37,None,"Automobile, Station Wagon",Failed to Yield Right of Way,Normal,No,Yes,Yes,No,No,No,No,No,Yes,No,No,No,77,Waterfront Communities-The Island (77)
1368851,2013/06/11 04:00:00+00,836,8,STEELES AVE E,MIDLAND AVE,Major Arterial,43.825945,-79.29729,Intersection,Traffic Signal,Clear,Daylight,Dry,Non-Fatal Injury,Driver,35 to 39,37,None,"Automobile, Station Wagon",Disobeyed Traffic Control,Normal,No,Yes,Yes,No,No,No,No,No,Yes,Yes,No,No,130,Milliken (130)
1380106,2013/07/25 04:00:00+00,820,8,GLENROY Ave,HUMBERVALE Blvd,Local,43.642501,-79.5079,Intersection,Stop Sign,Clear,Daylight,Dry,Non-Fatal Injury,Driver,50 to 54,52,None,"Automobile, Station Wagon",Driving Properly,Normal,No,Yes,Yes,No,No,No,No,No,No,No,No,No,16,Stonegate-Queensway (16)
1367977,2013/07/25 04:00:00+00,1346,13,HIGHWAY 27  N,FINCH AVE W,Major Arterial,43.73416,-79.60306899999998,Intersection,Traffic Signal,Clear,Daylight,Dry,Fatal,Pedestrian,25 to 29,27,Fatal,Other,Unknown,Unknown,Yes,No,Yes,No,No,No,No,No,Yes,No,No,No,1,West Humber-Clairville (1)
1368204,2013/07/27 04:00:00+00,257,2,HIGHWAY 27  N,STEELES AVE W,Major Arterial,43.755446,-79.61407,Intersection,Traffic Signal,Clear,Dark,Dry,Non-Fatal Injury,Driver,25 to 29,27,Minimal,"Automobile, Station Wagon",Driving Properly,Normal,No,No,Yes,No,No,No,No,No,Yes,Yes,No,No,1,West Humber-Clairville (1)
1368246,2013/07/27 04:00:00+00,1026,10,MCCOWAN RD,STEELES AVE E,Major Arterial,43.831034,-79.275188,Intersection,Traffic Signal,Clear,Daylight,Dry,Non-Fatal Injury,Driver,50 to 54,52,None,"Automobile, Station Wagon",Driving Properly,Normal,Yes,No,Yes,No,No,No,No,No,No,No,No,No,130,Milliken (130)
1368270,2013/07/28 04:00:00+00,1,1,SHEPPARD AVE E,DON MILLS RD,Major Arterial,43.774943,-79.347888,Mid-Block,No Control,Rain,"Dark, artificial",Wet,Fatal,Pedestrian,80 to 84,82,Fatal,Unknown,Unknown,Unknown,Yes,No,Yes,No,No,No,No,No,No,No,No,No,47,Don Valley Village (47)
1380620,2013/07/28 04:00:00+00,1840,18,QUEEN St E,VANCOUVER Ave,Minor Arterial,43.664683,-79.32396999999997,Intersection,No Control,Clear,Daylight,Dry,Non-Fatal Injury,Vehicle Owner,unknown,unknown,Unknown,Other,Unknown,Unknown,No,Yes,Yes,No,No,No,No,No,No,No,No,No,65,Greenwood-Coxwell (65)
1380661,2013/07/28 04:00:00+00,2158,21,SHEPPARD AVE E,ROUGE RIVER DR,Major Arterial,43.806277,-79.180385,Intersection,Traffic Signal,Clear,"Dark, artificial",Dry,Non-Fatal Injury,Driver,20 to 24,22,None,"Automobile, Station Wagon",Failed to Yield Right of Way,Normal,Yes,No,Yes,No,No,No,No,No,Yes,No,No,No,131,Rouge (131)
1380770,2013/07/29 04:00:00+00,1111,11,DANFORTH Ave,LINNSMORE Cres,Major Arterial,43.681845,-79.33059,Mid-Block,No Control,Clear,Daylight,Dry,Non-Fatal Injury,Vehicle Owner,unknown,unknown,Unknown,Other,Unknown,Unknown,Yes,No,Yes,No,No,No,No,No,No,No,No,No,65,Greenwood-Coxwell (65)
1368450,2013/07/29 04:00:00+00,1604,16,LANGDEN AVE,CLIFF ST,Local,43.680644,-79.48479,Intersection,No Control,Clear,Daylight,Dry,Fatal,Pedestrian,65 to 69,67,Fatal,Unknown,Unknown,Unknown,Yes,No,Yes,No,No,No,No,No,No,No,No,No,111,Rockcliffe-Smythe (111)
1381080,2013/08/01 04:00:00+00,1943,19,STEELES AVE W,ISLINGTON AVE,Major Arterial,43.76433400000001,-79.574855,Intersection,Traffic Signal,Clear,Dusk,Dry,Non-Fatal Injury,Driver,55 to 59,57,None,"Automobile, Station Wagon",Failed to Yield Right of Way,Normal,No,Yes,Yes,No,No,No,No,No,Yes,No,No,No,21,Humber Summit (21)
1369174,2013/08/02 04:00:00+00,1637,16,ELLESMERE Rd,SARATOGA Dr,Major Arterial,43.771666,-79.253642,Intersection,No Control,Rain,Daylight,Wet,Non-Fatal Injury,Driver,35 to 39,37,None,"Automobile, Station Wagon",Driving Properly,Normal,No,No,Yes,No,No,No,No,No,No,No,No,No,127,Bendale (127)
1369145,2013/08/02 04:00:00+00,1802,18,DAVENPORT Rd,BELMONT St,Major Arterial,43.674745,-79.39289000000002,Intersection,Traffic Signal,Clear,Daylight,Dry,Non-Fatal Injury,Driver,20 to 24,22,None,"Automobile, Station Wagon",Disobeyed Traffic Control,Normal,No,Yes,Yes,No,No,No,No,No,Yes,Yes,No,No,95,Annex (95)
1369173,2013/08/03 04:00:00+00,305,3,STEELES AVE W,ISLINGTON AVE,Major Arterial,43.763743,-79.57728900000002,Mid-Block,No Control,Clear,"Dark, artificial",Dry,Fatal,Driver,25 to 29,27,Fatal,"Automobile, Station Wagon",Exceeding Speed Limit,"Ability Impaired, Alcohol Over .08",No,No,Yes,No,No,No,No,Yes,Yes,No,Yes,No,21,Humber Summit (21)
1383782,2013/08/03 04:00:00+00,1610,16,DANFORTH Ave,BROADVIEW Ave,Major Arterial,43.676192,-79.358859,Intersection,Traffic Signal,Clear,Daylight,Dry,Non-Fatal Injury,Motorcycle Driver,40 to 44,42,Major,Motorcycle,Driving Properly,Normal,No,No,Yes,Yes,No,No,No,No,Yes,Yes,No,No,67,Playter Estates-Danforth (67)
1381629,2013/08/03 04:00:00+00,1904,19,ELMHURST Ave,YONGE St,Collector,43.763011,-79.412151,Mid-Block,No Control,Clear,Daylight,Dry,Non-Fatal Injury,Vehicle Owner,unknown,unknown,Unknown,Other,Unknown,Unknown,Yes,No,Yes,No,No,No,No,No,No,No,No,No,38,Lansing-Westgate (38)
1369177,2013/08/03 04:00:00+00,2048,20,LAKE SHORE BLVD W,DOWLING S LAKESHORE W RAMP,Major Arterial,43.634444,-79.43909000000002,Mid-Block,No Control,Clear,Dusk,Dry,Fatal,Passenger,15 to 19,17,Fatal,Unknown,Unknown,Unknown,No,No,No,No,Yes,No,No,No,No,No,No,No,85,South Parkdale (85)
1381650,2013/08/03 04:00:00+00,2213,22,JANE St,TRETHEWEY Dr,Major Arterial,43.697585,-79.502368,Intersection,Traffic Signal,Clear,"Dark, artificial",Dry,Non-Fatal Injury,Driver,35 to 39,37,None,"Automobile, Station Wagon",Driving Properly,Normal,Yes,No,Yes,No,No,No,No,No,No,No,No,No,30,Brookhaven-Amesbury (30)
1369861,2013/08/05 04:00:00+00,255,2,DUNDAS St W,JANE St,Major Arterial,43.665745,-79.49119,Intersection,Traffic Signal,Clear,"Dark, artificial",Dry,Non-Fatal Injury,Driver,unknown,unknown,None,"Automobile, Station Wagon",Failed to Yield Right of Way,Unknown,Yes,No,Yes,No,No,No,No,No,Yes,No,No,No,89,Runnymede-Bloor West Village (89)
1381745,2013/08/05 04:00:00+00,1210,12,ISLINGTON AVE,THE QUEENSWAY,Major Arterial,43.623583,-79.514774,Intersection,Traffic Signal,Clear,Daylight,Dry,Non-Fatal Injury,Vehicle Owner,unknown,unknown,Unknown,Other,Unknown,Unknown,Yes,No,Yes,No,No,No,No,No,Yes,No,No,No,16,Stonegate-Queensway (16)
1381722,2013/08/05 04:00:00+00,2329,23,GERRARD ST E,HIGHFIELD RD,Minor Arterial,43.671599,-79.324931,Intersection,No Control,Clear,Dark,Dry,Non-Fatal Injury,Driver,60 to 64,62,None,"Automobile, Station Wagon",Driving Properly,Normal,Yes,No,Yes,No,No,No,No,No,No,No,No,No,65,Greenwood-Coxwell (65)
1369473,2013/08/07 04:00:00+00,613,6,WELLESLEY ST E,PARLIAMENT ST,Minor Arterial,43.668162,-79.369548,Intersection,Traffic Signal,Clear,Dawn,Dry,Non-Fatal Injury,Driver,55 to 59,57,None,"Automobile, Station Wagon",Failed to Yield Right of Way,Normal,Yes,No,Yes,No,No,No,No,No,Yes,No,No,No,71,Cabbagetown-South St.James Town (71)
1382121,2013/08/08 04:00:00+00,725,7,JANE ST,ALLIANCE AVE,Major Arterial,43.67546,-79.49538000000003,Mid-Block,No Control,Clear,Daylight,Dry,Non-Fatal Injury,Passenger,55 to 59,57,Minor,Other,Unknown,Unknown,No,No,Yes,No,No,No,No,No,No,No,No,No,111,Rockcliffe-Smythe (111)
1369657,2013/08/09 04:00:00+00,936,9,LOWER JARVIS St,THE ESPLANADE,Major Arterial,43.648215,-79.370921,Intersection,Traffic Signal,Clear,Daylight,Dry,Non-Fatal Injury,Vehicle Owner,unknown,unknown,Unknown,Other,Unknown,Unknown,Yes,No,No,No,Yes,No,No,No,Yes,No,No,No,77,Waterfront Communities-The Island (77)
1369675,2013/08/09 04:00:00+00,1040,10,EGLINTON Ave W,WINONA Dr,Major Arterial,43.6981,-79.439044,Intersection,No Control,Clear,Daylight,Dry,Non-Fatal Injury,Vehicle Owner,unknown,unknown,Unknown,Other,Unknown,Unknown,No,No,Yes,Yes,No,No,No,No,Yes,No,No,No,102,Forest Hill North (102)
1369726,2013/08/09 04:00:00+00,1325,13,LAKE SHORE BLVD W,QUEENS AVE,Major Arterial,43.60966,-79.49025999999998,Unknown,No Control,Clear,Daylight,Dry,Non-Fatal Injury,Passenger,unknown,unknown,Minor,Other,Unknown,Unknown,No,No,Yes,No,No,No,No,No,No,No,No,No,17,Mimico (includes Humber Bay Shores) (17)
1372200,2013/08/10 04:00:00+00,250,2,SPADINA AVE,OXFORD ST,Major Arterial,43.656737,-79.39957700000002,Intersection,No Control,Clear,"Dark, artificial",Dry,Non-Fatal Injury,Driver,unknown,unknown,None,"Automobile, Station Wagon",Other,Unknown,No,Yes,Yes,No,No,No,No,No,No,No,No,No,78,Kensington-Chinatown (78)
1369884,2013/08/12 04:00:00+00,745,7,KENNEDY RD,SHEPPARD Ave E,Major Arterial,43.783278,-79.288257,Intersection,Traffic Signal,Clear,Daylight,Dry,Non-Fatal Injury,Vehicle Owner,unknown,unknown,Unknown,Other,Unknown,Unknown,Yes,No,Yes,No,No,No,No,No,No,No,No,No,128,Agincourt South-Malvern West (128)
1369968,2013/08/12 04:00:00+00,2055,20,BATHURST ST,FINCH AVE W,Major Arterial,43.774256,-79.44310300000002,Mid-Block,No Control,Clear,Dark,Dry,Non-Fatal Injury,Vehicle Owner,unknown,unknown,Unknown,Other,Unknown,Unknown,Yes,No,Yes,No,No,No,No,No,No,No,No,No,36,Newtonbrook West (36)
1370071,2013/08/13 04:00:00+00,748,7,KIPLING Ave,THORNCREST RD,Major Arterial,43.661391,-79.543903,Intersection,No Control,Clear,Daylight,Dry,Non-Fatal Injury,Motorcycle Driver,25 to 29,27,Major,Motorcycle,Driving Properly,Normal,No,No,Yes,Yes,No,No,No,Yes,Yes,No,No,No,10,Princess-Rosethorn (10)
1360626,2013/06/12 04:00:00+00,1157,11,O CONNOR DR,RIVERCOURT BLVD,Major Arterial,43.693645,-79.34819,Intersection,Traffic Signal,Clear,Daylight,Dry,Non-Fatal Injury,Passenger,15 to 19,17,None,Other,Unknown,Unknown,No,Yes,Yes,No,No,No,No,No,No,No,No,No,58,Old East York (58)
1345002,2013/01/18 05:00:00+00,2041,20,SHEPPARD AVE W,KEELE ST,Major Arterial,43.744745,-79.48639,Intersection,Traffic Signal,Clear,"Dark, artificial",Wet,Non-Fatal Injury,Driver,55 to 59,57,Minimal,"Automobile, Station Wagon",Failed to Yield Right of Way,Unknown,Yes,No,Yes,No,No,No,No,No,Yes,No,No,No,26,Downsview-Roding-CFB (26)
1369816,2013/06/13 04:00:00+00,640,6,SPADINA RD,DUPONT ST,Major Arterial,43.674845,-79.40709,Intersection,Traffic Signal,Rain,Daylight,Wet,Non-Fatal Injury,Motorcycle Driver,40 to 44,42,Major,Motorcycle,Driving Properly,Normal,No,No,Yes,Yes,No,No,No,No,Yes,No,No,No,95,Annex (95)
1369849,2013/06/13 04:00:00+00,751,7,ADELAIDE ST E,SHERBOURNE ST,Major Arterial,43.652245,-79.36799,Mid-Block,No Control,Rain,Daylight,Wet,Non-Fatal Injury,Vehicle Owner,unknown,unknown,Unknown,Other,Unknown,Unknown,No,Yes,No,No,Yes,No,No,No,No,No,No,No,73,Moss Park (73)
1369859,2013/06/13 04:00:00+00,950,9,BATHURST ST,FAIRLAWN AVE,Major Arterial,43.725045,-79.43109,Intersection,Traffic Signal,Rain,Daylight,Wet,Non-Fatal Injury,Driver,70 to 74,72,None,"Automobile, Station Wagon",Failed to Yield Right of Way,Normal,Yes,No,Yes,No,No,No,No,No,Yes,No,No,No,39,Bedford Park-Nortown (39)
1370441,2013/06/14 04:00:00+00,1230,12,754 ROYAL YORK RD,Unknown,Minor Arterial,43.636045,-79.50669,Mid-Block,No Control,Clear,Daylight,Dry,Non-Fatal Injury,Motorcycle Driver,15 to 19,17,Major,Motorcycle,Exceeding Speed Limit,Normal,No,No,Yes,Yes,No,No,No,Yes,Yes,No,No,No,16,Stonegate-Queensway (16)
1370737,2013/06/15 04:00:00+00,17,1,DUPONT ST,LANSDOWNE AVE,Major Arterial,43.666745,-79.44649,Intersection,Traffic Signal,Clear,"Dark, artificial",Dry,Non-Fatal Injury,Motorcycle Driver,35 to 39,37,Major,Motorcycle,Driving Properly,Normal,No,No,Yes,Yes,No,No,No,No,Yes,No,Yes,No,93,Dovercourt-Wallace Emerson-Junction (93)
1361068,2013/06/15 04:00:00+00,1336,13,83 MARKHAM ST,Unknown,Local,43.650237,-79.40652,Mid-Block,No Control,Clear,Daylight,Dry,Non-Fatal Injury,Driver,45 to 49,47,None,"Automobile, Station Wagon",Driving Properly,Normal,Yes,No,Yes,No,No,No,No,No,No,No,No,No,81,Trinity-Bellwoods (81)
1361069,2013/06/15 04:00:00+00,1924,19,MCCOWAN RD,KINGSTON RD,Major Arterial,43.725145,-79.23239000000002,Intersection,Traffic Signal,Clear,Daylight,Dry,Non-Fatal Injury,Driver,80 to 84,82,None,"Automobile, Station Wagon",Failed to Yield Right of Way,Normal,Yes,No,Yes,No,No,No,No,No,Yes,No,No,No,123,Cliffcrest (123)
1361106,2013/06/16 04:00:00+00,616,6,JOE SHUSTER  WAY,KING ST W,Local,43.640547,-79.423999,Mid-Block,No Control,Rain,Daylight,Wet,Fatal,Driver,40 to 44,42,Fatal,"Automobile, Station Wagon",Other,Unknown,No,No,Yes,No,No,No,No,No,No,No,No,No,85,South Parkdale (85)
1371165,2013/06/16 04:00:00+00,1516,15,KENNEDY RD,CARDWELL AVE,Major Arterial,43.785746,-79.28949300000002,Intersection,Traffic Signal,Clear,Daylight,Dry,Non-Fatal Injury,Driver,30 to 34,32,None,"Automobile, Station Wagon",Driving Properly,Normal,Yes,No,Yes,No,No,No,No,No,No,No,No,No,128,Agincourt South-Malvern West (128)
1371162,2013/06/16 04:00:00+00,1525,15,ISLINGTON AVE,401 C E ISLINGTON N RAMP E,Major Arterial,43.70844500000001,-79.55189,Mid-Block,No Control,Clear,Daylight,Dry,Non-Fatal Injury,Driver,35 to 39,37,None,"Automobile, Station Wagon",Driving Properly,Normal,Yes,No,Yes,No,No,No,No,No,No,No,No,No,6,Kingsview Village-The Westway (6)
1361161,2013/06/16 04:00:00+00,1923,19,KEELE ST,DONALD AVE,Major Arterial,43.684945,-79.47279,Intersection,Traffic Signal,Clear,Daylight,Dry,Non-Fatal Injury,Driver,50 to 54,52,None,"Automobile, Station Wagon",Driving Properly,Normal,Yes,No,Yes,No,No,Yes,No,No,No,No,No,No,110,Keelesdale-Eglinton West (110)
1371425,2013/06/17 04:00:00+00,840,8,KINGSTON RD,FALAISE RD E,Major Arterial,43.768545,-79.18879,Intersection,No Control,Clear,Daylight,Dry,Non-Fatal Injury,Vehicle Owner,unknown,unknown,Unknown,Other,Unknown,Unknown,Yes,No,No,No,Yes,No,No,No,No,No,No,No,136,West Hill (136)
1371397,2013/06/17 04:00:00+00,1230,12,BURROWS HALL BLVD,GOSKIN CRT,Collector,43.795745,-79.22369,Intersection,No Control,Clear,Daylight,Dry,Non-Fatal Injury,Vehicle Owner,unknown,unknown,Unknown,Other,Unknown,Unknown,No,No,Yes,No,No,No,No,No,No,No,No,No,132,Malvern (132)
1371427,2013/06/17 04:00:00+00,1407,14,390 QUEENS QUAY W,Unknown,Minor Arterial,43.637945,-79.39069,Mid-Block,Traffic Controller,Clear,Daylight,Dry,Non-Fatal Injury,Truck Driver,50 to 54,52,Major,Truck - Open,Driving Properly,Unknown,Yes,No,No,No,Yes,No,No,No,No,No,No,No,77,Waterfront Communities-The Island (77)
1386391,2013/06/17 04:00:00+00,1430,14,DANFORTH Road,MACK Aven,Minor Arterial,43.700145,-79.27269,Intersection,Traffic Signal,Clear,Daylight,Dry,Non-Fatal Injury,Vehicle Owner,unknown,unknown,None,Other,Unknown,Unknown,No,No,Yes,No,Yes,No,No,No,No,No,No,No,121,Oakridge (121)
1371625,2013/06/18 04:00:00+00,846,8,VICTORIA PARK AVE,MORECAMBE GT,Major Arterial,43.798045,-79.33359,Intersection,Traffic Signal,Clear,Daylight,Dry,Non-Fatal Injury,Driver,25 to 29,27,None,"Automobile, Station Wagon",Driving Properly,Normal,Yes,No,Yes,No,No,No,No,No,No,No,No,No,117,L'Amoreaux (117)
1372188,2013/06/19 04:00:00+00,1117,11,STEELES AVE E,LESLIE ST,Major Arterial,43.808497,-79.372493,Intersection,Traffic Signal,Clear,Daylight,Dry,Non-Fatal Injury,Vehicle Owner,unknown,unknown,Unknown,Other,Unknown,Unknown,No,No,Yes,No,Yes,No,No,No,No,No,No,No,49,Bayview Woods-Steeles (49)
1372923,2013/06/19 04:00:00+00,1300,13,BROWNS Line,WHALEY Dr,Major Arterial,43.60657,-79.547351,Intersection,No Control,Clear,Daylight,Dry,Non-Fatal Injury,Passenger,85 to 89,87,Major,Other,Unknown,Unknown,No,No,Yes,No,No,No,No,Yes,Yes,No,No,No,20,Alderwood (20)
1372930,2013/06/19 04:00:00+00,2200,22,DUFFERIN ST,SHANLY ST,Major Arterial,43.662945,-79.43669,Intersection,Traffic Signal,Clear,"Dark, artificial",Dry,Non-Fatal Injury,Passenger,30 to 34,32,Major,Other,Unknown,Unknown,No,No,Yes,No,No,No,No,No,Yes,No,No,No,93,Dovercourt-Wallace Emerson-Junction (93)
1372437,2013/06/20 04:00:00+00,1115,11,ST CLAIR AVE W,WELLS HILL AVE,Major Arterial,43.683745,-79.41509,Mid-Block,No Control,Clear,Daylight,Dry,Non-Fatal Injury,Vehicle Owner,unknown,unknown,Unknown,Other,Unknown,Unknown,Yes,No,Yes,No,No,No,No,No,No,No,No,No,96,Casa Loma (96)
1362811,2013/06/20 04:00:00+00,1316,13,MARTIN GROVE RD,409 E MARTIN GROVE RAMP,Major Arterial,43.697945,-79.57379,Intersection,Traffic Signal,Clear,Daylight,Dry,Non-Fatal Injury,Vehicle Owner,unknown,unknown,Unknown,Other,Unknown,Unknown,No,Yes,Yes,No,No,No,No,No,No,No,No,No,1,West Humber-Clairville (1)
1372963,2013/06/21 04:00:00+00,1532,15,247 DAVENPORT Rd,Unknown,Major Arterial,43.674456,-79.397746,Mid-Block,No Control,Clear,Daylight,Dry,Non-Fatal Injury,Driver,65 to 69,67,None,"Automobile, Station Wagon",Other,Normal,No,Yes,Yes,No,No,No,No,No,No,No,No,No,95,Annex (95)
1372876,2013/06/21 04:00:00+00,1535,15,PINEWAY BLVD,BERNICK RD,Local,43.798345,-79.37519,Intersection,Stop Sign,Clear,Daylight,Dry,Non-Fatal Injury,Driver,40 to 44,42,None,"Automobile, Station Wagon",Failed to Yield Right of Way,Inattentive,Yes,No,Yes,No,No,No,No,No,Yes,No,No,No,49,Bayview Woods-Steeles (49)
1373423,2013/06/22 04:00:00+00,1420,14,LAKE SHORE BLVD W,LOWER SIMCOE ST,Expressway,43.640345,-79.38319,Intersection,Traffic Signal,Rain,Daylight,Wet,Non-Fatal Injury,Driver,35 to 39,37,Minimal,"Automobile, Station Wagon",Lost control,Inattentive,Yes,No,Yes,No,No,No,No,No,No,No,No,No,77,Waterfront Communities-The Island (77)
1373372,2013/06/22 04:00:00+00,1820,18,KEELE St,ROGERS Rd,Major Arterial,43.68212800000001,-79.471584,Intersection,Traffic Signal,Clear,Daylight,Dry,Non-Fatal Injury,Driver,70 to 74,72,Major,"Automobile, Station Wagon",Lost control,Medical or Physical Disability,No,No,Yes,No,No,No,No,No,Yes,No,No,Yes,110,Keelesdale-Eglinton West (110)
1386246,2013/06/23 04:00:00+00,1015,10,1491 LAKE SHORE BLVD W,Unknown,Major Arterial,43.635951,-79.44291199999998,Mid-Block,Stop Sign,Clear,Daylight,Dry,Non-Fatal Injury,Driver,40 to 44,42,None,"Automobile, Station Wagon",Failed to Yield Right of Way,Inattentive,No,Yes,Yes,No,No,No,No,No,Yes,No,No,No,85,South Parkdale (85)
1344579,2013/01/19 05:00:00+00,852,8,DAVENPORT RD,SHAW ST,Minor Arterial,43.674745,-79.42829,Intersection,Pedestrian Crossover,Clear,Dark,Wet,Non-Fatal Injury,Driver,60 to 64,62,None,"Automobile, Station Wagon",Failed to Yield Right of Way,Inattentive,No,Yes,Yes,No,No,No,No,No,Yes,No,No,No,94,Wychwood (94)
1336921,2013/01/23 05:00:00+00,1556,15,EGLINTON AVE E,SINNOTT RD,Major Arterial,43.729346,-79.280689,Intersection,Traffic Signal,Clear,Daylight,Dry,Fatal,Pedestrian,45 to 49,47,Fatal,Unknown,Unknown,Unknown,Yes,No,No,No,No,Yes,No,No,Yes,Yes,No,No,120,Clairlea-Birchmount (120)
1345231,2013/01/25 05:00:00+00,920,9,ALBION RD,HIGHWAY 27  S,Major Arterial,43.744645,-79.60999,Mid-Block,No Control,Clear,Daylight,Dry,Non-Fatal Injury,Truck Driver,60 to 64,62,None,Truck - Open,Driving Properly,Normal,No,No,Yes,No,Yes,No,No,Yes,Yes,No,No,No,1,West Humber-Clairville (1)