ACCNUM,DATE,TIME,HOUR,STREET1,STREET2,ROAD_CLASS,LATITUDE,LONGITUDE,LOCCOORD,TRAFFCTL,VISIBILITY,LIGHT,RDSFCOND,ACCLASS,INVTYPE,INVAGE,Age_mid,INJURY,VEHTYPE,DRIVACT,DRIVCOND,PEDESTRIAN,CYCLIST,AUTOMOBILE,MOTORCYCLE,TRUCK,TRSN_CITY_VEH,EMERG_VEH,SPEEDING,AG_DRIV,REDLIGHT,ALCOHOL,DISABILITY,Hood_ID,Neighbourhood
1337952,2013/01/25 05:00:00+00,1409,14,BLOOR ST W,OLD MILL TER,Major Arterial,43.650046,-79.498409,Intersection,Stop Sign,Snow,Daylight,Loose Snow,Non-Fatal Injury,Driver,45 to 49,47,Major,"Automobile, Station Wagon",Unknown,Unknown,No,No,Yes,No,No,No,No,No,Yes,No,No,No,15,Kingsway South (15)
1338092,2013/01/30 05:00:00+00,1707,17,TAPSCOTT RD,MCLEVIN AVE,Minor Arterial,43.805845,-79.22809000000002,Mid-Block,No Control,Clear,Daylight,Wet,Non-Fatal Injury,Passenger,45 to 49,47,Minor,"Automobile, Station Wagon",Unknown,Unknown,No,No,Yes,No,No,No,No,No,No,No,No,No,132,Malvern (132)
1338700,2013/02/02 05:00:00+00,1041,10,550 BIRCHMOUNT RD,Unknown,Minor Arterial,43.711943,-79.270191,Mid-Block,No Control,Snow,Daylight,Wet,Fatal,Pedestrian,65 to 69,67,Fatal,Unknown,Unknown,Unknown,Yes,No,Yes,No,No,No,No,No,Yes,No,No,No,120,Clairlea-Birchmount (120)
1338722,2013/02/02 05:00:00+00,2050,20,LAWRENCE AVE W,CULFORD RD,Major Arterial,43.70694500000001,-79.48519,Mid-Block,No Control,Clear,"Dark, artificial",Dry,Non-Fatal Injury,Vehicle Owner,unknown,unknown,Unknown,Other,Unknown,Unknown,Yes,No,Yes,No,No,No,No,No,Yes,No,No,No,29,Maple Leaf (29)
1338947,2013/02/04 05:00:00+00,1850,18,SPADINA RD,LONSDALE RD,Minor Arterial,43.688145,-79.41259000000002,Mid-Block,No Control,Clear,"Dark, artificial",Dry,Non-Fatal Injury,Driver,70 to 74,72,None,"Automobile, Station Wagon",Driving Properly,Normal,Yes,No,Yes,No,No,No,No,No,No,No,No,No,96,Casa Loma (96)
1339180,2013/02/06 05:00:00+00,1045,10,DUNDAS ST W,SHERIDAN AVE,Minor Arterial,43.649745,-79.433688,Intersection,Traffic Signal,Clear,Daylight,Dry,Fatal,Pedestrian,80 to 84,82,Fatal,Unknown,Unknown,Unknown,Yes,No,No,No,Yes,No,No,No,No,No,No,No,84,Little Portugal (84)
1347268,2013/02/10 05:00:00+00,1445,14,DUNDAS ST W,PRINCE EDWARD DR N,Major Arterial,43.660645,-79.51049,Intersection,Traffic Signal,Clear,Daylight,Wet,Non-Fatal Injury,Vehicle Owner,unknown,unknown,Unknown,Other,Unknown,Unknown,Yes,No,Yes,No,No,No,No,No,Yes,No,No,No,9,Edenbridge-Humber Valley (9)
1347299,2013/02/10 05:00:00+00,1830,18,DUFFERIN St,GIBSON St,Major Arterial,43.690345,-79.44809000000002,Intersection,Traffic Signal,Clear,"Dark, artificial",Wet,Non-Fatal Injury,Driver,50 to 54,52,None,"Automobile, Station Wagon",Disobeyed Traffic Control,Had Been Drinking,Yes,No,Yes,No,No,No,No,No,Yes,Yes,No,No,107,Oakwood Village (107)
1347648,2013/02/13 05:00:00+00,1447,14,MARKHAM RD,SELECT AVE,Major Arterial,43.833441,-79.25101,Intersection,Traffic Signal,Clear,Daylight,Dry,Non-Fatal Injury,Driver,30 to 34,32,Major,"Automobile, Station Wagon",Driving Properly,Normal,No,No,Yes,No,No,No,No,No,Yes,No,No,No,131,Rouge (131)
1340591,2013/02/13 05:00:00+00,1626,16,QUEEN ST W,AUGUSTA AVE,Major Arterial,43.648055,-79.399661,Intersection,Traffic Signal,Clear,Daylight,Dry,Non-Fatal Injury,Driver,45 to 49,47,Major,"Automobile, Station Wagon",Driving Properly,Normal,No,Yes,Yes,No,No,No,No,No,Yes,Yes,No,No,77,Waterfront Communities-The Island (77)
1340588,2013/02/13 05:00:00+00,2055,20,15 KENFIN AVE,Unknown,Local,43.800112,-79.29449,Intersection,No Control,Clear,"Dark, artificial",Dry,Non-Fatal Injury,Other,unknown,unknown,None,Other,Unknown,Unknown,No,No,Yes,No,No,No,No,No,No,No,No,No,117,L'Amoreaux (117)
1340810,2013/02/14 05:00:00+00,838,8,TAPSCOTT RD,FINCH Ave E,Minor Arterial,43.814245,-79.23709000000002,Intersection,Traffic Signal,Clear,Daylight,Dry,Non-Fatal Injury,Vehicle Owner,unknown,unknown,Unknown,Other,Unknown,Unknown,No,No,Yes,No,No,No,No,No,Yes,No,No,No,131,Rouge (131)
1347684,2013/02/15 05:00:00+00,208,2,QUEEN ST E,WAVERLEY RD,Minor Arterial,43.669845,-79.30089,Intersection,No Control,Clear,"Dark, artificial",Wet,Non-Fatal Injury,Vehicle Owner,unknown,unknown,Unknown,Other,Unknown,Unknown,Yes,No,Yes,No,No,No,No,Yes,Yes,No,Yes,No,63,The Beaches (63)
1347681,2013/02/15 05:00:00+00,1030,10,HIGHWAY 427 C  N,BURNHAMTHORPE RD,Unknown,43.648545,-79.56409000000002,Mid-Block,No Control,Clear,Daylight,Dry,Non-Fatal Injury,Truck Driver,30 to 34,32,None,Truck - Open,Other,Inattentive,Yes,No,No,No,Yes,No,No,No,No,No,No,No,14,Islington-City Centre West (14)
1347790,2013/02/15 05:00:00+00,2103,21,CASTLEFIELD AVE,ROSELAWN AVE,Collector,43.700545,-79.44969,Mid-Block,No Control,Clear,Dark,Dry,Non-Fatal Injury,Driver,20 to 24,22,None,"Automobile, Station Wagon",Driving Properly,Normal,Yes,No,Yes,No,No,No,No,No,No,No,No,No,108,Briar Hill-Belgravia (108)
1348049,2013/02/19 05:00:00+00,916,9,YONGE ST,WELLINGTON ST W,Major Arterial,43.647845,-79.37739,Intersection,Traffic Signal,Rain,Daylight,Wet,Non-Fatal Injury,Driver,35 to 39,37,None,"Automobile, Station Wagon",Failed to Yield Right of Way,Inattentive,Yes,No,Yes,No,No,No,No,No,Yes,No,No,No,75,Church-Yonge Corridor (75)
1341806,2013/02/20 05:00:00+00,858,8,JANE St,DALRYMPLE Dr,Major Arterial,43.677245,-79.49609,Intersection,Stop Sign,Clear,Daylight,Dry,Non-Fatal Injury,Passenger,35 to 39,37,Major,Other,Unknown,Unknown,No,No,Yes,No,No,No,No,No,Yes,No,No,No,111,Rockcliffe-Smythe (111)
1348204,2013/02/21 05:00:00+00,755,7,KENNEDY RD,TRANSWAY CRES,Major Arterial,43.731245,-79.26759,Intersection,No Control,Clear,Daylight,Dry,Non-Fatal Injury,Driver,35 to 39,37,None,"Automobile, Station Wagon",Failed to Yield Right of Way,Inattentive,Yes,No,Yes,No,No,No,No,No,Yes,No,No,No,124,Kennedy Park (124)
1348211,2013/02/21 05:00:00+00,924,9,SHEPPARD AVE W,FAYWOOD BLVD,Major Arterial,43.752645,-79.45189,Intersection,Traffic Signal,Clear,Daylight,Dry,Non-Fatal Injury,Driver,60 to 64,62,None,"Automobile, Station Wagon",Failed to Yield Right of Way,Normal,Yes,No,Yes,No,No,No,No,No,Yes,No,No,No,33,Clanton Park (33)
1349360,2013/02/26 05:00:00+00,730,7,15 BESSARION Rd,AT #15,Local,43.766845,-79.37599,Mid-Block,No Control,Clear,Dark,Dry,Non-Fatal Injury,Pedestrian,75 to 79,77,Major,Other,Unknown,Unknown,Yes,No,Yes,No,No,No,No,No,No,No,No,No,52,Bayview Village (52)
1348740,2013/02/26 05:00:00+00,2119,21,ST CLAIR AVE W,KEELE ST,Major Arterial,43.672345,-79.46849,Mid-Block,No Control,Rain,Dark,Wet,Non-Fatal Injury,Driver,60 to 64,62,Major,"Automobile, Station Wagon",Other,Normal,No,No,Yes,No,No,No,No,No,No,No,No,No,90,Junction Area (90)
1348815,2013/02/28 05:00:00+00,1426,14,ROGERS Rd,KEELE St,Major Arterial,43.682145,-79.47159,Intersection,Traffic Signal,Clear,Daylight,Wet,Non-Fatal Injury,Vehicle Owner,unknown,unknown,Unknown,Other,Unknown,Unknown,Yes,No,No,No,No,Yes,No,No,No,No,No,No,110,Keelesdale-Eglinton West (110)
1343587,2013/03/01 05:00:00+00,1039,10,DON MILLS RD W,GOODVIEW RD,Major Arterial,43.781345,-79.35199,Mid-Block,No Control,Clear,Daylight,Wet,Non-Fatal Injury,Driver,40 to 44,42,None,"Automobile, Station Wagon",Driving Properly,Normal,Yes,No,Yes,No,No,No,No,No,No,No,No,No,47,Don Valley Village (47)
1343634,2013/03/01 05:00:00+00,1855,18,MIDLAND AVE,MCNICOLL AVE,Major Arterial,43.817045,-79.29329,Mid-Block,No Control,Clear,Dusk,Dry,Non-Fatal Injury,Driver,65 to 69,67,None,"Automobile, Station Wagon",Driving Properly,Inattentive,Yes,No,Yes,No,No,No,No,No,No,No,No,No,130,Milliken (130)
1349045,2013/03/02 05:00:00+00,520,5,170 FINCH AVE E,Unknown,Major Arterial,43.782445,-79.40319000000002,Mid-Block,No Control,Clear,Dawn,Dry,Non-Fatal Injury,Driver,45 to 49,47,Minimal,"Automobile, Station Wagon",Driving Properly,Normal,No,No,Yes,No,No,No,No,Yes,Yes,No,No,No,51,Willowdale East (51)
1349064,2013/03/02 05:00:00+00,1107,11,ENCHANTED HILLS Cres,WILDERNESS Dr,Local,43.829145,-79.27609,Intersection,Stop Sign,Clear,Daylight,Dry,Non-Fatal Injury,Vehicle Owner,unknown,unknown,Unknown,Other,Unknown,Unknown,No,Yes,Yes,No,No,No,No,No,No,No,No,No,130,Milliken (130)
1344050,2013/03/03 05:00:00+00,951,9,ROYAL YORK RD,HILLSIDE AVE,Minor Arterial,43.610145,-79.49589,Intersection,Stop Sign,Clear,Daylight,Dry,Non-Fatal Injury,Passenger,15 to 19,17,Minimal,Other,Unknown,Unknown,No,No,Yes,No,No,Yes,No,No,No,No,No,No,17,Mimico (includes Humber Bay Shores) (17)
1349207,2013/03/04 05:00:00+00,800,8,37 SIX POINT Rd,Unknown,Local,43.635545,-79.52659,Mid-Block,No Control,Clear,Daylight,Dry,Non-Fatal Injury,Vehicle Owner,unknown,unknown,Unknown,Other,Unknown,Unknown,No,No,Yes,No,Yes,No,No,No,No,No,No,No,14,Islington-City Centre West (14)
1344588,2013/03/05 05:00:00+00,2128,21,1420 VICTORIA PARK Ave,Unknown,Major Arterial,43.721343,-79.301288,Mid-Block,No Control,Clear,"Dark, artificial",Wet,Fatal,Pedestrian,35 to 39,37,Fatal,Unknown,Unknown,Unknown,Yes,No,Yes,No,No,No,No,No,Yes,No,No,No,120,Clairlea-Birchmount (120)
1344724,2013/03/06 05:00:00+00,927,9,ST CLAIR AVE W,HOUNSLOW HEATH RD,Major Arterial,43.674145,-79.45999,Intersection,Traffic Signal,Clear,Daylight,Wet,Non-Fatal Injury,Vehicle Owner,unknown,unknown,Unknown,Other,Unknown,Unknown,Yes,No,Yes,No,No,No,No,No,No,No,No,No,91,Weston-Pellam Park (91)
1388642,2013/03/06 05:00:00+00,2010,20,BRIMLEY Rd,EAGLEDANCE Dr,Major Arterial,43.824977,-79.28604399999998,Intersection,Traffic Signal,Clear,"Dark, artificial",Dry,Non-Fatal Injury,Driver,50 to 54,52,Major,"Automobile, Station Wagon",Disobeyed Traffic Control,Inattentive,No,No,Yes,No,No,No,No,No,Yes,Yes,No,No,130,Milliken (130)
1345175,2013/03/07 05:00:00+00,1545,15,CLIFFSIDE DR,EAST HAVEN DR,Collector,43.703646,-79.25159000000002,Intersection,Stop Sign,Clear,Daylight,Wet,Fatal,Pedestrian,5 to 9,7,Fatal,Unknown,Unknown,Unknown,Yes,No,No,No,Yes,No,No,No,Yes,No,No,No,122,Birchcliffe-Cliffside (122)
1353008,2013/03/08 05:00:00+00,1815,18,DUNDAS ST E,CRAVEN RD,Minor Arterial,43.668445,-79.31959,Intersection,Stop Sign,Clear,Dusk,Dry,Non-Fatal Injury,Vehicle Owner,unknown,unknown,Unknown,Other,Unknown,Unknown,No,Yes,Yes,No,No,No,No,No,No,No,No,No,65,Greenwood-Coxwell (65)
1345604,2013/03/10 05:00:00+00,10,1,FINCH AVE W,OAKDALE RD,Major Arterial,43.75574500000001,-79.52499,Mid-Block,No Control,Clear,"Dark, artificial",Dry,Non-Fatal Injury,Driver,70 to 74,72,None,"Automobile, Station Wagon",Driving Properly,Normal,Yes,No,Yes,No,No,No,No,No,No,No,No,No,25,Glenfield-Jane Heights (25)
1345603,2013/03/10 05:00:00+00,400,4,BLOOR ST W,ST HELENS AVE,Major Arterial,43.658045,-79.44399,Intersection,Stop Sign,Clear,"Dark, artificial",Dry,Non-Fatal Injury,Passenger,20 to 24,22,Minimal,Other,Unknown,Unknown,No,Yes,Yes,No,No,No,No,No,No,No,No,No,83,Dufferin Grove (83)
1350051,2013/03/11 04:00:00+00,2023,20,BIRCHMOUNT RD,LAWRENCE AVE E,Major Arterial,43.747545,-79.28479,Intersection,Traffic Signal,Rain,"Dark, artificial",Wet,Non-Fatal Injury,Driver,65 to 69,67,None,"Automobile, Station Wagon",Failed to Yield Right of Way,Inattentive,Yes,No,Yes,No,No,No,No,No,Yes,No,No,No,126,Dorset Park (126)
1351718,2013/03/11 04:00:00+00,2054,20,BLOOR St W,MARKLAND Dr,Major Arterial,43.633545,-79.57079,Intersection,Traffic Signal,Rain,"Dark, artificial",Wet,Non-Fatal Injury,Driver,55 to 59,57,None,"Automobile, Station Wagon",Failed to Yield Right of Way,Unknown,Yes,No,Yes,No,No,No,No,No,Yes,No,No,No,12,Markland Wood (12)
1345912,2013/03/11 04:00:00+00,2215,22,CHAPMAN RD,ROYAL YORK RD,Minor Arterial,43.687545,-79.52889,Intersection,Stop Sign,Rain,"Dark, artificial",Wet,Non-Fatal Injury,Driver,25 to 29,27,None,"Automobile, Station Wagon",Driving Properly,Unknown,Yes,No,Yes,No,No,No,No,No,No,No,No,No,8,Humber Heights-Westmount (8)
1346364,2013/03/14 04:00:00+00,35,3,QUEEN ST W,DOWLING AVE,Major Arterial,43.639941,-79.439853,Unknown,No Control,Snow,Dark,Loose Snow,Non-Fatal Injury,Driver,unknown,unknown,None,"Automobile, Station Wagon",Unknown,Unknown,Yes,No,Yes,No,No,No,No,No,No,No,No,No,86,Roncesvalles (86)
1346509,2013/03/14 04:00:00+00,2032,20,CARLAW AVE,DUNDAS ST E,Minor Arterial,43.663345,-79.34109000000002,Mid-Block,No Control,Clear,"Dark, artificial",Dry,Non-Fatal Injury,Passenger,20 to 24,22,None,Other,Unknown,Unknown,Yes,No,Yes,No,No,No,No,No,No,No,No,No,70,South Riverdale (70)
1346813,2013/03/16 04:00:00+00,1252,12,WARDEN AVE,STEELES AVE E,Major Arterial,43.819645,-79.32439000000002,Intersection,Traffic Signal,Clear,Daylight,Dry,Non-Fatal Injury,Driver,30 to 34,32,None,"Automobile, Station Wagon",Improper Turn,Normal,No,Yes,Yes,No,No,No,No,No,No,No,No,No,116,Steeles (116)
1351724,2013/03/19 04:00:00+00,1715,17,FINCH Ave E,VICTORIA PARK Ave,Major Arterial,43.793645,-79.32899,Mid-Block,No Control,Clear,Daylight,Dry,Non-Fatal Injury,Driver,55 to 59,57,Minor,"Automobile, Station Wagon",Lost control,Unknown,No,No,Yes,No,No,No,No,No,No,No,No,No,117,L'Amoreaux (117)
1350739,2013/03/21 04:00:00+00,1315,13,QUEEN ST W,BATHURST ST,Major Arterial,43.647116,-79.403972,Intersection,Traffic Signal,Clear,Daylight,Wet,Non-Fatal Injury,Vehicle Owner,unknown,unknown,Unknown,Unknown,Unknown,Unknown,No,Yes,No,No,Yes,No,No,No,No,No,No,No,77,Waterfront Communities-The Island (77)
1350729,2013/03/21 04:00:00+00,1800,18,631 SHEPPARD Ave W,Unknown,Major Arterial,43.755345,-79.43939,Mid-Block,No Control,Clear,Daylight,Wet,Non-Fatal Injury,Driver,40 to 44,42,None,"Automobile, Station Wagon",Improper Lane Change,Normal,No,No,Yes,No,No,No,No,Yes,Yes,No,No,No,34,Bathurst Manor (34)
1349085,2013/03/27 04:00:00+00,1923,19,DANFORTH Ave,LUTTRELL Ave,Major Arterial,43.689945,-79.29379,Intersection,No Control,Rain,Dusk,Wet,Non-Fatal Injury,Vehicle Owner,unknown,unknown,Unknown,"Automobile, Station Wagon",Unknown,Unknown,No,No,Yes,No,No,No,No,No,No,No,No,No,62,East End-Danforth (62)
1351388,2013/03/28 04:00:00+00,1413,14,WESTON Rd,FAIRGLEN Cres,Major Arterial,43.70844500000001,-79.53389,Mid-Block,No Control,Clear,Daylight,Dry,Non-Fatal Injury,Passenger,35 to 39,37,Major,Other,Unknown,Unknown,No,No,Yes,No,No,No,No,No,Yes,No,No,No,113,Weston (113)
1353658,2013/03/29 04:00:00+00,1232,12,78 EAGLEVIEW CRES,Unknown,Local,43.819245,-79.32339,Mid-Block,No Control,Clear,Daylight,Dry,Non-Fatal Injury,Driver,unknown,unknown,None,"Automobile, Station Wagon",Other,Unknown,Yes,No,Yes,No,No,No,No,No,No,No,No,No,116,Steeles (116)
1349359,2013/03/29 04:00:00+00,1734,17,LAKE SHORE BLVD E,DON ROADWAY,Major Arterial,43.650244,-79.34849100000002,Mid-Block,No Control,Clear,Daylight,Dry,Fatal,Passenger,15 to 19,17,Fatal,Unknown,Unknown,Unknown,No,No,Yes,No,No,No,No,Yes,Yes,No,No,No,77,Waterfront Communities-The Island (77)
1350654,2013/03/30 04:00:00+00,1214,12,JANE ST,DALRYMPLE DR,Major Arterial,43.677233,-79.496135,Intersection,No Control,Clear,Daylight,Dry,Non-Fatal Injury,Driver,unknown,unknown,None,"Automobile, Station Wagon",Failed to Yield Right of Way,Unknown,No,Yes,Yes,No,No,No,No,No,Yes,No,No,No,111,Rockcliffe-Smythe (111)
1350140,2013/04/04 04:00:00+00,1251,12,THE EAST MALL,BLOOR St W,Major Arterial,43.636945,-79.55669,Intersection,Traffic Signal,Clear,Daylight,Dry,Non-Fatal Injury,Driver,85 to 89,87,Major,"Automobile, Station Wagon",Lost control,Unknown,No,No,Yes,No,No,No,No,No,No,No,No,No,14,Islington-City Centre West (14)
1353734,2013/04/04 04:00:00+00,2000,20,QUEEN St W,SPADINA Ave,Major Arterial,43.648944,-79.395587,Mid-Block,No Control,Clear,"Dusk, artificial",Dry,Non-Fatal Injury,Vehicle Owner,unknown,unknown,Unknown,Unknown,Unknown,Unknown,No,Yes,No,No,No,Yes,No,No,No,No,No,No,78,Kensington-Chinatown (78)
1354394,2013/04/05 04:00:00+00,2259,22,BLOOR ST W,MARGUERETTA ST,Major Arterial,43.658946,-79.439693,Intersection,No Control,Clear,Dark,Dry,Non-Fatal Injury,Driver,unknown,unknown,None,"Automobile, Station Wagon",Improper Passing,Unknown,No,Yes,Yes,No,No,No,No,No,Yes,No,No,No,83,Dufferin Grove (83)
1350472,2013/04/06 04:00:00+00,845,8,SHEPPARD AVE W,BATHURST ST,Major Arterial,43.755445,-79.43849,Intersection,Traffic Signal,Clear,Daylight,Dry,Non-Fatal Injury,Driver,75 to 79,77,None,"Automobile, Station Wagon",Failed to Yield Right of Way,Inattentive,Yes,No,Yes,No,No,No,No,No,Yes,No,No,No,34,Bathurst Manor (34)
1350745,2013/04/07 04:00:00+00,1145,11,DON MILLS RD,LEITH HILL RD,Major Arterial,43.777144,-79.347888,Intersection,Traffic Signal,Clear,Daylight,Dry,Non-Fatal Injury,Passenger,Over 95,unknown,Major,Other,Unknown,Unknown,No,No,Yes,No,No,No,No,No,Yes,Yes,No,No,47,Don Valley Village (47)
1354069,2013/04/08 04:00:00+00,1722,17,JARVIS ST,EARL PL,Major Arterial,43.667945,-79.37899,Intersection,Traffic Signal,Clear,Daylight,Wet,Non-Fatal Injury,Driver,50 to 54,52,None,"Automobile, Station Wagon",Driving Properly,Normal,No,Yes,Yes,No,No,No,No,No,No,No,No,No,74,North St.James Town (74)
1332159,2012/11/28 05:00:00+00,1723,17,DONCASTER AVE,MAIN ST,Minor Arterial,43.691645,-79.30339000000002,Intersection,No Control,Clear,Dark,Dry,Non-Fatal Injury,Driver,unknown,unknown,None,"Automobile, Station Wagon",Failed to Yield Right of Way,Normal,Yes,No,Yes,No,No,No,No,No,Yes,No,No,No,61,Taylor-Massey (61)
1328909,2012/11/29 05:00:00+00,125,1,WARDEN AVE,TOWER DR,Major Arterial,43.754345,-79.29839,Intersection,Traffic Signal,Clear,Dark,Dry,Non-Fatal Injury,Vehicle Owner,unknown,unknown,Unknown,Other,Unknown,Unknown,No,No,Yes,No,No,No,No,Yes,Yes,No,No,No,119,Wexford/Maryvale (119)
1336008,2012/11/29 05:00:00+00,1830,18,ROYAL YORK RD,MIMICO AVE,Minor Arterial,43.612246,-79.49669200000002,Intersection,Traffic Signal,Clear,"Dark, artificial",Dry,Non-Fatal Injury,Driver,20 to 24,22,None,"Automobile, Station Wagon",Driving Properly,Normal,Yes,No,Yes,No,No,No,No,No,No,No,No,No,17,Mimico (includes Humber Bay Shores) (17)
1328386,2012/11/30 05:00:00+00,1053,10,RUNNYMEDE RD,DUNDAS ST W,Major Arterial,43.665545,-79.48209,Intersection,Traffic Signal,Clear,Daylight,Dry,Non-Fatal Injury,Driver,70 to 74,72,Major,"Automobile, Station Wagon",Lost control,Medical or Physical Disability,No,No,Yes,No,No,No,No,No,No,No,No,Yes,90,Junction Area (90)
1336399,2012/12/01 05:00:00+00,2027,20,OVERLEA BLVD,WILLIAM MORGAN DR,Major Arterial,43.708245,-79.34029,Mid-Block,No Control,Clear,Dark,Dry,Non-Fatal Injury,Driver,25 to 29,27,None,"Automobile, Station Wagon",Driving Properly,Normal,Yes,No,Yes,No,No,No,No,No,No,No,No,No,55,Thorncliffe Park (55)
1337044,2012/12/02 05:00:00+00,210,2,KEELE ST,MURRAY ROSS PKWY,Major Arterial,43.767302,-79.49203,Intersection,Traffic Signal,Rain,"Dark, artificial",Wet,Non-Fatal Injury,Driver,55 to 59,57,Minimal,"Automobile, Station Wagon",Failed to Yield Right of Way,Fatigue,No,No,Yes,No,No,No,No,No,Yes,No,No,No,27,York University Heights (27)
1328705,2012/12/02 05:00:00+00,237,2,THE QUEENSWAY,PARK LAWN RD,Major Arterial,43.628745,-79.49169,Mid-Block,No Control,Clear,"Dark, artificial",Wet,Non-Fatal Injury,Passenger,unknown,unknown,None,Other,Unknown,Unknown,Yes,No,Yes,No,No,No,No,No,Yes,No,No,No,16,Stonegate-Queensway (16)
1379252,2012/12/02 05:00:00+00,315,3,MAITLAND ST,YONGE ST,Collector,43.665026,-79.378688,Mid-Block,No Control,Clear,Dark,Dry,Non-Fatal Injury,Vehicle Owner,unknown,unknown,Unknown,Other,Unknown,Unknown,Yes,No,Yes,No,No,No,No,No,No,No,No,No,75,Church-Yonge Corridor (75)
1337921,2012/12/02 05:00:00+00,1347,13,ELLESMERE RD,MARKHAM RD,Major Arterial,43.776445,-79.23179,Intersection,Traffic Signal,Rain,Daylight,Wet,Non-Fatal Injury,Vehicle Owner,unknown,unknown,Unknown,Other,Unknown,Unknown,Yes,No,Yes,No,No,No,No,No,No,No,No,No,137,Woburn (137)
1337045,2012/12/02 05:00:00+00,1603,16,EGLINTON AVE E,DON VALLEY PARKWAY  N,Major Arterial,43.723145,-79.33009,Intersection,No Control,Rain,"Dark, artificial",Wet,Non-Fatal Injury,Passenger,5 to 9,7,Minor,Other,Unknown,Unknown,No,No,Yes,No,No,No,No,Yes,Yes,No,No,No,44,Flemingdon Park (44)
1328809,2012/12/02 05:00:00+00,1745,17,BRIMLEY RD,SHEPPARD AVE E,Major Arterial,43.787545,-79.26829000000002,Intersection,Traffic Signal,"Fog, Mist, Smoke, Dust","Dark, artificial",Wet,Non-Fatal Injury,Driver,70 to 74,72,None,"Automobile, Station Wagon",Failed to Yield Right of Way,Unknown,Yes,No,Yes,No,No,No,No,No,Yes,No,No,No,128,Agincourt South-Malvern West (128)
1336620,2012/12/03 05:00:00+00,650,6,VICTORIA PARK AVE,LAWRENCE AVE E,Major Arterial,43.742145,-79.30979,Intersection,Traffic Signal,Clear,"Dawn, artificial",Dry,Non-Fatal Injury,Driver,40 to 44,42,None,"Automobile, Station Wagon",Improper Turn,Unknown,Yes,No,Yes,No,No,No,No,No,No,No,No,No,119,Wexford/Maryvale (119)
1329059,2012/12/03 05:00:00+00,1507,15,ELM RD,FAIRLAWN AVE,Collector,43.728645,-79.41439,Intersection,Stop Sign,Clear,Daylight,Dry,Fatal,Pedestrian,85 to 89,87,Fatal,Other,Unknown,Unknown,Yes,No,Yes,No,No,No,No,No,Yes,No,No,No,105,Lawrence Park North (105)
1329416,2012/12/04 05:00:00+00,1810,18,SHORNCLIFFE RD,BRAMSHOTT RD,Minor Arterial,43.627045,-79.54259,Intersection,No Control,Clear,"Dark, artificial",Wet,Non-Fatal Injury,Driver,45 to 49,47,None,"Automobile, Station Wagon",Driving Properly,Normal,Yes,No,Yes,No,No,No,No,No,No,No,No,No,14,Islington-City Centre West (14)
1338034,2012/12/06 05:00:00+00,50,5,DUNDAS ST W,PALMERSTON AVE,Major Arterial,43.651845,-79.40829000000002,Intersection,No Control,Clear,Dark,Dry,Non-Fatal Injury,Driver,25 to 29,27,None,"Automobile, Station Wagon",Driving Properly,Inattentive,Yes,No,Yes,No,No,No,No,No,No,No,No,No,81,Trinity-Bellwoods (81)
1338584,2012/12/07 05:00:00+00,1510,15,ELLESMERE RD,MARKHAM RD,Major Arterial,43.776007,-79.233508,Mid-Block,No Control,Rain,Daylight,Wet,Non-Fatal Injury,Passenger,50 to 54,52,Major,Other,Unknown,Unknown,No,No,Yes,No,No,No,No,Yes,Yes,No,No,No,137,Woburn (137)
1338446,2012/12/07 05:00:00+00,1819,18,ISLINGTON AVE,DUNDAS ST W,Major Arterial,43.651345,-79.52639,Intersection,Traffic Signal,Rain,"Dark, artificial",Wet,Non-Fatal Injury,Driver,35 to 39,37,None,"Automobile, Station Wagon",Failed to Yield Right of Way,Normal,Yes,No,Yes,No,No,No,No,No,Yes,No,No,No,15,Kingsway South (15)
1338518,2012/12/08 05:00:00+00,420,4,730 ROYAL YORK RD,Unknown,Minor Arterial,43.634745,-79.50609,Mid-Block,No Control,Clear,"Dark, artificial",Dry,Non-Fatal Injury,Driver,25 to 29,27,Major,"Automobile, Station Wagon",Other,Fatigue,No,No,Yes,No,No,No,No,No,No,No,No,No,16,Stonegate-Queensway (16)
1338579,2012/12/09 05:00:00+00,1644,16,YONGE ST,LAKE SHORE BLVD E,Major Arterial,43.644267,-79.375842,Intersection,Traffic Signal,Rain,"Dark, artificial",Wet,Non-Fatal Injury,Vehicle Owner,unknown,unknown,Unknown,Other,Unknown,Unknown,No,No,Yes,No,No,No,No,No,Yes,Yes,No,No,77,Waterfront Communities-The Island (77)
1331941,2012/12/09 05:00:00+00,1715,17,UNIVERSITY AVE,ELM ST,Major Arterial,43.656336,-79.38895699999998,Intersection,Traffic Signal,Clear,"Dark, artificial",Dry,Non-Fatal Injury,Driver,30 to 34,32,Major,"Automobile, Station Wagon",Driving Properly,Normal,No,No,Yes,No,No,No,No,No,No,No,No,No,76,Bay Street Corridor (76)
1338611,2012/12/09 05:00:00+00,1900,19,WOODFIELD RD,FAIRFORD AVE,Collector,43.674045,-79.32489,Intersection,Stop Sign,Freezing Rain,"Dark, artificial",Wet,Non-Fatal Injury,Driver,20 to 24,22,None,"Automobile, Station Wagon",Failed to Yield Right of Way,Normal,Yes,No,Yes,No,No,No,No,No,Yes,No,No,No,65,Greenwood-Coxwell (65)