ACCNUM,DATE,TIME,HOUR,STREET1,STREET2,ROAD_CLASS,LATITUDE,LONGITUDE,LOCCOORD,TRAFFCTL,VISIBILITY,LIGHT,RDSFCOND,ACCLASS,INVTYPE,INVAGE,Age_mid,INJURY,VEHTYPE,DRIVACT,DRIVCOND,PEDESTRIAN,CYCLIST,AUTOMOBILE,MOTORCYCLE,TRUCK,TRSN_CITY_VEH,EMERG_VEH,SPEEDING,AG_DRIV,REDLIGHT,ALCOHOL,DISABILITY,Hood_ID,Neighbourhood
4003549384,2014/12/25 05:00:00+00,2150,21,MCCOWAN RD,STEELES AVE E,Major Arterial,43.830973,-79.275157,Intersection,Traffic Signal,Clear,"Dark, artificial",Dry,Non-Fatal Injury,Driver,25 to 29,27,None,"Automobile, Station Wagon",Lost control,Normal,No,No,Yes,No,No,No,No,No,No,No,No,No,130,Milliken (130)
5000456484,2015/03/18 04:00:00+00,1050,10,LAWRENCE AVE W,KEELE ST,Major Arterial,43.708281,-79.479152,Mid-Block,No Control,Clear,Daylight,Dry,Non-Fatal Injury,Driver,65 to 69,67,None,"Automobile, Station Wagon",Driving Properly,Normal,Yes,No,Yes,No,No,No,No,No,No,No,No,No,30,Brookhaven-Amesbury (30)
5000518760,2015/03/19 04:00:00+00,1645,16,6212 YONGE ST,Unknown,Major Arterial,43.794638,-79.4192,Mid-Block,No Control,Clear,Daylight,Dry,Fatal,Pedestrian,80 to 84,82,Fatal,Unknown,Unknown,Unknown,Yes,No,Yes,No,No,No,No,No,Yes,No,No,No,50,Newtonbrook East (50)
5000466893,2015/03/20 04:00:00+00,58,5,262 TORRENS AVE,Unknown,Local,43.692526,-79.343501,Mid-Block,No Control,Clear,Dark,Dry,Fatal,Pedestrian,85 to 89,87,Fatal,Unknown,Unknown,Unknown,Yes,No,Yes,No,No,No,No,No,No,No,No,No,58,Old East York (58)
5000471839,2015/03/20 04:00:00+00,2010,20,ST CLAIR AVE W,ARLINGTON AVE,Major Arterial,43.681033,-79.428859,Intersection,Traffic Signal,Clear,"Dark, artificial",Dry,Fatal,Pedestrian,80 to 84,82,Fatal,Unknown,Unknown,Unknown,Yes,No,No,No,No,Yes,No,No,Yes,No,No,No,94,Wychwood (94)
5000471900,2015/03/20 04:00:00+00,2020,20,KING ST W,TYNDALL AVE,Major Arterial,43.638571,-79.429126,Intersection,Stop Sign,Clear,"Dark, artificial",Dry,Non-Fatal Injury,Driver,55 to 59,57,None,"Automobile, Station Wagon",Failed to Yield Right of Way,Inattentive,No,Yes,Yes,No,No,No,No,No,Yes,No,No,No,85,South Parkdale (85)
5000486236,2015/03/23 04:00:00+00,1100,11,HOMEWOOD AVENUE,MAITLAND PLACE,Collector,43.665728,-79.375522,Intersection,Stop Sign,Clear,Daylight,Dry,Non-Fatal Injury,Cyclist,15 to 19,17,Major,Bicycle,Unknown,Unknown,No,Yes,Yes,No,No,No,No,No,No,No,No,No,71,Cabbagetown-South St.James Town (71)
5000513349,2015/03/27 04:00:00+00,1950,19,EGLINTON AVE E,PHARMACY AVE,Major Arterial,43.725642,-79.297504,Intersection,No Control,Clear,"Dark, artificial",Dry,Non-Fatal Injury,Driver,55 to 59,57,None,Municipal Transit Bus (TTC),Driving Properly,Normal,No,No,No,No,No,Yes,No,No,No,No,No,No,119,Wexford/Maryvale (119)
5000513611,2015/03/27 04:00:00+00,2053,20,EGLINTON AVE E,VICTORIA PARK AVE,Major Arterial,43.724711,-79.302638,Intersection,No Control,Clear,"Dark, artificial",Dry,Fatal,Pedestrian,55 to 59,57,Fatal,Unknown,Unknown,Unknown,Yes,No,Yes,No,No,No,No,No,No,No,No,No,119,Wexford/Maryvale (119)
5000516977,2015/03/28 04:00:00+00,1238,12,JANE ST,MAPLE LEAF DR,Major Arterial,43.708796,-79.50543499999998,Mid-Block,No Control,Clear,Daylight,Dry,Non-Fatal Injury,Motorcycle Driver,20 to 24,22,Major,Motorcycle,Lost control,Normal,No,No,No,Yes,Yes,No,No,No,No,No,No,No,28,Rustic (28)
5000516992,2015/03/28 04:00:00+00,1240,12,REINER RD,WILSON HEIGHTS BLVD,Minor Arterial,43.74869,-79.454883,Intersection,Traffic Signal,Clear,Daylight,Dry,Fatal,Pedestrian,75 to 79,77,Fatal,Unknown,Unknown,Unknown,Yes,No,Yes,No,No,No,No,No,Yes,No,No,No,33,Clanton Park (33)
5000526787,2015/03/30 04:00:00+00,815,8,WARDEN AVE,MCNICOLL AVE,Major Arterial,43.805693,-79.320712,Mid-Block,No Control,Clear,Daylight,Wet,Non-Fatal Injury,Driver,35 to 39,37,Major,"Automobile, Station Wagon",Lost control,Unknown,No,No,Yes,No,No,No,No,No,No,No,No,No,116,Steeles (116)
5000528249,2015/03/30 04:00:00+00,1235,12,70 BEAUMONDE HEIGHTS DR,Unknown,Local,43.743289,-79.569011,Mid-Block,No Control,Clear,Daylight,Dry,Non-Fatal Injury,Driver,65 to 69,67,Major,Delivery Van,Lost control,Normal,No,No,Yes,No,No,No,No,No,No,No,No,No,3,Thistletown-Beaumond Heights (3)
5000542079,2015/04/01 04:00:00+00,1615,16,ISLINGTON AVE,AYLESBURY RD,Major Arterial,43.666384,-79.532947,Intersection,No Control,Clear,Daylight,Dry,Non-Fatal Injury,Driver,15 to 19,17,Minor,"Automobile, Station Wagon",Lost control,Normal,No,No,Yes,No,No,No,No,No,No,No,No,No,9,Edenbridge-Humber Valley (9)
5000543987,2015/04/01 04:00:00+00,2308,23,F G GARDINER XY  W,STRACHAN AVE,Unknown,43.637427,-79.41212,Mid-Block,No Control,Clear,"Dark, artificial",Dry,Fatal,Motorcycle Driver,unknown,unknown,Fatal,Motorcycle,Exceeding Speed Limit,Unknown,No,No,No,Yes,No,No,No,Yes,Yes,No,No,No,82,Niagara (82)
5000549380,2015/04/02 04:00:00+00,1951,19,DON MILLS RD,LEITH HILL RD,Major Arterial,43.777117,-79.347888,Intersection,Traffic Signal,Rain,"Dark, artificial",Wet,Non-Fatal Injury,Driver,20 to 24,22,None,"Automobile, Station Wagon",Disobeyed Traffic Control,Normal,Yes,No,Yes,No,No,No,No,No,Yes,Yes,No,No,47,Don Valley Village (47)
5000552062,2015/04/03 04:00:00+00,950,9,VICTORIA PARK AVE,COMBERMERE DR,Major Arterial,43.755992,-79.314578,Intersection,No Control,Clear,Daylight,Dry,Non-Fatal Injury,Driver,65 to 69,67,None,"Automobile, Station Wagon",Following too Close,Inattentive,No,No,Yes,No,No,No,No,No,Yes,No,No,No,119,Wexford/Maryvale (119)
5000553836,2015/04/03 04:00:00+00,1626,16,3231 EGLINTON AVE E,Unknown,Major Arterial,43.744261,-79.214069,Mid-Block,No Control,Clear,Daylight,Dry,Non-Fatal Injury,Driver,unknown,unknown,None,Unknown,Improper Lane Change,Unknown,No,No,No,Yes,No,No,No,No,No,No,No,No,139,Scarborough Village (139)
5000560313,2015/04/04 04:00:00+00,2010,20,BROADVIEW AVE,GERRARD ST E,Minor Arterial,43.66582,-79.352763,Mid-Block,No Control,Rain,"Dark, artificial",Wet,Fatal,Pedestrian,60 to 64,62,Fatal,Unknown,Unknown,Unknown,Yes,No,No,No,No,Yes,No,No,No,No,No,No,68,North Riverdale (68)
5000560374,2015/04/04 04:00:00+00,2028,20,JANE ST,EAST DR,Major Arterial,43.678931,-79.496852,Intersection,Traffic Signal,Snow,"Dark, artificial",Wet,Non-Fatal Injury,Driver,70 to 74,72,None,"Automobile, Station Wagon",Driving Properly,Normal,Yes,No,Yes,No,No,No,No,No,No,No,No,No,111,Rockcliffe-Smythe (111)
5000563919,2015/04/05 04:00:00+00,1433,14,DON VALLEY PARKWAY  S,SPANBRIDGE,Unknown,43.711615,-79.32657900000002,Mid-Block,No Control,Clear,Daylight,Dry,Non-Fatal Injury,Driver,unknown,unknown,None,Unknown,Improper Lane Change,Unknown,No,No,Yes,No,No,No,No,No,No,No,No,No,44,Flemingdon Park (44)
5000573038,2015/04/07 04:00:00+00,944,9,THELMA AVE,SPADINA RD,Minor Arterial,43.689421,-79.412998,Intersection,Stop Sign,Clear,Daylight,Dry,Non-Fatal Injury,Driver,45 to 49,47,None,"Automobile, Station Wagon",Other,Normal,Yes,No,Yes,No,No,No,No,No,No,No,No,No,101,Forest Hill South (101)
5000580621,2015/04/08 04:00:00+00,1427,14,APEX RD,LAWRENCE AVE W,Major Arterial,43.713267,-79.45858299999998,Intersection,Traffic Signal,Rain,Daylight,Wet,Non-Fatal Injury,Driver,65 to 69,67,None,"Automobile, Station Wagon",Failed to Yield Right of Way,Inattentive,Yes,No,Yes,No,No,No,No,No,Yes,No,No,No,31,Yorkdale-Glen Park (31)
5000589583,2015/04/10 04:00:00+00,304,3,KENNEDY RD,EGLINTON AVE E,Major Arterial,43.732192,-79.267925,Intersection,Traffic Signal,Rain,"Dark, artificial",Wet,Non-Fatal Injury,Driver,40 to 44,42,None,"Automobile, Station Wagon",Driving Properly,Normal,No,No,Yes,No,No,No,No,No,Yes,Yes,No,No,124,Kennedy Park (124)
5000591639,2015/04/10 04:00:00+00,1154,11,DAWES RD,DANFORTH AVE,Major Arterial,43.689288,-79.296764,Intersection,No Control,Clear,Daylight,Dry,Non-Fatal Injury,Driver,80 to 84,82,None,"Automobile, Station Wagon",Lost control,Inattentive,Yes,No,Yes,No,No,No,No,No,No,No,No,No,62,East End-Danforth (62)
5000611703,2015/04/13 04:00:00+00,1734,17,WILSON AVE,WILLIAM CRAGG DR,Major Arterial,43.722663,-79.499889,Mid-Block,No Control,Clear,Daylight,Dry,Fatal,Driver,85 to 89,87,Fatal,"Automobile, Station Wagon",Following too Close,Inattentive,No,No,Yes,No,No,Yes,No,No,Yes,No,No,No,26,Downsview-Roding-CFB (26)
5000613755,2015/04/14 04:00:00+00,115,1,7 INVERLEIGH DR,Unknown,Local,43.625903,-79.495113,Mid-Block,No Control,Clear,"Dark, artificial",Dry,Non-Fatal Injury,Driver,35 to 39,37,Unknown,"Automobile, Station Wagon",Other,Unknown,Yes,No,Yes,No,No,No,No,No,No,No,No,No,16,Stonegate-Queensway (16)
5000620916,2015/04/15 04:00:00+00,658,6,FINCH AVE W,ARROW RD,Major Arterial,43.753512,-79.534999,Mid-Block,No Control,Clear,Daylight,Dry,Non-Fatal Injury,Driver,25 to 29,27,None,"Automobile, Station Wagon",Improper Lane Change,Normal,No,No,Yes,No,No,No,Yes,No,No,No,No,No,22,Humbermede (22)
5000630061,2015/04/16 04:00:00+00,1540,15,LAKE SHORE BLVD E,LOWER JARVIS ST,Major Arterial,43.645556,-79.369815,Intersection,Traffic Signal,Clear,Daylight,Dry,Non-Fatal Injury,Driver,85 to 89,87,None,"Automobile, Station Wagon",Failed to Yield Right of Way,Inattentive,No,No,Yes,No,No,No,No,No,Yes,No,No,No,77,Waterfront Communities-The Island (77)
5000643015,2015/04/18 04:00:00+00,1724,17,BYNG AVE,DORIS AVE,Minor Arterial,43.776915,-79.41318100000002,Intersection,Traffic Signal,Clear,Daylight,Dry,Non-Fatal Injury,Driver,55 to 59,57,Major,"Automobile, Station Wagon",Failed to Yield Right of Way,Normal,No,No,Yes,Yes,No,No,No,Yes,Yes,No,No,No,51,Willowdale East (51)
5000653521,2015/04/20 04:00:00+00,1405,14,1159 DUNDAS ST E,Unknown,Minor Arterial,43.664443,-79.34238,Mid-Block,No Control,Clear,Daylight,Dry,Fatal,Pedestrian,30 to 34,32,Fatal,Unknown,Unknown,Unknown,Yes,No,Yes,No,No,No,No,No,Yes,No,No,No,70,South Riverdale (70)
5000656009,2015/04/20 04:00:00+00,2123,21,FINCH AVE E,WAYSIDE AVE,Major Arterial,43.800505,-79.29964,Intersection,Traffic Signal,Clear,"Dark, artificial",Dry,Non-Fatal Injury,Driver,35 to 39,37,Major,Passenger Van,Lost control,Normal,No,No,Yes,No,No,No,No,Yes,Yes,No,Yes,No,117,L'Amoreaux (117)
6001348693,2016/08/01 04:00:00+00,156,1,MORNINGSIDE AVE,HALFWAY AVE,Minor Arterial,43.817847,-79.213687,Intersection,No Control,Clear,"Dark, artificial",Dry,Non-Fatal Injury,Passenger,15 to 19,17,Minimal,Unknown,Unknown,Unknown,No,No,Yes,No,No,Yes,No,No,Yes,No,No,No,131,Rouge (131)
6001358700,2016/08/02 04:00:00+00,1745,17,FRONT ST E,YONGE ST,Major Arterial,43.646811,-79.376933,Intersection,Traffic Signal,Clear,Daylight,Dry,Non-Fatal Injury,Driver,55 to 59,57,None,"Automobile, Station Wagon",Following too Close,Normal,No,No,Yes,Yes,No,No,No,No,Yes,No,No,No,77,Waterfront Communities-The Island (77)
6001359904,2016/08/02 04:00:00+00,2112,21,BLUE JAYS WAY,NAVY WHARF CRT,Minor Arterial,43.64157,-79.391864,Intersection,Stop Sign,Clear,"Dark, artificial",Dry,Non-Fatal Injury,Driver,55 to 59,57,None,Passenger Van,Failed to Yield Right of Way,Normal,Yes,No,Yes,No,No,No,No,No,Yes,No,No,No,77,Waterfront Communities-The Island (77)
6001363275,2016/08/03 04:00:00+00,1154,11,STEELES AVE W,HILDA AVE,Major Arterial,43.795935,-79.429225,Intersection,Traffic Signal,Clear,Daylight,Dry,Non-Fatal Injury,Driver,25 to 29,27,Minor,"Automobile, Station Wagon",Failed to Yield Right of Way,Inattentive,No,No,Yes,No,No,No,No,No,Yes,No,No,No,36,Newtonbrook West (36)
6001365744,2016/08/03 04:00:00+00,1822,18,ELLESMERE RD,HELICON GT,Major Arterial,43.778483,-79.222179,Intersection,Traffic Signal,Clear,Daylight,Dry,Non-Fatal Injury,Driver,60 to 64,62,Minimal,"Automobile, Station Wagon",Disobeyed Traffic Control,Inattentive,No,No,Yes,No,No,No,No,No,Yes,Yes,No,No,135,Morningside (135)
6001365949,2016/08/03 04:00:00+00,1858,18,DUFFERIN ST,WATERLOO AVE,Local,43.754481,-79.463718,Intersection,Stop Sign,Clear,Daylight,Dry,Non-Fatal Injury,Motorcycle Driver,40 to 44,42,Major,Motorcycle,Improper Passing,Normal,No,No,Yes,Yes,No,No,No,No,Yes,No,No,No,34,Bathurst Manor (34)
6001376721,2016/08/05 04:00:00+00,1225,12,FINCH AVE W,TALBOT RD,Major Arterial,43.778243,-79.422359,Mid-Block,No Control,Clear,Daylight,Dry,Fatal,Pedestrian,80 to 84,82,Fatal,Unknown,Unknown,Unknown,Yes,No,Yes,No,No,No,No,No,No,No,No,No,37,Willowdale West (37)
6001378926,2016/08/05 04:00:00+00,1829,18,REXDALE BLVD,HUMBERWOOD BLVD,Major Arterial,43.720599,-79.611308,Mid-Block,No Control,Clear,Daylight,Dry,Fatal,Motorcycle Driver,25 to 29,27,Fatal,Motorcycle,Lost control,Unknown,No,No,No,Yes,Yes,No,No,Yes,Yes,No,No,No,1,West Humber-Clairville (1)
6001385962,2016/08/06 04:00:00+00,2029,20,LAKE SHORE BLVD E,DON ROADWAY,Major Arterial,43.65082,-79.346919,Intersection,Traffic Signal,Clear,Daylight,Dry,Non-Fatal Injury,Driver,50 to 54,52,Minor,"Automobile, Station Wagon",Improper Turn,Inattentive,No,No,Yes,No,No,No,No,No,No,No,No,No,70,South Riverdale (70)
6000133147,2016/01/23 05:00:00+00,35,3,BATHURST ST,FORT YORK BLVD,Major Arterial,43.638827,-79.400638,Intersection,Traffic Signal,Clear,"Dark, artificial",Dry,Non-Fatal Injury,Driver,40 to 44,42,None,"Automobile, Station Wagon",Driving Properly,Unknown,No,No,Yes,No,No,No,No,Yes,Yes,No,No,No,77,Waterfront Communities-The Island (77)
6001402361,2016/08/09 04:00:00+00,1228,12,KEELE ST,HIRONS ST,Major Arterial,43.669467,-79.46628100000002,Intersection,Stop Sign,Clear,Daylight,Dry,Non-Fatal Injury,Motorcycle Driver,30 to 34,32,Major,Motorcycle,Exceeding Speed Limit,Inattentive,No,No,Yes,Yes,No,No,No,Yes,Yes,No,No,No,90,Junction Area (90)
6001406724,2016/08/10 04:00:00+00,329,3,DANFORTH RD,THICKETWOOD DR      (431),Major Arterial,43.744784,-79.244685,Intersection,Stop Sign,Clear,"Daylight, artificial",Wet,Non-Fatal Injury,Driver,unknown,unknown,None,Unknown,Driving Properly,Unknown,Yes,No,No,No,No,No,No,No,No,No,No,No,138,Eglinton East (138)
6001410250,2016/08/10 04:00:00+00,1603,16,MARCELLA ST,ANGORA ST,Local,43.759055,-79.21384,Intersection,Stop Sign,Clear,Daylight,Dry,Non-Fatal Injury,Driver,60 to 64,62,None,"Automobile, Station Wagon",Failed to Yield Right of Way,Inattentive,No,No,Yes,No,No,No,No,No,Yes,No,No,No,137,Woburn (137)
6001416564,2016/08/11 04:00:00+00,1603,16,WESTHUMBER BLVD,KIPLING AVE,Major Arterial,43.728068,-79.574611,Intersection,Traffic Signal,Clear,Daylight,Dry,Non-Fatal Injury,Driver,45 to 49,47,None,"Automobile, Station Wagon",Failed to Yield Right of Way,Normal,Yes,No,Yes,No,No,No,No,Yes,Yes,No,No,No,4,Rexdale-Kipling (4)
6001431942,2016/08/13 04:00:00+00,2223,22,LAKE SHORE BLVD W,LONG BRANCH AVE,Major Arterial,43.594142,-79.53458,Mid-Block,No Control,Clear,"Dark, artificial",Wet,Non-Fatal Injury,Motorcycle Driver,25 to 29,27,Major,Motorcycle,Lost control,Inattentive,No,No,No,Yes,No,No,No,No,No,No,No,No,19,Long Branch (19)
6001433140,2016/08/14 04:00:00+00,250,2,STEELES AVE E,REESOR RD,Minor Arterial,43.84878,-79.19795500000002,Mid-Block,No Control,Clear,Dark,Dry,Fatal,Driver,20 to 24,22,Fatal,"Automobile, Station Wagon",Driving Properly,Normal,No,No,Yes,No,No,No,No,Yes,Yes,No,No,No,131,Rouge (131)
6001446484,2016/08/16 04:00:00+00,917,9,WELLESLEY ST E,PARLIAMENT ST,Minor Arterial,43.668101,-79.369525,Intersection,Traffic Signal,Rain,Daylight,Wet,Non-Fatal Injury,Driver,20 to 24,22,None,"Automobile, Station Wagon",Failed to Yield Right of Way,Inattentive,Yes,No,Yes,No,No,No,No,No,Yes,No,No,No,71,Cabbagetown-South St.James Town (71)
6001451280,2016/08/16 04:00:00+00,2325,23,THE WEST MALL,THE QUEENSWAY,Major Arterial,43.6123,-79.56263299999998,Intersection,Traffic Signal,Clear,"Dark, artificial",Dry,Non-Fatal Injury,Cyclist,30 to 34,32,Major,Bicycle,Unknown,Unknown,No,Yes,No,No,Yes,No,No,No,No,No,No,No,14,Islington-City Centre West (14)
6001455596,2016/08/17 04:00:00+00,1606,16,KEELE ST,MURRAY ROSS PKWY,Major Arterial,43.768675,-79.492366,Mid-Block,No Control,Clear,Daylight,Dry,Non-Fatal Injury,Driver,55 to 59,57,Major,"Automobile, Station Wagon",Lost control,Medical or Physical Disability,No,No,Yes,No,No,No,No,Yes,Yes,No,No,Yes,27,York University Heights (27)
6001466377,2016/08/19 04:00:00+00,904,9,FINCH AVE E,SKYMARK DR,Major Arterial,43.793151,-79.352275,Intersection,Traffic Signal,Clear,Daylight,Dry,Fatal,Pedestrian,80 to 84,82,Fatal,Unknown,Unknown,Unknown,Yes,No,Yes,No,No,No,No,No,No,No,No,No,47,Don Valley Village (47)
6001469848,2016/08/19 04:00:00+00,1853,18,KIPLING AVE,DIXON RD,Major Arterial,43.694178,-79.558605,Intersection,Traffic Signal,Clear,Daylight,Dry,Non-Fatal Injury,Driver,40 to 44,42,None,"Automobile, Station Wagon",Driving Properly,Normal,Yes,No,Yes,No,No,No,No,No,No,No,No,No,6,Kingsview Village-The Westway (6)
6000946578,2016/06/01 04:00:00+00,240,2,LAKE SHORE BLVD W,MILES RD,Major Arterial,43.608233,-79.490337,Intersection,No Control,Clear,"Dark, artificial",Dry,Non-Fatal Injury,Passenger,25 to 29,27,Minimal,Unknown,Unknown,Unknown,No,No,Yes,No,No,No,No,Yes,Yes,No,No,No,17,Mimico (includes Humber Bay Shores) (17)
6001470144,2016/08/19 04:00:00+00,1948,19,CONLINS RD,MILNER AVE,Collector,43.799857,-79.188243,Mid-Block,No Control,Clear,Daylight,Dry,Non-Fatal Injury,Motorcycle Driver,20 to 24,22,Major,Motorcycle,Improper Passing,Inattentive,No,No,Yes,Yes,No,No,No,Yes,Yes,No,No,No,131,Rouge (131)
6001474436,2016/08/20 04:00:00+00,1323,13,SHEPPARD AVE W,JANE ST,Major Arterial,43.739318,-79.51317900000002,Intersection,Traffic Signal,Clear,Daylight,Dry,Non-Fatal Injury,Driver,80 to 84,82,Major,"Automobile, Station Wagon",Exceeding Speed Limit,Inattentive,No,No,Yes,No,Yes,No,No,Yes,Yes,No,No,No,25,Glenfield-Jane Heights (25)
6001479157,2016/08/21 04:00:00+00,634,6,FINCH AVE E,TRUDY RD,Major Arterial,43.790763,-79.363033,Intersection,No Control,Clear,Daylight,Dry,Non-Fatal Injury,Driver,20 to 24,22,Major,"Automobile, Station Wagon",Lost control,Had Been Drinking,No,No,Yes,No,No,No,No,Yes,Yes,No,No,No,47,Don Valley Village (47)
6001481386,2016/08/21 04:00:00+00,1617,16,ALBION RD,HIGHWAY 27  N,Major Arterial,43.744208,-79.607509,Intersection,Traffic Signal,Clear,Daylight,Dry,Non-Fatal Injury,Driver,35 to 39,37,None,"Automobile, Station Wagon",Improper Turn,Inattentive,No,No,Yes,No,No,No,No,No,No,No,No,No,1,West Humber-Clairville (1)
6001486402,2016/08/22 04:00:00+00,1312,13,DUFFERIN ST,DUNDAS ST W,Minor Arterial,43.649577,-79.431415,Intersection,Traffic Signal,Clear,Daylight,Dry,Non-Fatal Injury,Driver,60 to 64,62,None,"Automobile, Station Wagon",Failed to Yield Right of Way,Normal,Yes,No,Yes,No,No,No,No,No,Yes,No,No,No,84,Little Portugal (84)
6001501601,2016/08/24 04:00:00+00,1811,18,JANE ST,ALLIANCE AVE,Major Arterial,43.676676,-79.495929,Mid-Block,No Control,Clear,Daylight,Dry,Non-Fatal Injury,Driver,30 to 34,32,Major,"Automobile, Station Wagon",Lost control,Normal,No,No,Yes,No,No,No,No,No,Yes,No,No,No,111,Rockcliffe-Smythe (111)
6001509218,2016/08/25 04:00:00+00,2153,21,DIXON RD,ISLINGTON AVE,Major Arterial,43.696978,-79.546687,Intersection,Traffic Signal,Clear,"Dark, artificial",Dry,Non-Fatal Injury,Driver,30 to 34,32,None,"Automobile, Station Wagon",Improper Turn,Normal,Yes,No,Yes,No,No,No,No,No,No,No,No,No,6,Kingsview Village-The Westway (6)
6001511108,2016/08/26 04:00:00+00,850,8,LOWER JARVIS ST,LAKE SHORE BLVD E,Major Arterial,43.645556,-79.369815,Intersection,Traffic Signal,Clear,Daylight,Dry,Non-Fatal Injury,Driver,30 to 34,32,None,"Automobile, Station Wagon",Disobeyed Traffic Control,Inattentive,Yes,No,Yes,No,No,No,No,No,Yes,Yes,No,No,77,Waterfront Communities-The Island (77)
6001513720,2016/08/26 04:00:00+00,1600,16,116 ELINOR AVE,JOY DR,Local,43.752097,-79.303737,Mid-Block,No Control,Clear,Daylight,Dry,Non-Fatal Injury,Driver,unknown,unknown,None,"Automobile, Station Wagon",Failed to Yield Right of Way,Inattentive,No,Yes,Yes,No,No,No,No,No,Yes,No,No,No,119,Wexford/Maryvale (119)
6001515823,2016/08/26 04:00:00+00,2215,22,LAKE SHORE BLVD W,BRITISH COLUMBIA RD,Major Arterial,43.629969,-79.425586,Mid-Block,No Control,Clear,"Dark, artificial",Dry,Non-Fatal Injury,Motorcycle Driver,40 to 44,42,Major,Motorcycle,Lost control,Normal,No,No,Yes,Yes,No,No,No,Yes,Yes,No,No,No,82,Niagara (82)
6001519318,2016/08/27 04:00:00+00,1356,13,ROYAL YORK RD,NEWCASTLE ST,Minor Arterial,43.617427,-79.498882,Intersection,Traffic Signal,Clear,Daylight,Dry,Non-Fatal Injury,Driver,70 to 74,72,None,"Automobile, Station Wagon",Failed to Yield Right of Way,Normal,Yes,No,Yes,No,No,No,No,No,Yes,No,No,No,17,Mimico (includes Humber Bay Shores) (17)
6001526094,2016/08/27 04:00:00+00,2315,23,18 CORTLEIGH BLVD,Unknown,Local,43.71342,-79.407489,Mid-Block,No Control,Clear,Dark,Dry,Non-Fatal Injury,Passenger,15 to 19,17,None,Unknown,Unknown,Unknown,No,No,No,No,No,No,No,Yes,Yes,No,No,No,103,Lawrence Park South (103)
6001529591,2016/08/29 04:00:00+00,745,7,STEELES AVE E,PHARMACY AVE,Major Arterial,43.816851,-79.33642900000002,Intersection,Traffic Signal,Clear,Daylight,Dry,Non-Fatal Injury,Driver,35 to 39,37,None,"Automobile, Station Wagon",Failed to Yield Right of Way,Inattentive,Yes,No,Yes,No,No,No,No,No,Yes,No,No,No,116,Steeles (116)
6001532518,2016/08/29 04:00:00+00,1610,16,WARDEN AVE,CONTINENTAL PL,Major Arterial,43.763491,-79.30125699999998,Intersection,Stop Sign,Clear,Daylight,Dry,Non-Fatal Injury,Driver,55 to 59,57,None,"Automobile, Station Wagon",Improper Turn,Inattentive,No,No,Yes,Yes,No,No,No,No,No,No,No,No,119,Wexford/Maryvale (119)
6001535813,2016/08/30 04:00:00+00,630,6,WARDEN AVE,FINCH AVE E,Major Arterial,43.796763,-79.315753,Intersection,Traffic Signal,Clear,Daylight,Dry,Fatal,Passenger,25 to 29,27,Fatal,Unknown,Unknown,Unknown,No,No,Yes,No,No,Yes,No,No,No,No,No,No,117,L'Amoreaux (117)
5001918358,2015/11/08 05:00:00+00,340,3,WARDEN AVE,HUNTINGWOOD DR,Major Arterial,43.786265,-79.311298,Mid-Block,No Control,Clear,"Dark, artificial",Dry,Non-Fatal Injury,Driver,30 to 34,32,Major,"Automobile, Station Wagon",Wrong Way on One Way Road,Unknown,No,No,Yes,No,No,No,No,No,No,No,No,No,117,L'Amoreaux (117)
6001143418,2016/06/30 04:00:00+00,1143,11,JANE ST,WILSON AVE,Major Arterial,43.720904,-79.508617,Intersection,Traffic Signal,Clear,Daylight,Dry,Non-Fatal Injury,Cyclist,20 to 24,22,Major,Bicycle,Unknown,Unknown,No,Yes,No,No,Yes,No,No,No,No,No,No,No,26,Downsview-Roding-CFB (26)
5002176400,2015/12/19 05:00:00+00,2220,22,YONGE ST,SHELDRAKE BLVD,Major Arterial,43.714938,-79.40009599999998,Intersection,Stop Sign,Clear,"Dark, artificial",Dry,Non-Fatal Injury,Pedestrian,65 to 69,67,Major,Unknown,Unknown,Unknown,Yes,No,Yes,No,No,No,No,No,No,No,No,No,99,Mount Pleasant East (99)
5001919444,2015/11/08 05:00:00+00,1100,11,LAWRENCE AVE E,GREENHOLM CRCT,Major Arterial,43.760302,-79.22298,Intersection,Traffic Signal,Clear,Daylight,Dry,Non-Fatal Injury,Driver,40 to 44,42,None,"Automobile, Station Wagon",Failed to Yield Right of Way,Normal,Yes,No,Yes,No,No,No,No,No,Yes,No,No,No,137,Woburn (137)
5002178129,2015/12/20 05:00:00+00,639,6,DUFFERIN ST,DAVENPORT RD,Major Arterial,43.672553,-79.440799,Mid-Block,No Control,Clear,"Dark, artificial",Dry,Non-Fatal Injury,Cyclist,30 to 34,32,Major,Bicycle,Unknown,Unknown,No,Yes,Yes,No,No,No,No,No,No,No,No,No,93,Dovercourt-Wallace Emerson-Junction (93)