ACCNUM,DATE,TIME,HOUR,STREET1,STREET2,ROAD_CLASS,LATITUDE,LONGITUDE,LOCCOORD,TRAFFCTL,VISIBILITY,LIGHT,RDSFCOND,ACCLASS,INVTYPE,INVAGE,Age_mid,INJURY,VEHTYPE,DRIVACT,DRIVCOND,PEDESTRIAN,CYCLIST,AUTOMOBILE,MOTORCYCLE,TRUCK,TRSN_CITY_VEH,EMERG_VEH,SPEEDING,AG_DRIV,REDLIGHT,ALCOHOL,DISABILITY,Hood_ID,Neighbourhood
5002054157,2015/11/30 05:00:00+00,1715,17,BATHURST ST,MARMION AVE,Major Arterial,43.726615,-79.431415,Intersection,No Control,Clear,"Dark, artificial",Dry,Fatal,Pedestrian,65 to 69,67,Fatal,Unknown,Unknown,Unknown,Yes,No,Yes,No,No,No,No,No,Yes,No,No,No,39,Bedford Park-Nortown (39)
5002054612,2015/11/30 05:00:00+00,1833,18,FLORENCE AVE,BOTHAM RD,Collector,43.757376,-79.41370699999997,Intersection,Stop Sign,Clear,"Dark, artificial",Dry,Non-Fatal Injury,Driver,45 to 49,47,None,"Automobile, Station Wagon",Failed to Yield Right of Way,Inattentive,Yes,No,Yes,No,No,No,No,No,Yes,No,No,No,38,Lansing-Westgate (38)
5002061502,2015/12/01 05:00:00+00,2107,21,THE QUEENSWAY,NORTH QUEEN ST,Major Arterial,43.614207,-79.55614,Intersection,Traffic Signal,Rain,Dark,Wet,Non-Fatal Injury,Truck Driver,55 to 59,57,None,Truck-Tractor,Failed to Yield Right of Way,Inattentive,Yes,No,No,No,Yes,No,No,No,Yes,No,No,No,14,Islington-City Centre West (14)
5002065903,2015/12/02 05:00:00+00,1419,14,LAWRENCE AVE W,BATHURST ST,Major Arterial,43.719248,-79.429813,Intersection,Traffic Signal,Clear,Daylight,Dry,Fatal,Pedestrian,90 to 94,92,Fatal,Unknown,Unknown,Unknown,Yes,No,Yes,No,No,No,No,No,Yes,No,No,No,39,Bedford Park-Nortown (39)
5002074254,2015/12/03 05:00:00+00,2038,20,KINGSTON RD,FAIRCROFT BLVD,Major Arterial,43.729457,-79.22742,Mid-Block,No Control,Clear,"Dark, artificial",Dry,Fatal,Driver,30 to 34,32,Fatal,"Automobile, Station Wagon",Lost control,Inattentive,No,No,Yes,No,No,No,No,Yes,Yes,No,No,No,123,Cliffcrest (123)
5002075350,2015/12/04 05:00:00+00,109,1,ISABELLA ST,SHERBOURNE ST,Collector,43.669455,-79.376643,Mid-Block,No Control,Clear,Dark,Dry,Non-Fatal Injury,Driver,45 to 49,47,None,"Automobile, Station Wagon",Driving Properly,Normal,Yes,No,Yes,No,No,No,No,No,No,No,No,No,74,North St.James Town (74)
5002088367,2015/12/06 05:00:00+00,2,2,KING ST W,BRANT ST,Major Arterial,43.644942,-79.397632,Intersection,Pedestrian Crossover,Clear,"Dark, artificial",Dry,Non-Fatal Injury,Driver,unknown,unknown,None,"Automobile, Station Wagon",Failed to Yield Right of Way,Unknown,Yes,No,Yes,No,No,No,No,No,Yes,No,No,No,77,Waterfront Communities-The Island (77)
5002094213,2015/12/07 05:00:00+00,655,6,FINCH AVE W,WESTON RD,Major Arterial,43.752082,-79.542362,Intersection,Traffic Signal,Clear,"Dark, artificial",Dry,Non-Fatal Injury,Driver,60 to 64,62,None,"Automobile, Station Wagon",Driving Properly,Normal,Yes,No,Yes,No,No,No,No,No,No,No,No,No,21,Humber Summit (21)
5002098323,2015/12/07 05:00:00+00,1905,19,STEELES AVE W,JANE ST,Major Arterial,43.775462,-79.521716,Intersection,Traffic Signal,Clear,"Dark, artificial",Dry,Non-Fatal Injury,Driver,unknown,unknown,None,"Automobile, Station Wagon",Improper Lane Change,Inattentive,No,No,Yes,No,No,Yes,No,No,No,No,No,No,27,York University Heights (27)
5002105318,2015/12/08 05:00:00+00,2115,21,LOWTHER AVE,SPADINA RD,Minor Arterial,43.668948,-79.404765,Intersection,Traffic Signal,Rain,"Dark, artificial",Wet,Non-Fatal Injury,Cyclist,20 to 24,22,Major,Bicycle,Unknown,Unknown,No,Yes,Yes,No,No,No,No,No,No,No,No,No,95,Annex (95)
5002127671,2015/12/12 05:00:00+00,646,6,QUEEN ST E,VICTORIA ST,Major Arterial,43.65267100000001,-79.378078,Intersection,Traffic Signal,Clear,"Dark, artificial",Dry,Non-Fatal Injury,Driver,45 to 49,47,None,Pick Up Truck,Driving Properly,Normal,Yes,No,Yes,No,No,No,No,No,No,No,No,No,75,Church-Yonge Corridor (75)
5002131445,2015/12/12 05:00:00+00,1941,19,JANE ST,WEATHERELL ST,Major Arterial,43.651641,-79.485439,Intersection,No Control,Clear,"Dark, artificial",Dry,Non-Fatal Injury,Driver,20 to 24,22,None,"Automobile, Station Wagon",Improper Lane Change,Normal,No,No,Yes,Yes,No,No,No,No,No,No,No,No,89,Runnymede-Bloor West Village (89)
5002136221,2015/12/13 05:00:00+00,1556,15,PARKSIDE DR,INDIAN VALLEY CRES,Major Arterial,43.651126,-79.458499,Intersection,Traffic Signal,Rain,Daylight,Wet,Non-Fatal Injury,Driver,35 to 39,37,None,"Automobile, Station Wagon",Following too Close,Normal,No,Yes,Yes,No,No,No,No,No,Yes,No,No,No,87,High Park-Swansea (87)
5002137387,2015/12/13 05:00:00+00,2013,20,DUFFERIN ST,CARTWRIGHT AVE,Major Arterial,43.723784,-79.456859,Intersection,No Control,Clear,"Dark, artificial",Dry,Non-Fatal Injury,Pedestrian,25 to 29,27,Major,Unknown,Unknown,Unknown,Yes,No,No,No,No,No,No,No,No,No,No,No,31,Yorkdale-Glen Park (31)
5002181080,2015/12/14 05:00:00+00,1726,17,KING ST W,FRASER AVE,Major Arterial,43.639392,-79.4248,Intersection,Streetcar (Stop for),Rain,"Dark, artificial",Wet,Non-Fatal Injury,Driver,unknown,unknown,None,"Automobile, Station Wagon",Failed to Yield Right of Way,Unknown,Yes,No,Yes,No,No,No,No,No,Yes,No,No,No,85,South Parkdale (85)
5002147377,2015/12/15 05:00:00+00,1100,11,JANE ST,SPEERS AVE,Major Arterial,43.70156400000001,-79.50344399999999,Intersection,No Control,Clear,Daylight,Dry,Fatal,Passenger,80 to 84,82,Fatal,Unknown,Unknown,Unknown,No,No,Yes,No,No,No,No,No,No,No,No,No,30,Brookhaven-Amesbury (30)
5002156360,2015/12/16 05:00:00+00,1645,16,FINCH AVE E,BRIMLEY RD,Major Arterial,43.805636,-79.277362,Intersection,Traffic Signal,Clear,Dusk,Wet,Non-Fatal Injury,Driver,55 to 59,57,None,"Automobile, Station Wagon",Improper Turn,Unknown,No,No,Yes,No,No,No,No,No,No,No,No,No,129,Agincourt North (129)
5002168343,2015/12/18 05:00:00+00,1452,14,4727 SHEPPARD AVE E,Unknown,Major Arterial,43.79143,-79.250346,Mid-Block,No Control,Clear,Daylight,Dry,Non-Fatal Injury,Driver,80 to 84,82,None,"Automobile, Station Wagon",Driving Properly,Normal,Yes,No,Yes,No,No,No,No,No,No,No,No,No,128,Agincourt South-Malvern West (128)
5002206137,2015/12/25 05:00:00+00,819,8,QUEEN ST W,TRINITY DR,Major Arterial,43.645293,-79.413158,Intersection,Traffic Signal,Clear,Daylight,Dry,Non-Fatal Injury,Driver,30 to 34,32,None,Street Car,Driving Properly,Normal,Yes,No,No,No,No,Yes,No,No,No,No,No,No,82,Niagara (82)
6000775432,2016/05/06 04:00:00+00,755,7,WELLINGTON ST E,YONGE ST,Major Arterial,43.647834,-79.377361,Intersection,No Control,Clear,Daylight,Dry,Non-Fatal Injury,Truck Driver,25 to 29,27,None,"Truck - Closed (Blazer, etc)",Other,Normal,Yes,No,No,No,Yes,No,No,No,No,No,No,No,75,Church-Yonge Corridor (75)
6000780145,2016/05/06 04:00:00+00,2025,20,ADELAIDE ST W,TECUMSETH ST,Collector,43.644461,-79.40652,Mid-Block,No Control,Clear,Dusk,Dry,Non-Fatal Injury,Driver,30 to 34,32,None,"Automobile, Station Wagon",Driving Properly,Normal,No,No,Yes,No,No,No,No,No,No,No,No,No,82,Niagara (82)
6000781338,2016/05/07 04:00:00+00,15,1,SHEPPARD AVE W,EASTON RD,Major Arterial,43.758208,-79.425723,Intersection,No Control,Clear,"Dark, artificial",Dry,Non-Fatal Injury,Driver,25 to 29,27,None,"Automobile, Station Wagon",Driving Properly,Normal,Yes,No,Yes,No,No,No,No,No,Yes,No,No,No,38,Lansing-Westgate (38)
6000789815,2016/05/08 04:00:00+00,1133,11,BROADVIEW AVE,JACK LAYTON WAY,Minor Arterial,43.666148,-79.352901,Intersection,No Control,Clear,Daylight,Dry,Non-Fatal Injury,Driver,70 to 74,72,None,"Automobile, Station Wagon",Failed to Yield Right of Way,Normal,No,No,Yes,Yes,No,No,No,No,Yes,No,No,No,68,North Riverdale (68)
6000800445,2016/05/10 04:00:00+00,648,6,FINCH AVE W,SIGNET DR,Major Arterial,43.753218,-79.53622,Intersection,Traffic Signal,Clear,Daylight,Dry,Non-Fatal Injury,Cyclist,30 to 34,32,Minimal,Bicycle,Unknown,Unknown,No,Yes,Yes,No,No,No,No,No,No,No,No,No,22,Humbermede (22)
6000874773,2016/05/15 04:00:00+00,30,3,DUNDAS ST W,OSSINGTON AVE,Major Arterial,43.649394,-79.42003199999998,Mid-Block,No Control,Clear,Dark,Dry,Non-Fatal Injury,Driver,unknown,unknown,None,"Automobile, Station Wagon",Improper Turn,Inattentive,No,Yes,Yes,No,No,No,No,No,No,No,No,No,81,Trinity-Bellwoods (81)
6000846295,2016/05/17 04:00:00+00,820,8,2632 EGLINTON AVE E,Unknown,Major Arterial,43.735991,-79.25098,Mid-Block,No Control,Clear,Daylight,Dry,Non-Fatal Injury,Driver,60 to 64,62,None,Passenger Van,Driving Properly,Normal,Yes,No,Yes,No,No,No,No,No,No,No,No,No,124,Kennedy Park (124)
6000848793,2016/05/17 04:00:00+00,1414,14,JANE ST,TROUTBROOKE DR,Major Arterial,43.731806,-79.511264,Intersection,Traffic Signal,Clear,Daylight,Dry,Fatal,Motorcycle Driver,30 to 34,32,Fatal,Motorcycle,Driving Properly,Normal,No,No,Yes,Yes,No,No,No,No,Yes,No,No,No,26,Downsview-Roding-CFB (26)
6000916730,2016/05/18 04:00:00+00,400,4,ALBION RD,MARTIN GROVE RD,Major Arterial,43.742179,-79.595989,Mid-Block,No Control,Clear,"Dark, artificial",Dry,Non-Fatal Injury,Driver,35 to 39,37,None,"Automobile, Station Wagon",Other,Had Been Drinking,Yes,No,Yes,No,No,No,No,No,No,No,No,No,1,West Humber-Clairville (1)
6000852828,2016/05/18 04:00:00+00,600,6,TWENTY FOURTH STREET,LAKESHORE BOULEVARD,Local,43.597373,-79.522662,Mid-Block,No Control,Clear,Daylight,Dry,Non-Fatal Injury,Pedestrian,80 to 84,82,Major,Unknown,Unknown,Unknown,Yes,No,Yes,No,No,No,No,No,No,No,No,No,18,New Toronto (18)
6000853484,2016/05/18 04:00:00+00,845,8,580 CHRISTIE ST,Unknown,Minor Arterial,43.679186,-79.42466999999998,Mid-Block,No Control,Clear,Daylight,Dry,Non-Fatal Injury,Driver,30 to 34,32,None,Delivery Van,Failed to Yield Right of Way,Other,No,Yes,Yes,No,No,No,No,No,Yes,No,No,No,94,Wychwood (94)
6000861848,2016/05/19 04:00:00+00,1200,12,JANE ST,400 S JANE ST RAMP,Major Arterial,43.710971,-79.505931,Intersection,Traffic Signal,Clear,Daylight,Dry,Non-Fatal Injury,Driver,55 to 59,57,Minor,Pick Up Truck,Failed to Yield Right of Way,Normal,No,No,Yes,No,No,No,No,No,Yes,No,No,No,28,Rustic (28)
6000864386,2016/05/19 04:00:00+00,2008,20,FINCH AVE E,MARKHAM RD,Major Arterial,43.812899,-79.243037,Intersection,Traffic Signal,Clear,Daylight,Dry,Non-Fatal Injury,Motorcycle Driver,25 to 29,27,Major,Motorcycle,Following too Close,Normal,No,No,Yes,Yes,No,No,No,No,Yes,No,No,No,132,Malvern (132)
6000869081,2016/05/20 04:00:00+00,1430,14,EGLINTON AVE W,OAKWOOD AVE,Major Arterial,43.69723,-79.442752,Intersection,Traffic Signal,Clear,"Daylight, artificial",Dry,Non-Fatal Injury,Driver,75 to 79,77,None,"Automobile, Station Wagon",Lost control,Inattentive,Yes,No,Yes,No,No,No,No,No,No,No,No,No,107,Oakwood Village (107)
6000875073,2016/05/21 04:00:00+00,1300,13,REESOR RD,OLD FINCH AVE,Collector,43.828662,-79.190494,Mid-Block,No Control,Clear,Daylight,Dry,Non-Fatal Injury,Motorcycle Driver,55 to 59,57,Major,Motorcycle,Lost control,Normal,No,No,No,Yes,No,No,No,No,No,No,No,No,131,Rouge (131)
6000883005,2016/05/22 04:00:00+00,1815,18,DANFORTH AVE,PHARMACY AVE,Major Arterial,43.692256,-79.283344,Intersection,Traffic Signal,Clear,Daylight,Dry,Non-Fatal Injury,Driver,20 to 24,22,None,"Automobile, Station Wagon",Driving Properly,Normal,Yes,No,Yes,No,No,No,No,No,No,No,No,No,121,Oakridge (121)
6000894195,2016/05/24 04:00:00+00,1350,13,HIGHWAY 27  N,HUMBER COLLEGE BLVD,Major Arterial,43.727339,-79.600063,Mid-Block,No Control,Clear,Daylight,Dry,Fatal,Driver,70 to 74,72,Fatal,"Automobile, Station Wagon",Driving Properly,Normal,No,No,Yes,No,Yes,No,No,Yes,Yes,No,No,No,1,West Humber-Clairville (1)
6000897819,2016/05/25 04:00:00+00,13,1,HIGHWAY 27  N,REXDALE BLVD,Major Arterial,43.717196,-79.595577,Intersection,Traffic Signal,Clear,"Dark, artificial",Dry,Non-Fatal Injury,Truck Driver,55 to 59,57,Major,Truck-Tractor,Speed too Fast For Condition,Unknown,No,No,Yes,No,Yes,No,No,Yes,Yes,No,No,No,1,West Humber-Clairville (1)
6000901714,2016/05/25 04:00:00+00,1525,15,182 JAMESON AVE,Unknown,Minor Arterial,43.638697,-79.436633,Intersection,No Control,Clear,Daylight,Dry,Non-Fatal Injury,Driver,35 to 39,37,None,"Automobile, Station Wagon",Driving Properly,Normal,Yes,No,Yes,No,No,No,No,No,No,No,No,No,85,South Parkdale (85)
6000917027,2016/05/27 04:00:00+00,1953,19,MARKHAM RD,BLAKEMANOR BLVD,Major Arterial,43.751013,-79.222255,Intersection,Traffic Signal,Clear,Daylight,Dry,Non-Fatal Injury,Driver,35 to 39,37,Minor,"Automobile, Station Wagon",Improper Turn,Normal,Yes,No,Yes,No,No,Yes,No,No,No,No,No,No,137,Woburn (137)
6000917745,2016/05/27 04:00:00+00,2150,21,LAWRENCE AVE E,MCCOWAN RD,Major Arterial,43.755477,-79.245387,Intersection,Traffic Signal,Clear,"Dark, artificial",Dry,Non-Fatal Injury,Driver,65 to 69,67,Minimal,"Automobile, Station Wagon",Disobeyed Traffic Control,Inattentive,No,No,Yes,Yes,No,No,No,No,Yes,Yes,No,No,127,Bendale (127)
6000478008,2016/03/20 04:00:00+00,340,3,O CONNOR DR,RALSTON AVE,Major Arterial,43.69826,-79.32706,Intersection,No Control,Clear,Daylight,Dry,Non-Fatal Injury,Driver,45 to 49,47,None,"Automobile, Station Wagon",Following too Close,Inattentive,No,No,Yes,No,No,No,No,Yes,Yes,No,No,No,58,Old East York (58)
6000920923,2016/05/28 04:00:00+00,1150,11,JANE ST,MAPLE LEAF DR,Major Arterial,43.709174,-79.50551899999998,Intersection,Traffic Signal,Clear,Daylight,Dry,Non-Fatal Injury,Driver,60 to 64,62,None,"Automobile, Station Wagon",Failed to Yield Right of Way,Inattentive,No,No,Yes,Yes,No,No,No,No,Yes,No,No,No,28,Rustic (28)
6000923025,2016/05/28 04:00:00+00,1800,18,THE WEST MALL,WESTSIDE DR,Minor Arterial,43.618773,-79.564426,Mid-Block,No Control,Clear,Daylight,Dry,Fatal,Driver,20 to 24,22,Fatal,"Automobile, Station Wagon",Lost control,Inattentive,No,No,Yes,No,No,No,No,Yes,Yes,No,No,No,14,Islington-City Centre West (14)
6000956129,2016/05/28 04:00:00+00,2005,20,RICHMOND ST W,UNIVERSITY AVE,Major Arterial,43.650012,-79.38624899999998,Intersection,Traffic Signal,Clear,Daylight,Dry,Non-Fatal Injury,Driver,unknown,unknown,None,"Automobile, Station Wagon",Failed to Yield Right of Way,Inattentive,No,Yes,Yes,No,No,No,No,No,Yes,No,No,No,76,Bay Street Corridor (76)
6000929645,2016/05/29 04:00:00+00,1755,17,SPADINA RD,BERNARD AVE,Minor Arterial,43.671214,-79.405658,Mid-Block,No Control,Clear,Daylight,Dry,Non-Fatal Injury,Driver,30 to 34,32,None,"Automobile, Station Wagon",Failed to Yield Right of Way,Inattentive,No,No,Yes,Yes,No,No,No,No,Yes,No,No,No,95,Annex (95)
6000934627,2016/05/30 04:00:00+00,1250,12,BAY ST,HAGERMAN ST,Major Arterial,43.654246,-79.383167,Intersection,Traffic Signal,Clear,Daylight,Dry,Non-Fatal Injury,Driver,35 to 39,37,None,"Automobile, Station Wagon",Failed to Yield Right of Way,Inattentive,No,No,Yes,Yes,No,No,No,No,Yes,No,No,No,76,Bay Street Corridor (76)
6000936555,2016/05/30 04:00:00+00,1725,17,LAKE SHORE BLVD W,THIRTY THIRD ST,Major Arterial,43.594889,-79.531665,Mid-Block,No Control,Clear,Daylight,Dry,Non-Fatal Injury,Driver,60 to 64,62,None,"Automobile, Station Wagon",Lost control,Normal,No,No,Yes,No,No,No,No,No,No,No,No,No,19,Long Branch (19)
6000936557,2016/05/30 04:00:00+00,1728,17,4 EWART AVE,Unknown,Local,43.688113,-79.467433,Intersection,No Control,Clear,Daylight,Dry,Fatal,Driver,65 to 69,67,Fatal,"Automobile, Station Wagon",Other,Unknown,No,No,Yes,No,No,No,No,No,No,No,No,No,110,Keelesdale-Eglinton West (110)
6000942671,2016/05/31 04:00:00+00,1441,14,DON VALLEY PARKWAY  S,LAWRENCE AVE E,Unknown,43.738375,-79.33229399999998,Mid-Block,No Control,Clear,Daylight,Dry,Fatal,Driver,70 to 74,72,Fatal,"Automobile, Station Wagon",Speed too Slow,Inattentive,No,No,Yes,No,Yes,No,No,No,No,No,No,No,42,Banbury-Don Mills (42)
6000943293,2016/05/31 04:00:00+00,1600,16,EGLINTON AVE E,BAYVIEW AVE,Major Arterial,43.710967,-79.377116,Intersection,Traffic Signal,Clear,Daylight,Dry,Non-Fatal Injury,Driver,75 to 79,77,Major,"Automobile, Station Wagon",Failed to Yield Right of Way,Inattentive,No,No,Yes,No,No,No,No,No,Yes,No,No,No,56,Leaside-Bennington (56)
6000944060,2016/05/31 04:00:00+00,1756,17,LAWRENCE AVE W,LITTLE AVE,Major Arterial,43.69921400000001,-79.51984,Intersection,Traffic Signal,Clear,Daylight,Dry,Non-Fatal Injury,Driver,25 to 29,27,None,"Automobile, Station Wagon",Failed to Yield Right of Way,Inattentive,Yes,No,Yes,No,No,No,No,No,Yes,No,No,No,113,Weston (113)
6000478020,2016/03/20 04:00:00+00,344,3,COLLEGE ST,LANSDOWNE AVE,Minor Arterial,43.650939,-79.43996,Intersection,Traffic Signal,Clear,"Dark, artificial",Dry,Non-Fatal Injury,Driver,40 to 44,42,None,"Automobile, Station Wagon",Failed to Yield Right of Way,Inattentive,No,Yes,Yes,No,No,No,No,No,Yes,No,No,No,83,Dufferin Grove (83)
6000480825,2016/03/20 04:00:00+00,1654,16,LAKE SHORE BLVD W,BRITISH COLUMBIA RD,Major Arterial,43.629958,-79.42554799999998,Mid-Block,No Control,Clear,Daylight,Dry,Non-Fatal Injury,Driver,40 to 44,42,Major,"Automobile, Station Wagon",Other,Had Been Drinking,No,No,Yes,No,No,No,No,No,No,No,No,No,82,Niagara (82)
6000493980,2016/03/22 04:00:00+00,1936,19,PROGRESS AVE,KENNEDY RD,Major Arterial,43.769351,-79.28222199999998,Intersection,Traffic Signal,Rain,"Dusk, artificial",Wet,Non-Fatal Injury,Driver,35 to 39,37,None,Pick Up Truck,Failed to Yield Right of Way,Normal,Yes,No,Yes,No,No,No,No,No,Yes,No,No,No,126,Dorset Park (126)
6000498147,2016/03/23 04:00:00+00,1313,13,400 NUGGET AVE,Unknown,Minor Arterial,43.796668,-79.24876,Mid-Block,No Control,Clear,Daylight,Dry,Non-Fatal Injury,Driver,40 to 44,42,None,Passenger Van,Failed to Yield Right of Way,Normal,No,No,Yes,No,No,No,No,No,Yes,No,No,No,128,Agincourt South-Malvern West (128)
6001174772,2016/07/05 04:00:00+00,1247,12,740 DUPONT ST,Unknown,Major Arterial,43.671199,-79.42372399999998,Mid-Block,No Control,Clear,Daylight,Dry,Fatal,Cyclist,70 to 74,72,Fatal,Bicycle,Unknown,Unknown,No,Yes,No,No,No,No,No,No,No,No,No,No,93,Dovercourt-Wallace Emerson-Junction (93)
6000500403,2016/03/23 04:00:00+00,2015,20,KING ST E,PRINCESS ST,Major Arterial,43.651473,-79.367008,Mid-Block,No Control,Freezing Rain,"Dark, artificial",Wet,Fatal,Pedestrian,75 to 79,77,Fatal,Unknown,Unknown,Unknown,Yes,No,Yes,No,No,No,No,No,No,No,No,No,73,Moss Park (73)
6000501397,2016/03/24 04:00:00+00,42,4,KINGSTON RD,SHEPPARD AVE E,Major Arterial,43.798911,-79.14622,Intersection,Traffic Signal,Freezing Rain,"Dark, artificial",Slush,Non-Fatal Injury,Driver,25 to 29,27,Minor,"Automobile, Station Wagon",Disobeyed Traffic Control,"Ability Impaired, Alcohol Over .08",No,No,Yes,No,No,No,No,Yes,Yes,Yes,Yes,No,131,Rouge (131)
6000506509,2016/03/24 04:00:00+00,2049,20,KING  ST W,UNIVERSITY  AVE,Major Arterial,43.64765,-79.384799,Intersection,Traffic Signal,Rain,"Dusk, artificial",Wet,Non-Fatal Injury,Driver,60 to 64,62,None,Pick Up Truck,Failed to Yield Right of Way,Normal,Yes,No,Yes,No,No,No,No,No,Yes,No,No,No,76,Bay Street Corridor (76)
6000582754,2016/03/26 04:00:00+00,1530,15,FINCH AVE W,BATHURST ST,Major Arterial,43.773787,-79.442966,Intersection,Traffic Signal,Clear,Daylight,Dry,Non-Fatal Injury,Pedestrian,75 to 79,77,Major,Unknown,Unknown,Unknown,Yes,No,No,No,No,No,No,No,No,No,No,No,37,Willowdale West (37)
6000522644,2016/03/27 04:00:00+00,2153,21,MONOGRAM PL,ISLINGTON AVE,Major Arterial,43.7051,-79.550426,Intersection,Traffic Signal,Clear,"Dark, artificial",Dry,Non-Fatal Injury,Driver,25 to 29,27,None,"Automobile, Station Wagon",Disobeyed Traffic Control,Had Been Drinking,No,No,Yes,No,No,No,No,No,Yes,Yes,No,No,6,Kingsview Village-The Westway (6)
6000530490,2016/03/29 04:00:00+00,901,9,FINCH AVE E,SKYMARK DR,Major Arterial,43.793151,-79.352275,Intersection,Traffic Signal,Clear,Daylight,Dry,Fatal,Pedestrian,75 to 79,77,Fatal,Unknown,Unknown,Unknown,Yes,No,Yes,No,No,No,No,No,No,No,No,No,47,Don Valley Village (47)
6000543310,2016/03/31 04:00:00+00,637,6,COLLEGE ST,LIPPINCOTT ST,Major Arterial,43.656649,-79.406482,Intersection,Stop Sign,Rain,"Daylight, artificial",Wet,Non-Fatal Injury,Cyclist,65 to 69,67,Major,Bicycle,Unknown,Unknown,No,Yes,Yes,No,No,No,No,No,No,No,No,No,78,Kensington-Chinatown (78)
6000548529,2016/03/31 04:00:00+00,2146,21,MARKHAM RD,NASHDENE RD,Major Arterial,43.820227,-79.246181,Intersection,Traffic Signal,Rain,Dark,Wet,Fatal,Pedestrian,55 to 59,57,Fatal,Unknown,Unknown,Unknown,Yes,No,Yes,No,No,No,No,No,No,No,No,No,131,Rouge (131)
6000548674,2016/03/31 04:00:00+00,2210,22,OAKWOOD AVE,VAUGHAN RD,Minor Arterial,43.692645,-79.44083,Intersection,Traffic Signal,Rain,"Dark, artificial",Wet,Non-Fatal Injury,Driver,40 to 44,42,None,Municipal Transit Bus (TTC),Driving Properly,Normal,No,No,No,No,No,Yes,No,No,No,No,No,No,107,Oakwood Village (107)
6000555439,2016/04/01 04:00:00+00,2206,22,THE QUEENSWAY,ROYAL YORK RD,Major Arterial,43.626326,-79.50262,Intersection,Traffic Signal,Clear,"Dark, artificial",Dry,Non-Fatal Injury,Driver,45 to 49,47,Minimal,"Automobile, Station Wagon",Improper Turn,Normal,No,No,Yes,No,No,No,No,Yes,Yes,No,No,No,16,Stonegate-Queensway (16)
6000566615,2016/04/03 04:00:00+00,1930,19,FINCH AVE E,CHEROKEE BLVD,Major Arterial,43.792872,-79.335483,Mid-Block,No Control,Snow,Dark,Ice,Non-Fatal Injury,Driver,25 to 29,27,None,"Automobile, Station Wagon",Speed too Fast For Condition,Normal,No,No,Yes,No,No,No,No,Yes,Yes,No,No,No,46,Pleasant View (46)
6000576751,2016/04/05 04:00:00+00,1204,12,200 NORSEMAN ST,Unknown,Collector,43.632872,-79.524761,Mid-Block,No Control,Clear,Daylight,Dry,Non-Fatal Injury,Driver,20 to 24,22,Major,"Automobile, Station Wagon",Improper Passing,Inattentive,No,No,Yes,No,No,No,No,No,Yes,No,No,No,14,Islington-City Centre West (14)
6000581980,2016/04/06 04:00:00+00,835,8,SHEPPARD AVE E,GATEFORTH DR,Major Arterial,43.79558400000001,-79.230312,Intersection,Traffic Signal,Clear,Daylight,Dry,Non-Fatal Injury,Driver,25 to 29,27,None,"Automobile, Station Wagon",Driving Properly,Normal,Yes,No,Yes,No,No,No,No,No,No,No,No,No,132,Malvern (132)
6000584121,2016/04/06 04:00:00+00,1440,14,ROYAL YORK  RD,SAUNDERS  CRES,Minor Arterial,43.628176,-79.503345,Intersection,No Control,Clear,Daylight,Dry,Non-Fatal Injury,Driver,55 to 59,57,None,Municipal Transit Bus (TTC),Driving Properly,Normal,Yes,No,No,No,No,Yes,No,No,No,No,No,No,16,Stonegate-Queensway (16)
6000595012,2016/04/08 04:00:00+00,902,9,ST CLEMENTS AVE,CALDOW RD,Local,43.708262,-79.42094,Intersection,Stop Sign,Clear,Daylight,Dry,Fatal,Driver,35 to 39,37,Fatal,"Automobile, Station Wagon",Disobeyed Traffic Control,Unknown,No,No,Yes,No,No,No,No,Yes,Yes,No,No,No,102,Forest Hill North (102)
6000605777,2016/04/09 04:00:00+00,2111,21,CUMMER AVE,WILLOWDALE AVE,Minor Arterial,43.788653,-79.4099,Intersection,Traffic Signal,Clear,Dark,Dry,Fatal,Driver,30 to 34,32,Fatal,"Automobile, Station Wagon",Disobeyed Traffic Control,Unknown,No,No,Yes,No,No,No,No,No,Yes,Yes,No,No,50,Newtonbrook East (50)
6000607400,2016/04/10 04:00:00+00,326,3,JANE ST,SHEPPARD AVE W,Major Arterial,43.739379,-79.513202,Intersection,Traffic Signal,Clear,"Dark, artificial",Dry,Fatal,Passenger,20 to 24,22,Fatal,Unknown,Unknown,Unknown,No,No,Yes,No,No,No,No,Yes,Yes,No,No,No,25,Glenfield-Jane Heights (25)
6000608721,2016/04/10 04:00:00+00,1130,11,QUEEN ST W,UNIVERSITY AVE,Major Arterial,43.650843,-79.386615,Mid-Block,Streetcar (Stop for),Clear,Daylight,Dry,Non-Fatal Injury,Driver,35 to 39,37,None,"Automobile, Station Wagon",Improper Passing,Inattentive,Yes,No,Yes,No,No,No,No,No,Yes,No,No,No,76,Bay Street Corridor (76)