ACCNUM,DATE,TIME,HOUR,STREET1,STREET2,ROAD_CLASS,LATITUDE,LONGITUDE,LOCCOORD,TRAFFCTL,VISIBILITY,LIGHT,RDSFCOND,ACCLASS,INVTYPE,INVAGE,Age_mid,INJURY,VEHTYPE,DRIVACT,DRIVCOND,PEDESTRIAN,CYCLIST,AUTOMOBILE,MOTORCYCLE,TRUCK,TRSN_CITY_VEH,EMERG_VEH,SPEEDING,AG_DRIV,REDLIGHT,ALCOHOL,DISABILITY,Hood_ID,Neighbourhood
6000614403,2016/04/11 04:00:00+00,1145,11,FINCH AVE E,PICKERING TOWN LINE,Local,43.831656,-79.159526,Intersection,Stop Sign,Clear,Daylight,Wet,Non-Fatal Injury,Driver,25 to 29,27,Major,"Automobile, Station Wagon",Failed to Yield Right of Way,Inattentive,No,No,Yes,No,No,No,No,No,Yes,No,No,No,131,Rouge (131)
6000633248,2016/04/14 04:00:00+00,831,8,BATHURST ST,KHEDIVE AVE,Major Arterial,43.725783,-79.431247,Intersection,No Control,Clear,Daylight,Dry,Non-Fatal Injury,Driver,75 to 79,77,Minor,"Automobile, Station Wagon",Other,Normal,No,No,Yes,No,No,No,No,No,No,No,No,No,39,Bedford Park-Nortown (39)
6000688444,2016/04/22 04:00:00+00,1727,17,VICTORIA PARK AVE,PATRICK BLVD,Major Arterial,43.777732,-79.324161,Intersection,Traffic Signal,Clear,Daylight,Dry,Fatal,Pedestrian,55 to 59,57,Fatal,Unknown,Unknown,Unknown,Yes,No,Yes,No,No,No,No,No,No,No,No,No,117,L'Amoreaux (117)
6000691297,2016/04/23 04:00:00+00,356,3,JANE ST,HUMBERVIEW RD,Major Arterial,43.653998,-79.4864,Intersection,No Control,Other,Dark,Other,Fatal,Passenger,20 to 24,22,Fatal,Unknown,Unknown,Unknown,No,No,Yes,No,No,No,No,Yes,Yes,No,No,No,89,Runnymede-Bloor West Village (89)
6000705795,2016/04/25 04:00:00+00,1510,15,LESLIE ST,VAN HORNE AVE,Major Arterial,43.783667,-79.366519,Intersection,Traffic Signal,Clear,Daylight,Dry,Non-Fatal Injury,Driver,75 to 79,77,None,"Automobile, Station Wagon",Driving Properly,Normal,Yes,No,Yes,No,No,No,No,No,No,No,No,No,47,Don Valley Village (47)
6000707918,2016/04/25 04:00:00+00,2139,21,EGLINTON AVE E,BEACHELL ST,Major Arterial,43.742285,-79.222949,Mid-Block,No Control,Rain,Dark,Wet,Fatal,Pedestrian,60 to 64,62,Fatal,Unknown,Unknown,Unknown,Yes,No,Yes,No,No,No,No,No,No,No,No,No,139,Scarborough Village (139)
6000713724,2016/04/26 04:00:00+00,1910,19,CARRIER DR,WOODBINE DOWNS BLVD,Collector,43.738547,-79.60753199999998,Intersection,Stop Sign,Clear,Daylight,Dry,Non-Fatal Injury,Driver,30 to 34,32,Minor,"Automobile, Station Wagon",Failed to Yield Right of Way,Inattentive,No,No,Yes,No,No,No,No,No,Yes,No,No,No,1,West Humber-Clairville (1)
6000720268,2016/04/27 04:00:00+00,1805,18,LAKE SHORE BLVD W,BRITISH COLUMBIA RD,Major Arterial,43.630068,-79.42571600000002,Mid-Block,No Control,Clear,Daylight,Dry,Non-Fatal Injury,Driver,30 to 34,32,Major,"Automobile, Station Wagon",Other,Inattentive,No,No,Yes,No,No,Yes,No,Yes,Yes,No,No,No,82,Niagara (82)
6000721028,2016/04/27 04:00:00+00,2038,20,JARVIS ST,CARLTON ST,Major Arterial,43.662345,-79.376674,Intersection,Traffic Signal,Clear,"Dark, artificial",Dry,Non-Fatal Injury,Driver,30 to 34,32,None,"Automobile, Station Wagon",Disobeyed Traffic Control,Normal,No,Yes,Yes,No,No,No,No,No,Yes,Yes,No,No,73,Moss Park (73)
6000731601,2016/04/29 04:00:00+00,1325,13,DUFFERIN ST,CROATIA ST,Major Arterial,43.658335,-79.434764,Intersection,Stop Sign,Clear,Daylight,Dry,Non-Fatal Injury,Truck Driver,20 to 24,22,None,"Truck - Closed (Blazer, etc)",Other,Inattentive,No,Yes,No,No,Yes,No,No,No,No,No,No,No,83,Dufferin Grove (83)
6000733806,2016/04/29 04:00:00+00,1930,19,MILLWOOD RD,MCRAE DR,Collector,43.704878,-79.369037,Mid-Block,No Control,Clear,Daylight,Dry,Non-Fatal Injury,Driver,55 to 59,57,Minimal,"Automobile, Station Wagon",Driving Properly,Normal,No,No,Yes,No,No,No,No,No,No,No,No,No,56,Leaside-Bennington (56)
6001177381,2016/07/05 04:00:00+00,2005,20,EGLINTON AVE E,MARKHAM RD,Major Arterial,43.743109,-79.218875,Intersection,Traffic Signal,Clear,Daylight,Dry,Non-Fatal Injury,Driver,60 to 64,62,None,"Automobile, Station Wagon",Failed to Yield Right of Way,Inattentive,Yes,No,Yes,No,No,No,No,No,Yes,No,No,No,139,Scarborough Village (139)
6001183781,2016/07/06 04:00:00+00,1831,18,401 C W MCCOWAN N RAMP RD,MCCOWAN RD,Major Arterial,43.783583,-79.255756,Mid-Block,No Control,Clear,Daylight,Dry,Fatal,Motorcycle Driver,40 to 44,42,Fatal,Motorcycle,Lost control,Unknown,No,No,Yes,Yes,No,No,No,Yes,Yes,No,No,No,128,Agincourt South-Malvern West (128)
6001192088,2016/07/06 04:00:00+00,2304,23,EGLINTON AVE E,SWIFT DR,Major Arterial,43.726115,-79.318294,Intersection,Traffic Signal,Clear,"Dark, artificial",Dry,Non-Fatal Injury,Driver,65 to 69,67,None,"Automobile, Station Wagon",Driving Properly,Unknown,Yes,No,Yes,No,No,No,No,No,No,No,No,No,43,Victoria Village (43)
6001186326,2016/07/07 04:00:00+00,654,6,HIGHWAY 27  N,CARRIER DR,Major Arterial,43.739031,-79.605426,Intersection,Traffic Signal,Clear,Daylight,Dry,Non-Fatal Injury,Motorcycle Driver,55 to 59,57,Major,Motorcycle,Following too Close,Normal,No,No,Yes,Yes,No,No,No,No,Yes,No,No,No,1,West Humber-Clairville (1)
6001198953,2016/07/08 04:00:00+00,2339,23,GALLOWAY RD,DEARHAM WOOD,Collector,43.752776,-79.190738,Intersection,Stop Sign,Clear,"Dark, artificial",Dry,Non-Fatal Injury,Driver,15 to 19,17,Major,"Automobile, Station Wagon",Lost control,Normal,No,No,Yes,No,No,No,No,Yes,Yes,No,No,No,140,Guildwood (140)
6001200915,2016/07/09 04:00:00+00,930,9,CHURCH ST,BLOOR ST E,Major Arterial,43.67103400000001,-79.383151,Intersection,Traffic Signal,Clear,Daylight,Dry,Non-Fatal Injury,Driver,60 to 64,62,Minor,"Automobile, Station Wagon",Failed to Yield Right of Way,Normal,No,No,Yes,No,No,No,No,No,Yes,No,No,No,75,Church-Yonge Corridor (75)
6001210183,2016/07/10 04:00:00+00,2024,20,WARDEN AVE,FINCH AVE E,Major Arterial,43.796702,-79.31572299999998,Intersection,Traffic Signal,Clear,Daylight,Dry,Non-Fatal Injury,Driver,40 to 44,42,None,"Automobile, Station Wagon",Failed to Yield Right of Way,Normal,No,No,Yes,Yes,No,No,No,No,Yes,No,No,No,117,L'Amoreaux (117)
6001210944,2016/07/10 04:00:00+00,2240,22,LAKE SHORE BLVD W,MARINE PARADE DR,Major Arterial,43.62285900000001,-79.481197,Intersection,Traffic Signal,Clear,"Dark, artificial",Dry,Non-Fatal Injury,Driver,60 to 64,62,None,"Automobile, Station Wagon",Driving Properly,Normal,Yes,No,Yes,No,No,No,No,No,No,No,No,No,17,Mimico (includes Humber Bay Shores) (17)
6001211373,2016/07/11 04:00:00+00,27,2,429 DUNDAS ST E,Unknown,Major Arterial,43.659266,-79.36669499999998,Intersection,No Control,Clear,"Dark, artificial",Dry,Non-Fatal Injury,Cyclist,25 to 29,27,Major,Bicycle,Unknown,Unknown,No,Yes,Yes,No,No,No,No,No,No,No,No,No,73,Moss Park (73)
6001219608,2016/07/12 04:00:00+00,910,9,AVENUE RD,CHAPLIN CRES,Major Arterial,43.698767,-79.40614599999998,Intersection,Traffic Signal,Clear,Daylight,Dry,Non-Fatal Injury,Cyclist,50 to 54,52,Major,Bicycle,Unknown,Unknown,No,Yes,Yes,No,No,No,No,No,No,No,No,No,100,Yonge-Eglinton (100)
6001220813,2016/07/12 04:00:00+00,1235,12,PAPE AVE,COSBURN AVE,Major Arterial,43.689421,-79.348804,Intersection,Traffic Signal,Clear,Daylight,Dry,Non-Fatal Injury,Cyclist,15 to 19,17,Major,Bicycle,Unknown,Unknown,No,Yes,Yes,No,No,No,No,No,No,No,No,No,58,Old East York (58)
6001222638,2016/07/12 04:00:00+00,1710,17,BIRMINGHAM ST,ELSINORE PATH,Collector,43.60227800000001,-79.51075300000002,Intersection,No Control,Clear,Daylight,Dry,Fatal,Driver,55 to 59,57,Fatal,"Automobile, Station Wagon",Lost control,Medical or Physical Disability,No,No,Yes,No,No,No,No,No,No,No,No,Yes,18,New Toronto (18)
6001228387,2016/07/13 04:00:00+00,1413,14,JANE ST,WILLIAM CRAGG DR,Major Arterial,43.722354,-79.50896800000002,Intersection,No Control,Clear,Daylight,Dry,Non-Fatal Injury,Driver,60 to 64,62,None,"Automobile, Station Wagon",Failed to Yield Right of Way,Normal,No,No,Yes,Yes,No,No,No,No,Yes,No,No,No,26,Downsview-Roding-CFB (26)
6001230859,2016/07/13 04:00:00+00,2035,20,BAYVIEW AVE,BROADWAY AVE,Major Arterial,43.713843,-79.377612,Intersection,Traffic Signal,Clear,Daylight,Dry,Non-Fatal Injury,Driver,50 to 54,52,Major,"Automobile, Station Wagon",Failed to Yield Right of Way,Inattentive,No,No,Yes,No,No,No,No,No,Yes,No,No,No,56,Leaside-Bennington (56)
6001231273,2016/07/13 04:00:00+00,2205,22,UNIVERSITY AVE,GERRARD ST W,Major Arterial,43.657519,-79.389476,Intersection,Traffic Signal,Clear,"Dark, artificial",Dry,Non-Fatal Injury,Driver,45 to 49,47,None,"Automobile, Station Wagon",Failed to Yield Right of Way,Inattentive,No,No,Yes,Yes,No,No,No,No,Yes,No,No,No,76,Bay Street Corridor (76)
6001239571,2016/07/15 04:00:00+00,630,6,BAMBURGH CRCL,MONTAGUE PL,Collector,43.811843,-79.322467,Intersection,No Control,Clear,Daylight,Dry,Non-Fatal Injury,Driver,45 to 49,47,None,"Automobile, Station Wagon",Driving Properly,Normal,Yes,No,Yes,No,No,No,No,No,No,No,No,No,116,Steeles (116)
6001249776,2016/07/16 04:00:00+00,1821,18,MARKHAM RD,LAWRENCE AVE E,Major Arterial,43.75981,-79.225314,Intersection,No Control,Clear,Daylight,Dry,Non-Fatal Injury,Driver,45 to 49,47,None,Passenger Van,Driving Properly,Normal,Yes,No,Yes,No,No,No,No,No,No,No,No,No,137,Woburn (137)
6001250602,2016/07/16 04:00:00+00,2111,21,STEELES AVE E,BESTVIEW DR,Major Arterial,43.806021,-79.38335,Intersection,No Control,Clear,"Dusk, artificial",Dry,Non-Fatal Injury,Driver,75 to 79,77,None,"Automobile, Station Wagon",Failed to Yield Right of Way,Normal,No,No,Yes,No,No,No,No,No,Yes,No,No,No,49,Bayview Woods-Steeles (49)
6001269035,2016/07/19 04:00:00+00,1850,18,RICHMOND ST W,PORTLAND ST,Major Arterial,43.646899,-79.401088,Intersection,No Control,Clear,Daylight,Dry,Non-Fatal Injury,Driver,50 to 54,52,None,"Automobile, Station Wagon",Failed to Yield Right of Way,Inattentive,No,Yes,Yes,No,No,No,No,No,Yes,No,No,No,77,Waterfront Communities-The Island (77)
6001283246,2016/07/21 04:00:00+00,2127,21,THE EAST MALL,RATHBURN RD,Minor Arterial,43.653208,-79.563464,Mid-Block,No Control,Clear,"Dark, artificial",Dry,Non-Fatal Injury,Driver,65 to 69,67,None,Passenger Van,Other,Normal,No,Yes,Yes,No,No,No,No,No,No,No,No,No,14,Islington-City Centre West (14)
5002211839,2015/12/26 05:00:00+00,1618,16,1071 QUEEN ST W,Unknown,Major Arterial,43.643721,-79.4211,Intersection,No Control,Clear,Daylight,Dry,Non-Fatal Injury,Driver,35 to 39,37,None,"Automobile, Station Wagon",Lost control,Normal,Yes,No,Yes,No,No,No,No,No,No,No,No,No,82,Niagara (82)
6001283633,2016/07/21 04:00:00+00,2247,22,JARVIS ST,DUNDAS ST E,Major Arterial,43.656993,-79.37453000000002,Intersection,No Control,Clear,"Dusk, artificial",Dry,Non-Fatal Injury,Driver,85 to 89,87,None,"Automobile, Station Wagon",Driving Properly,Normal,Yes,No,Yes,No,No,No,No,No,No,No,No,No,73,Moss Park (73)
6001284947,2016/07/22 04:00:00+00,630,6,LAWRENCE AVE W,WESTON RD,Major Arterial,43.700087,-79.516155,Intersection,Traffic Signal,Clear,"Dawn, artificial",Dry,Non-Fatal Injury,Driver,55 to 59,57,None,"Automobile, Station Wagon",Failed to Yield Right of Way,Inattentive,No,No,Yes,Yes,No,No,No,No,Yes,No,No,No,113,Weston (113)
6001286776,2016/07/22 04:00:00+00,1223,12,ST CLAIR AVE W,WESTON RD,Major Arterial,43.672461,-79.467586,Intersection,Traffic Signal,Clear,Daylight,Dry,Non-Fatal Injury,Driver,25 to 29,27,Minor,"Automobile, Station Wagon",Failed to Yield Right of Way,Inattentive,Yes,No,Yes,No,No,No,No,No,Yes,No,No,No,90,Junction Area (90)
6001288485,2016/07/22 04:00:00+00,1702,17,TRETHEWEY DR,PLATINUM DR,Minor Arterial,43.697261,-79.498981,Intersection,Stop Sign,Clear,Daylight,Dry,Non-Fatal Injury,Driver,50 to 54,52,None,"Automobile, Station Wagon",Failed to Yield Right of Way,Inattentive,No,No,Yes,Yes,No,No,No,Yes,Yes,No,No,No,30,Brookhaven-Amesbury (30)
6001289424,2016/07/22 04:00:00+00,1948,19,ROYAL YORK RD,STRATH HUMBER CRT,Minor Arterial,43.661376,-79.517581,Intersection,No Control,Clear,Daylight,Dry,Fatal,Motorcycle Driver,30 to 34,32,Fatal,Motorcycle,Exceeding Speed Limit,Normal,No,No,Yes,Yes,No,No,No,Yes,Yes,No,No,No,9,Edenbridge-Humber Valley (9)
6001300022,2016/07/24 04:00:00+00,1349,13,VICTORIA PARK AVE,HIGHWAY 401 C  W,Major Arterial,43.768347,-79.319797,Mid-Block,No Control,Clear,Daylight,Dry,Non-Fatal Injury,Cyclist,25 to 29,27,None,Bicycle,Unknown,Unknown,No,Yes,No,Yes,No,No,No,No,No,No,No,No,118,Tam O'Shanter-Sullivan (118)
6001301961,2016/07/24 04:00:00+00,2030,20,DANFORTH AVE,BIRCHMOUNT RD,Minor Arterial,43.697486,-79.262462,Mid-Block,No Control,Clear,Dusk,Dry,Non-Fatal Injury,Driver,20 to 24,22,None,"Automobile, Station Wagon",Exceeding Speed Limit,Had Been Drinking,No,No,Yes,No,No,No,No,Yes,Yes,No,No,No,122,Birchcliffe-Cliffside (122)
6001309573,2016/07/25 04:00:00+00,2359,23,KENNEDY RD,MERRIAN RD,Major Arterial,43.727336,-79.26588000000002,Intersection,Traffic Signal,Clear,"Dark, artificial",Dry,Non-Fatal Injury,Cyclist,35 to 39,37,Major,Bicycle,Unknown,Unknown,No,Yes,No,No,No,No,Yes,No,No,No,No,No,124,Kennedy Park (124)
6001310916,2016/07/26 04:00:00+00,836,8,WILSON HEIGHTS BLVD,CODSELL AVE,Collector,43.754176,-79.458949,Intersection,Stop Sign,Clear,Daylight,Dry,Non-Fatal Injury,Driver,30 to 34,32,None,"Automobile, Station Wagon",Failed to Yield Right of Way,Unknown,No,No,Yes,Yes,No,No,No,No,Yes,No,No,No,34,Bathurst Manor (34)
6001326720,2016/07/28 04:00:00+00,1450,14,PARLIAMENT ST,SHUTER ST,Minor Arterial,43.656932,-79.364993,Intersection,Traffic Signal,Clear,Daylight,Dry,Fatal,Pedestrian,80 to 84,82,Fatal,Unknown,Unknown,Unknown,Yes,No,No,No,Yes,No,No,No,No,No,No,No,72,Regent Park (72)
6001333715,2016/07/29 04:00:00+00,1645,16,JANE ST,SHOREHAM DR,Major Arterial,43.769675,-79.52058000000002,Mid-Block,No Control,Clear,Daylight,Dry,Non-Fatal Injury,Cyclist,30 to 34,32,None,Bicycle,Unknown,Unknown,No,Yes,Yes,No,No,No,No,No,No,No,No,No,24,Black Creek (24)
6001334259,2016/07/29 04:00:00+00,1825,18,KINGSTON RD,GUILDCREST DR,Major Arterial,43.747851,-79.207637,Intersection,No Control,Clear,Daylight,Dry,Fatal,Pedestrian,60 to 64,62,Fatal,Unknown,Unknown,Unknown,Yes,No,Yes,No,No,Yes,No,Yes,Yes,No,No,No,140,Guildwood (140)
6001341956,2016/07/30 04:00:00+00,2248,22,PARK LAWN RD,THE QUEENSWAY,Major Arterial,43.628977,-79.490321,Intersection,Traffic Signal,Clear,"Dark, artificial",Dry,Non-Fatal Injury,Driver,15 to 19,17,Major,"Automobile, Station Wagon",Failed to Yield Right of Way,Unknown,No,No,Yes,No,No,No,No,No,Yes,No,No,No,16,Stonegate-Queensway (16)
6001345276,2016/07/31 04:00:00+00,1355,13,MORNINGSIDE AVE,ELLESMERE RD,Major Arterial,43.782973,-79.192378,Mid-Block,No Control,Rain,Daylight,Wet,Non-Fatal Injury,Driver,60 to 64,62,Major,"Automobile, Station Wagon",Disobeyed Traffic Control,Inattentive,No,No,Yes,No,No,No,No,No,Yes,No,No,No,134,Highland Creek (134)
5002212262,2015/12/26 05:00:00+00,1754,17,DUPONT ST,DELAWARE AVE,Major Arterial,43.66992800000001,-79.431537,Intersection,No Control,Clear,"Dusk, artificial",Dry,Non-Fatal Injury,Driver,60 to 64,62,None,Passenger Van,Driving Properly,Normal,Yes,No,Yes,No,No,No,No,No,No,No,No,No,93,Dovercourt-Wallace Emerson-Junction (93)
5002220976,2015/12/28 05:00:00+00,1253,12,HAKIMI  AVE,EGLINTON AVE E,Major Arterial,43.726927,-79.29140799999998,Intersection,No Control,Clear,Daylight,Dry,Non-Fatal Injury,Driver,40 to 44,42,None,"Automobile, Station Wagon",Failed to Yield Right of Way,Inattentive,No,No,Yes,No,No,No,No,No,Yes,No,No,No,120,Clairlea-Birchmount (120)
5002234344,2015/12/30 05:00:00+00,1824,18,CARLTON ST,SHERBOURNE ST,Minor Arterial,43.66318,-79.37305,Intersection,Traffic Signal,Clear,Dark,Dry,Non-Fatal Injury,Driver,25 to 29,27,None,"Automobile, Station Wagon",Failed to Yield Right of Way,Inattentive,Yes,No,Yes,No,No,No,No,No,Yes,No,No,No,73,Moss Park (73)
5002235368,2015/12/30 05:00:00+00,2115,21,250 MARLEE AVE,Unknown,Minor Arterial,43.705504,-79.442401,Intersection,No Control,Clear,"Dark, artificial",Wet,Non-Fatal Injury,Driver,20 to 24,22,None,"Automobile, Station Wagon",Other,Normal,No,No,Yes,No,No,No,No,No,No,No,No,No,31,Yorkdale-Glen Park (31)
5002235651,2015/12/30 05:00:00+00,2339,23,DANFORTH AVE,GILLARD AVE,Major Arterial,43.682341,-79.328265,Intersection,No Control,Clear,"Dark, artificial",Dry,Fatal,Pedestrian,60 to 64,62,Fatal,Unknown,Unknown,Unknown,Yes,No,Yes,No,No,No,No,No,Yes,No,No,No,65,Greenwood-Coxwell (65)
6000004050,2016/01/01 05:00:00+00,1904,19,MOUNT PLEASANT RD,DAVISVILLE AVE,Major Arterial,43.700301,-79.38695799999998,Intersection,Traffic Signal,Clear,"Dark, artificial",Dry,Non-Fatal Injury,Driver,70 to 74,72,None,"Automobile, Station Wagon",Failed to Yield Right of Way,Normal,Yes,No,Yes,No,No,No,No,No,Yes,No,No,No,99,Mount Pleasant East (99)
6000014911,2016/01/03 05:00:00+00,1915,19,1400 KENNEDY RD,Unknown,Major Arterial,43.764498,-79.280681,Mid-Block,No Control,Clear,"Dark, artificial",Dry,Fatal,Pedestrian,35 to 39,37,Fatal,Unknown,Unknown,Unknown,Yes,No,Yes,No,No,No,No,No,Yes,No,No,No,126,Dorset Park (126)
6000019763,2016/01/04 05:00:00+00,1520,15,FENSIDE DR,VERSEND DR,Collector,43.762789,-79.3287,Intersection,Stop Sign,Clear,Daylight,Dry,Non-Fatal Injury,Driver,50 to 54,52,None,"Automobile, Station Wagon",Disobeyed Traffic Control,Normal,No,No,Yes,No,No,No,No,No,Yes,No,No,No,45,Parkwoods-Donalda (45)
6000023068,2016/01/05 05:00:00+00,640,6,STEELES AVE E,WAGGONERS WELL LN,Major Arterial,43.809794,-79.366794,Mid-Block,No Control,Clear,"Dark, artificial",Dry,Non-Fatal Injury,Driver,70 to 74,72,None,Pick Up Truck,Driving Properly,Normal,Yes,No,Yes,No,No,No,No,No,No,No,No,No,48,Hillcrest Village (48)
6000026380,2016/01/05 05:00:00+00,1628,16,EGLINTON AVE E,PHARMACY AVE,Major Arterial,43.726218,-79.294696,Mid-Block,No Control,Clear,Daylight,Dry,Non-Fatal Injury,Driver,25 to 29,27,None,"Automobile, Station Wagon",Driving Properly,Normal,Yes,No,Yes,No,No,No,No,No,No,No,No,No,120,Clairlea-Birchmount (120)
6000032002,2016/01/06 05:00:00+00,1429,14,BLACK CREEK DR,EGLINTON AVE W,Major Arterial,43.688357,-79.48286800000002,Intersection,Traffic Signal,Clear,Daylight,Dry,Fatal,Driver,90 to 94,92,Fatal,"Automobile, Station Wagon",Driving Properly,Normal,No,No,Yes,No,No,No,No,No,No,No,No,No,110,Keelesdale-Eglinton West (110)
6000042274,2016/01/08 05:00:00+00,520,5,BROWN S LINE,LAKE SHORE BLVD W,Major Arterial,43.59303900000001,-79.54156,Mid-Block,No Control,Clear,"Dark, artificial",Wet,Fatal,Driver,40 to 44,42,Fatal,"Automobile, Station Wagon",Speed too Fast For Condition,Unknown,No,No,Yes,No,No,No,No,Yes,Yes,No,No,No,19,Long Branch (19)
6000044562,2016/01/08 05:00:00+00,1330,13,BAYVIEW AVE,PARKHURST BLVD,Major Arterial,43.708762,-79.376354,Intersection,Pedestrian Crossover,Clear,Daylight,Wet,Non-Fatal Injury,Driver,25 to 29,27,None,"Automobile, Station Wagon",Driving Properly,Normal,Yes,No,Yes,No,No,No,No,No,No,No,No,No,56,Leaside-Bennington (56)
6000048776,2016/01/09 05:00:00+00,420,4,80 PROGRESS AVE,Unknown,Minor Arterial,43.770754,-79.277339,Mid-Block,No Control,Rain,"Dark, artificial",Wet,Non-Fatal Injury,Driver,20 to 24,22,Major,"Automobile, Station Wagon",Lost control,Unknown,No,No,Yes,No,No,No,No,Yes,Yes,No,No,No,126,Dorset Park (126)
6000051992,2016/01/09 05:00:00+00,1750,17,OSSINGTON AVE,PENDRITH ST,Minor Arterial,43.664973,-79.426914,Mid-Block,No Control,Clear,"Dark, artificial",Wet,Non-Fatal Injury,Driver,30 to 34,32,None,Municipal Transit Bus (TTC),Driving Properly,Normal,No,No,No,No,No,Yes,No,No,No,No,No,No,93,Dovercourt-Wallace Emerson-Junction (93)
6000063108,2016/01/11 05:00:00+00,1618,16,MCNICOLL AVE,MARKHAM RD,Major Arterial,43.82398900000001,-79.24780600000003,Intersection,No Control,Clear,Dark,Dry,Non-Fatal Injury,Driver,55 to 59,57,None,"Automobile, Station Wagon",Driving Properly,Normal,Yes,No,Yes,No,No,No,No,No,No,No,No,No,131,Rouge (131)
6000066081,2016/01/12 05:00:00+00,545,5,TRETHEWEY DR,BLACK CREEK DR,Major Arterial,43.694602,-79.48609499999998,Intersection,Traffic Signal,Snow,"Dark, artificial",Loose Snow,Non-Fatal Injury,Driver,65 to 69,67,None,"Automobile, Station Wagon",Disobeyed Traffic Control,Inattentive,No,No,Yes,No,No,No,No,No,Yes,Yes,No,No,112,Beechborough-Greenbrook (112)
6000071039,2016/01/12 05:00:00+00,2117,21,WARDEN AVE,BAMBURGH CRCL,Major Arterial,43.816191,-79.32454200000002,Intersection,Traffic Signal,Strong wind,Dark,Slush,Non-Fatal Injury,Driver,65 to 69,67,None,"Automobile, Station Wagon",Driving Properly,Normal,Yes,No,Yes,No,No,No,No,No,No,No,No,No,116,Steeles (116)
6000074879,2016/01/13 05:00:00+00,1320,13,EGLINTON AVE E,CREDIT UNION DR,Major Arterial,43.726126,-79.318286,Intersection,Traffic Signal,Clear,Daylight,Dry,Non-Fatal Injury,Driver,75 to 79,77,Major,"Automobile, Station Wagon",Failed to Yield Right of Way,Inattentive,No,No,Yes,No,No,No,No,No,Yes,No,No,No,43,Victoria Village (43)
6000080482,2016/01/14 05:00:00+00,1129,11,STEELES AVE E,PHARMACY AVE,Major Arterial,43.816844,-79.336467,Intersection,Traffic Signal,Clear,Daylight,Wet,Fatal,Driver,35 to 39,37,Fatal,"Automobile, Station Wagon",Failed to Yield Right of Way,Unknown,No,No,Yes,No,Yes,No,No,No,Yes,No,No,No,116,Steeles (116)
6000081215,2016/01/14 05:00:00+00,1336,13,TECUMSETH ST,QUEEN ST W,Major Arterial,43.64667,-79.406566,Intersection,Traffic Signal,Clear,Daylight,Dry,Non-Fatal Injury,Driver,60 to 64,62,None,"Automobile, Station Wagon",Failed to Yield Right of Way,Inattentive,Yes,No,Yes,No,No,No,No,No,Yes,No,No,No,82,Niagara (82)
6000087893,2016/01/15 05:00:00+00,1435,14,BAYVIEW AVE,EGLINTON AVE E,Major Arterial,43.711028000000006,-79.377147,Intersection,Traffic Signal,Clear,Daylight,Wet,Fatal,Pedestrian,80 to 84,82,Fatal,Unknown,Unknown,Unknown,Yes,No,Yes,No,No,No,No,No,No,No,No,No,56,Leaside-Bennington (56)
6000089379,2016/01/15 05:00:00+00,1858,18,CHAMBERS AVE,ROCKWELL AVE,Collector,43.676741,-79.463107,Intersection,No Control,Rain,Dark,Wet,Non-Fatal Injury,Driver,unknown,unknown,None,"Automobile, Station Wagon",Failed to Yield Right of Way,Unknown,Yes,No,Yes,No,No,No,No,No,Yes,No,No,No,91,Weston-Pellam Park (91)
6000091975,2016/01/16 05:00:00+00,748,7,STEELES AVE W,ALCIDE ST,Major Arterial,43.751265,-79.63350200000002,Mid-Block,No Control,Clear,Daylight,Wet,Non-Fatal Injury,Driver,25 to 29,27,Minor,"Automobile, Station Wagon",Lost control,Unknown,No,No,Yes,No,No,No,No,No,No,No,No,No,1,West Humber-Clairville (1)
6000092951,2016/01/16 05:00:00+00,1137,11,BATHURST ST,DUNDAS ST W,Major Arterial,43.652915,-79.406276,Mid-Block,No Control,Clear,Daylight,Dry,Non-Fatal Injury,Driver,35 to 39,37,Minimal,"Automobile, Station Wagon",Improper Turn,Inattentive,No,No,Yes,No,No,No,No,No,No,No,No,No,78,Kensington-Chinatown (78)
6000966179,2016/06/03 04:00:00+00,2131,21,BURNHAMTHORPE RD,THE EAST MALL,Major Arterial,43.646285,-79.559978,Intersection,Traffic Signal,Clear,"Dark, artificial",Dry,Non-Fatal Injury,Driver,60 to 64,62,None,"Automobile, Station Wagon",Failed to Yield Right of Way,Normal,Yes,No,Yes,No,No,No,No,No,Yes,No,No,No,14,Islington-City Centre West (14)
6000094182,2016/01/16 05:00:00+00,1536,15,OSSINGTON AVE,DAVENPORT RD,Minor Arterial,43.674311,-79.430805,Mid-Block,No Control,Clear,Daylight,Dry,Non-Fatal Injury,Driver,50 to 54,52,None,"Automobile, Station Wagon",Driving Properly,Normal,Yes,No,Yes,No,No,No,No,No,No,No,No,No,94,Wychwood (94)
6000101056,2016/01/17 05:00:00+00,1935,19,SHEPPARD AVE E,CHICHESTER PL,Major Arterial,43.775893,-79.320316,Intersection,No Control,Clear,"Dark, artificial",Dry,Fatal,Pedestrian,75 to 79,77,Fatal,Unknown,Unknown,Unknown,Yes,No,Yes,No,No,No,No,No,No,No,No,No,118,Tam O'Shanter-Sullivan (118)