ACCNUM,DATE,TIME,HOUR,STREET1,STREET2,ROAD_CLASS,LATITUDE,LONGITUDE,LOCCOORD,TRAFFCTL,VISIBILITY,LIGHT,RDSFCOND,ACCLASS,INVTYPE,INVAGE,Age_mid,INJURY,VEHTYPE,DRIVACT,DRIVCOND,PEDESTRIAN,CYCLIST,AUTOMOBILE,MOTORCYCLE,TRUCK,TRSN_CITY_VEH,EMERG_VEH,SPEEDING,AG_DRIV,REDLIGHT,ALCOHOL,DISABILITY,Hood_ID,Neighbourhood
6001872148,2016/10/21 04:00:00+00,1040,10,ST CLAIR AVENUE EAST,WARDEN AVENUE,Major Arterial,43.711646,-79.282314,Mid-Block,No Control,Rain,"Daylight, artificial",Wet,Non-Fatal Injury,Driver,55 to 59,57,Major,Delivery Van,Lost control,Unknown,No,No,Yes,No,No,No,No,No,No,No,No,No,121,Oakridge (121)
6001873015,2016/10/21 04:00:00+00,1314,13,DUNDAS ST W,DUFFERIN ST,Minor Arterial,43.649645,-79.431422,Intersection,Traffic Signal,Rain,Daylight,Wet,Non-Fatal Injury,Driver,45 to 49,47,None,Delivery Van,Driving Properly,Normal,Yes,No,Yes,No,No,No,No,No,No,No,No,No,84,Little Portugal (84)
6001908620,2016/10/27 04:00:00+00,707,7,DUNDAS ST W,BLOOR ST W,Minor Arterial,43.655474,-79.45224300000002,Mid-Block,No Control,Rain,"Dusk, artificial",Wet,Non-Fatal Injury,Driver,55 to 59,57,None,Street Car,Driving Properly,Normal,Yes,No,No,No,No,Yes,No,No,No,No,No,No,86,Roncesvalles (86)
6001911246,2016/10/27 04:00:00+00,1506,15,STEELES AV W,KEELE ST,Major Arterial,43.78168,-79.49377,Mid-Block,No Control,Rain,Daylight,Wet,Non-Fatal Injury,Driver,60 to 64,62,None,"Automobile, Station Wagon",Driving Properly,Normal,Yes,No,Yes,No,No,No,No,No,No,No,No,No,27,York University Heights (27)
6001911469,2016/10/27 04:00:00+00,1549,15,CHERRY ST,POLSON ST,Collector,43.641406,-79.34917800000002,Mid-Block,No Control,Rain,Daylight,Wet,Fatal,Driver,50 to 54,52,Fatal,"Automobile, Station Wagon",Lost control,Unknown,No,No,Yes,No,No,No,No,Yes,Yes,No,No,No,70,South Riverdale (70)
6001912403,2016/10/27 04:00:00+00,1840,18,LESLIE ST,LAWRENCE AVE E,Major Arterial,43.734465,-79.355937,Intersection,Traffic Signal,Rain,"Dark, artificial",Wet,Non-Fatal Injury,Driver,85 to 89,87,None,"Automobile, Station Wagon",Failed to Yield Right of Way,Inattentive,Yes,No,Yes,No,No,No,No,No,Yes,No,No,No,42,Banbury-Don Mills (42)
6001924848,2016/10/29 04:00:00+00,1825,18,LAWRENCE AVE W,CHATSWORTH DR,Major Arterial,43.723117,-79.411304,Intersection,No Control,Clear,"Dark, artificial",Dry,Non-Fatal Injury,Driver,70 to 74,72,None,"Automobile, Station Wagon",Improper Turn,Inattentive,No,No,Yes,Yes,No,No,No,No,No,No,No,No,103,Lawrence Park South (103)
6001927266,2016/10/30 04:00:00+00,227,2,PHARMACY AVE,EGLINTON AVE E,Major Arterial,43.725642,-79.297504,Intersection,No Control,Clear,Dark,Dry,Fatal,Driver,30 to 34,32,Fatal,"Automobile, Station Wagon",Lost control,Had Been Drinking,No,No,Yes,No,No,No,No,Yes,Yes,No,No,No,119,Wexford/Maryvale (119)
6001932941,2016/10/31 04:00:00+00,257,2,F G GARDINER XY  E,JAMESON AVE,Unknown,43.63307800000001,-79.435222,Mid-Block,No Control,Clear,Dark,Dry,Fatal,Driver,25 to 29,27,Fatal,"Automobile, Station Wagon",Lost control,Unknown,No,No,Yes,No,No,No,No,Yes,Yes,No,No,No,85,South Parkdale (85)
6001937894,2016/10/31 04:00:00+00,2035,20,LAWRENCE AVE E,DON MILLS RD,Major Arterial,43.73693,-79.344211,Mid-Block,No Control,Clear,"Dark, artificial",Dry,Non-Fatal Injury,Driver,40 to 44,42,Minimal,"Automobile, Station Wagon",Exceeding Speed Limit,Inattentive,Yes,No,Yes,No,No,No,No,Yes,Yes,No,Yes,No,42,Banbury-Don Mills (42)
6001942141,2016/11/01 04:00:00+00,1300,13,KIPLING AVE,JUTLAND RD,Major Arterial,43.626231,-79.52880400000002,Intersection,Stop Sign,Clear,Daylight,Dry,Non-Fatal Injury,Driver,40 to 44,42,None,"Automobile, Station Wagon",Failed to Yield Right of Way,Inattentive,No,No,Yes,Yes,No,No,No,No,Yes,No,No,No,14,Islington-City Centre West (14)
6001945011,2016/11/01 04:00:00+00,2100,21,BAYVIEW AVE,HEATHCOTE AVE,Major Arterial,43.753062,-79.38513499999998,Mid-Block,No Control,Clear,"Dark, artificial",Dry,Non-Fatal Injury,Driver,20 to 24,22,Major,"Automobile, Station Wagon",Improper Turn,Unknown,No,No,Yes,No,No,No,No,No,No,No,No,No,40,St.Andrew-Windfields (40)
6001951366,2016/11/02 04:00:00+00,1948,19,486 COLLEGE ST,Unknown,Major Arterial,43.65609600000001,-79.409488,Mid-Block,No Control,Rain,"Dark, artificial",Wet,Fatal,Pedestrian,65 to 69,67,Fatal,Unknown,Unknown,Unknown,Yes,No,Yes,No,No,No,No,No,No,No,No,No,81,Trinity-Bellwoods (81)
6001958685,2016/11/03 04:00:00+00,226,2,F G GARDINER XY  E,CHERRY ST,Unknown,43.648909,-79.3549,Mid-Block,No Control,Clear,"Dark, artificial",Dry,Non-Fatal Injury,Motorcycle Driver,20 to 24,22,Major,Motorcycle,Lost control,Inattentive,No,No,No,Yes,No,No,No,No,No,No,No,No,77,Waterfront Communities-The Island (77)
6001956297,2016/11/03 04:00:00+00,1507,15,PARLIAMENT ST,WELLESLEY ST E,Minor Arterial,43.668101,-79.369525,Intersection,Traffic Signal,Clear,Daylight,Dry,Non-Fatal Injury,Truck Driver,40 to 44,42,None,Truck - Dump,Improper Turn,Inattentive,No,Yes,No,No,Yes,No,No,No,No,No,No,No,71,Cabbagetown-South St.James Town (71)
6001957443,2016/11/03 04:00:00+00,1815,18,LAWRENCE AVE E,GREENHOLM CRCT,Major Arterial,43.760241,-79.222949,Intersection,No Control,Clear,"Dusk, artificial",Dry,Non-Fatal Injury,Driver,70 to 74,72,None,"Automobile, Station Wagon",Driving Properly,Normal,Yes,No,Yes,No,No,No,No,No,No,No,No,No,137,Woburn (137)
6001958569,2016/11/03 04:00:00+00,2201,22,401 W ALLEN YORKDALE RAMP,YORKDALE RD,Minor Arterial,43.727496,-79.449474,Intersection,Traffic Signal,Clear,Dark,Dry,Non-Fatal Injury,Driver,20 to 24,22,Major,"Automobile, Station Wagon",Lost control,Unknown,No,No,Yes,No,No,No,No,No,No,No,No,No,31,Yorkdale-Glen Park (31)
6001965886,2016/11/05 04:00:00+00,32,3,BRUYERES  MEWS,IANNUZZI  ST,Pending,43.637377,-79.40189699999998,Mid-Block,No Control,Clear,Dark,Dry,Non-Fatal Injury,Driver,20 to 24,22,None,"Automobile, Station Wagon",Disobeyed Traffic Control,Unknown,No,No,Yes,No,No,No,No,Yes,Yes,No,No,No,82,Niagara (82)
6001974222,2016/11/06 04:00:00+00,1155,11,BLOOR ST W,GRENVIEW BLVD N,Major Arterial,43.648158,-79.507747,Intersection,Stop Sign,Clear,Daylight,Dry,Fatal,Pedestrian,Over 95,unknown,Fatal,Unknown,Unknown,Unknown,Yes,No,Yes,No,No,No,No,No,Yes,No,No,No,16,Stonegate-Queensway (16)
6001976341,2016/11/06 04:00:00+00,1900,19,MARKHAM RD,ROSEBANK DR,Major Arterial,43.791438,-79.237788,Intersection,No Control,Clear,"Dark, artificial",Dry,Non-Fatal Injury,Driver,75 to 79,77,None,Passenger Van,Driving Properly,Normal,Yes,No,Yes,No,No,No,No,No,No,No,No,No,132,Malvern (132)
7001571864,2017/08/30 04:00:00+00,1703,17,WELLESLEY ST W,QUEENS PARK CRES E,Major Arterial,43.663512,-79.39060500000002,Intersection,Traffic Signal,Clear,Daylight,Dry,Non-Fatal Injury,Cyclist,40 to 44,42,Major,Bicycle,Unknown,Unknown,No,Yes,No,No,Yes,No,No,No,No,No,No,No,76,Bay Street Corridor (76)
7001580093,2017/08/31 04:00:00+00,2141,21,YONGE ST,YONGE BLVD,Major Arterial,43.73429,-79.40452900000003,Intersection,Traffic Controller,Clear,"Daylight, artificial",Dry,Non-Fatal Injury,Driver,20 to 24,22,None,Pick Up Truck,Improper Turn,Normal,No,Yes,Yes,No,No,No,No,No,No,No,No,No,41,Bridle Path-Sunnybrook-York Mills (41)
7001604333,2017/09/05 04:00:00+00,30,3,715 MILNER AVE,Unknown,Minor Arterial,43.79603400000001,-79.210155,Mid-Block,No Control,Clear,"Dark, artificial",Dry,Non-Fatal Injury,Passenger,30 to 34,32,Major,Unknown,Unknown,Unknown,No,No,Yes,No,No,No,No,No,No,No,No,No,132,Malvern (132)
7001609078,2017/09/05 04:00:00+00,1735,17,MILLWOOD RD,YONGE  ST,Local,43.6999,-79.393703,Mid-Block,No Control,Clear,Daylight,Dry,Non-Fatal Injury,Driver,35 to 39,37,None,"Automobile, Station Wagon",Driving Properly,Normal,Yes,No,Yes,No,No,No,No,No,No,No,No,No,104,Mount Pleasant West (104)
7001609405,2017/09/05 04:00:00+00,1832,18,CODSELL AVE,MAXWELL ST,Local,43.756312,-79.446689,Intersection,Stop Sign,Clear,Daylight,Dry,Fatal,Pedestrian,70 to 74,72,Fatal,Unknown,Unknown,Unknown,Yes,No,Yes,No,No,No,No,No,Yes,No,No,No,34,Bathurst Manor (34)
7001616713,2017/09/06 04:00:00+00,2040,20,GERRARD ST E,HANNAFORD ST,Minor Arterial,43.68532800000001,-79.293407,Intersection,No Control,Clear,"Dark, artificial",Dry,Non-Fatal Injury,Driver,55 to 59,57,None,"Automobile, Station Wagon",Improper Turn,Normal,No,Yes,Yes,No,No,No,No,No,No,No,No,No,62,East End-Danforth (62)
7001617319,2017/09/06 04:00:00+00,2217,22,JARVIS ST,DUNDAS ST E,Major Arterial,43.656638,-79.37439300000003,Mid-Block,No Control,Clear,"Dark, artificial",Dry,Non-Fatal Injury,Driver,50 to 54,52,None,"Automobile, Station Wagon",Driving Properly,Normal,Yes,No,Yes,No,No,No,No,No,No,No,No,No,73,Moss Park (73)
7001621842,2017/09/07 04:00:00+00,1538,15,EGLINTON AVE E,BIMBROK RD,Major Arterial,43.735778,-79.25201700000002,Intersection,No Control,Clear,Daylight,Dry,Non-Fatal Injury,Passenger,25 to 29,27,Major,Unknown,Unknown,Unknown,No,No,Yes,No,Yes,No,No,No,Yes,No,No,No,124,Kennedy Park (124)
7001628368,2017/09/08 04:00:00+00,1505,15,BALLIOL ST,BAYVIEW AVE,Major Arterial,43.701991,-79.373752,Intersection,Stop Sign,Clear,Daylight,Dry,Non-Fatal Injury,Driver,35 to 39,37,None,Passenger Van,Failed to Yield Right of Way,Inattentive,No,Yes,Yes,No,No,No,No,No,Yes,No,No,No,56,Leaside-Bennington (56)
7001633721,2017/09/09 04:00:00+00,1221,12,MC CAUL ST,QUEEN ST W,Major Arterial,43.650122,-79.389713,Intersection,Traffic Controller,Clear,Daylight,Dry,Non-Fatal Injury,Motorcycle Driver,45 to 49,47,Major,Motorcycle,Lost control,Normal,No,No,Yes,Yes,No,No,No,No,No,No,No,No,77,Waterfront Communities-The Island (77)
7001651562,2017/09/12 04:00:00+00,844,8,COSBURN AVE,LESMOUNT AVE,Minor Arterial,43.691332,-79.34061700000002,Intersection,No Control,Clear,Daylight,Dry,Non-Fatal Injury,Truck Driver,45 to 49,47,None,"Truck - Closed (Blazer, etc)",Improper Turn,Normal,No,Yes,No,No,Yes,No,No,No,No,No,No,No,59,Danforth East York (59)
7001653729,2017/09/12 04:00:00+00,1426,14,BIRCHMOUNT RD,WINTERMUTE BLVD,Major Arterial,43.817134,-79.314929,Mid-Block,No Control,Clear,Daylight,Dry,Non-Fatal Injury,Driver,35 to 39,37,Minimal,"Automobile, Station Wagon",Driving Properly,Normal,No,No,Yes,No,No,No,No,No,No,No,No,No,116,Steeles (116)
7001656927,2017/09/13 04:00:00+00,105,1,BLOOR ST W,BRUNSWICK AVE,Major Arterial,43.665908,-79.407436,Intersection,Traffic Signal,Clear,"Dark, artificial",Dry,Non-Fatal Injury,Cyclist,20 to 24,22,Major,Bicycle,Unknown,Unknown,No,Yes,No,Yes,No,No,No,No,No,No,No,No,95,Annex (95)
7001667796,2017/09/14 04:00:00+00,1601,16,DON MILLS RD,GATEWAY BLVD,Major Arterial,43.714392,-79.336337,Intersection,Traffic Signal,Clear,Daylight,Dry,Non-Fatal Injury,Driver,30 to 34,32,None,"Automobile, Station Wagon",Driving Properly,Normal,No,No,Yes,Yes,No,No,No,No,No,No,No,No,44,Flemingdon Park (44)
7001671435,2017/09/15 04:00:00+00,652,6,STEELES AVE W,HIGHWAY 27  N,Major Arterial,43.755641,-79.61288,Mid-Block,No Control,Clear,Daylight,Dry,Fatal,Passenger,55 to 59,57,Fatal,Unknown,Unknown,Unknown,No,No,Yes,No,Yes,No,No,Yes,Yes,No,No,No,1,West Humber-Clairville (1)
7001690052,2017/09/17 04:00:00+00,2358,23,LAKE SHORE BLVD W,REMEMBRANCE DR,Major Arterial,43.630351,-79.419742,Intersection,Traffic Signal,Clear,"Dark, artificial",Dry,Non-Fatal Injury,Cyclist,25 to 29,27,Major,Bicycle,Unknown,Unknown,No,Yes,Yes,No,No,No,No,No,No,No,No,No,82,Niagara (82)
7001696237,2017/09/18 04:00:00+00,2019,20,LAKE SHORE BLVD W,BRITISH COLUMBIA RD,Major Arterial,43.631358,-79.429141,Intersection,Traffic Signal,Clear,"Dark, artificial",Dry,Non-Fatal Injury,Cyclist,15 to 19,17,Major,Bicycle,Unknown,Unknown,No,Yes,Yes,No,No,No,No,No,No,No,No,No,85,South Parkdale (85)
7001709828,2017/09/20 04:00:00+00,1953,19,BROADVIEW AVE,NEALON AVE,Minor Arterial,43.682852,-79.35718100000003,Intersection,No Control,Clear,Dark,Dry,Fatal,Pedestrian,85 to 89,87,Fatal,Unknown,Unknown,Unknown,Yes,No,Yes,No,No,No,No,No,No,No,No,No,57,Broadview North (57)
7001722344,2017/09/22 04:00:00+00,1632,16,SCARLETT  RD,EAST DR,Minor Arterial,43.676768,-79.505992,Intersection,Traffic Signal,Clear,Daylight,Dry,Non-Fatal Injury,Driver,60 to 64,62,Major,"Automobile, Station Wagon",Driving Properly,Normal,No,No,Yes,No,No,No,No,No,Yes,Yes,No,No,111,Rockcliffe-Smythe (111)
7001725049,2017/09/23 04:00:00+00,50,5,ROCKCLIFFE BLVD,WOOLNER AVE,Collector,43.674117,-79.488162,Mid-Block,No Control,Clear,"Dark, artificial",Dry,Non-Fatal Injury,Passenger,15 to 19,17,Major,Unknown,Unknown,Unknown,No,No,Yes,No,No,No,No,Yes,Yes,No,No,No,111,Rockcliffe-Smythe (111)
7001731321,2017/09/24 04:00:00+00,0,0,YONGE ST,CENTRE AVE,Major Arterial,43.790942,-79.418277,Mid-Block,No Control,Clear,"Dark, artificial",Dry,Non-Fatal Injury,Driver,25 to 29,27,None,"Automobile, Station Wagon",Lost control,Inattentive,Yes,No,Yes,No,No,No,No,No,Yes,No,No,No,50,Newtonbrook East (50)
7001733942,2017/09/24 04:00:00+00,1255,12,DUFFERIN ST,HOPEWELL AVE,Major Arterial,43.698622,-79.451267,Intersection,Stop Sign,Clear,Daylight,Dry,Non-Fatal Injury,Driver,60 to 64,62,None,"Automobile, Station Wagon",Driving Properly,Normal,No,Yes,Yes,No,No,No,No,No,No,No,No,No,108,Briar Hill-Belgravia (108)
7001742051,2017/09/25 04:00:00+00,1652,16,EGLINTON  AVE W,CHILTERN HILL RD,Major Arterial,43.700457,-79.427722,Intersection,Stop Sign,Clear,Daylight,Dry,Non-Fatal Injury,Pedestrian,50 to 54,52,Major,Unknown,Unknown,Unknown,Yes,No,Yes,No,No,No,No,No,No,No,No,No,106,Humewood-Cedarvale (106)
7001744141,2017/09/25 04:00:00+00,2330,23,4673 JANE ST,Unknown,Major Arterial,43.770049,-79.520641,Mid-Block,No Control,Clear,"Dark, artificial",Dry,Non-Fatal Injury,Driver,55 to 59,57,None,"Automobile, Station Wagon",Driving Properly,Normal,Yes,No,Yes,No,No,No,No,Yes,Yes,No,No,No,24,Black Creek (24)
7001748240,2017/09/26 04:00:00+00,1505,15,BURNHAMTHORPE RD,SATURN RD,Major Arterial,43.642485,-79.575847,Intersection,Traffic Signal,Clear,Daylight,Dry,Non-Fatal Injury,Driver,60 to 64,62,None,"Automobile, Station Wagon",Driving Properly,Normal,No,No,Yes,Yes,No,No,No,No,Yes,Yes,No,No,13,Etobicoke West Mall (13)
7001757365,2017/09/27 04:00:00+00,2125,21,WARDEN AVE,CONTINENTAL PL,Major Arterial,43.763491,-79.30125699999998,Intersection,No Control,Clear,Dark,Dry,Fatal,Pedestrian,30 to 34,32,Fatal,Unknown,Unknown,Unknown,Yes,No,Yes,No,No,No,No,Yes,Yes,No,No,No,119,Wexford/Maryvale (119)
7001762491,2017/09/28 04:00:00+00,1630,16,BIRCHMOUNT RD,ZENITH DR,Minor Arterial,43.711009,-79.26977099999998,Intersection,No Control,Clear,Daylight,Dry,Fatal,Pedestrian,55 to 59,57,Fatal,Unknown,Unknown,Unknown,Yes,No,Yes,No,No,No,No,No,Yes,No,Yes,No,120,Clairlea-Birchmount (120)
7001764156,2017/09/28 04:00:00+00,2135,21,4322 MCCOWAN RD,Unknown,Major Arterial,43.829547,-79.274997,Mid-Block,No Control,Clear,"Dark, artificial",Dry,Fatal,Pedestrian,70 to 74,72,Fatal,Unknown,Unknown,Unknown,Yes,No,Yes,No,No,No,No,No,No,No,No,No,130,Milliken (130)
7001771267,2017/09/29 04:00:00+00,2325,23,YONGE ST,ORCHARD VIEW BLVD,Major Arterial,43.708125,-79.39863100000002,Intersection,Traffic Signal,Rain,Dark,Wet,Non-Fatal Injury,Driver,25 to 29,27,None,"Automobile, Station Wagon",Driving Properly,Normal,Yes,No,Yes,No,No,No,No,No,No,No,No,No,104,Mount Pleasant West (104)
7001774140,2017/09/30 04:00:00+00,1311,13,ROGERS  RD,MCROBERTS AVE,Minor Arterial,43.683287,-79.45544699999998,Mid-Block,No Control,Clear,Daylight,Dry,Non-Fatal Injury,Passenger,0 to 4,2,None,Unknown,Unknown,Unknown,No,No,Yes,No,No,No,No,No,No,No,No,Yes,109,Caledonia-Fairbank (109)
7001781044,2017/10/01 04:00:00+00,1615,16,DAVENPORT RD,DOVERCOURT ROAD,Minor Arterial,43.674288,-79.434612,Intersection,No Control,Clear,Daylight,Dry,Non-Fatal Injury,Driver,40 to 44,42,None,"Automobile, Station Wagon",Improper Turn,Normal,No,Yes,Yes,No,No,No,No,No,No,No,No,No,92,Corso Italia-Davenport (92)
7001781629,2017/10/01 04:00:00+00,1815,18,BLOOR ST W,SPADINA AVE,Major Arterial,43.666583,-79.403827,Intersection,Traffic Signal,Clear,Daylight,Dry,Non-Fatal Injury,Cyclist,20 to 24,22,Major,Bicycle,Unknown,Unknown,No,Yes,No,No,Yes,No,No,No,No,No,No,No,79,University (79)
7001784038,2017/10/02 04:00:00+00,645,6,WHITMORE AVE,DUFFERIN ST,Major Arterial,43.697844,-79.451099,Intersection,Traffic Signal,Clear,Daylight,Dry,Non-Fatal Injury,Driver,35 to 39,37,None,"Automobile, Station Wagon",Driving Properly,Normal,Yes,No,Yes,No,No,No,No,Yes,Yes,No,No,No,108,Briar Hill-Belgravia (108)
7001786322,2017/10/02 04:00:00+00,1327,13,SEWELLS RD,STEELES AVE E,Minor Arterial,43.846129,-79.209255,Intersection,Stop Sign,Clear,Daylight,Dry,Non-Fatal Injury,Driver,35 to 39,37,Major,"Automobile, Station Wagon",Driving Properly,Normal,No,No,Yes,No,No,No,No,No,Yes,No,No,No,131,Rouge (131)
7001788522,2017/10/02 04:00:00+00,1915,19,QUEEN ST E,BROADVIEW AVE,Major Arterial,43.658805,-79.349811,Mid-Block,No Control,Clear,"Dark, artificial",Dry,Non-Fatal Injury,Driver,25 to 29,27,Major,"Automobile, Station Wagon",Lost control,"Ability Impaired, Drugs",No,No,Yes,No,No,No,No,No,No,No,No,No,70,South Riverdale (70)
7001788556,2017/10/02 04:00:00+00,1925,19,STEELES AVE E,LAURELEAF RD S,Major Arterial,43.805499,-79.385745,Intersection,Traffic Signal,Clear,"Dark, artificial",Dry,Non-Fatal Injury,Driver,Over 95,unknown,None,"Automobile, Station Wagon",Driving Properly,Normal,Yes,No,Yes,No,No,No,No,No,No,No,No,No,49,Bayview Woods-Steeles (49)
7000239280,2017/02/07 05:00:00+00,1909,19,MORTIMER AVE,BROADVIEW AVE,Minor Arterial,43.683955,-79.35628100000002,Mid-Block,No Control,Rain,"Dark, artificial",Wet,Non-Fatal Injury,Driver,65 to 69,67,None,"Automobile, Station Wagon",Driving Properly,Normal,Yes,No,Yes,No,No,No,No,No,No,No,No,No,57,Broadview North (57)
6001989183,2016/11/08 05:00:00+00,1833,18,ISLINGTON AVE,SUMMITCREST DR,Major Arterial,43.683188,-79.540462,Intersection,Traffic Signal,Rain,"Dark, artificial",Wet,Non-Fatal Injury,Driver,65 to 69,67,None,"Automobile, Station Wagon",Failed to Yield Right of Way,Inattentive,Yes,No,Yes,No,No,No,No,No,Yes,No,No,No,7,Willowridge-Martingrove-Richview (7)
6002001573,2016/11/10 05:00:00+00,1732,17,BRIMLEY RD,GAGE AVE,Major Arterial,43.750491,-79.254108,Mid-Block,No Control,Clear,"Dark, artificial",Dry,Fatal,Pedestrian,60 to 64,62,Fatal,Unknown,Unknown,Unknown,Yes,No,Yes,No,No,No,No,No,No,No,No,No,127,Bendale (127)
6002011919,2016/11/12 05:00:00+00,1241,12,WILLOWDALE AVE,ABITIBI AVE,Minor Arterial,43.797526,-79.41374499999998,Intersection,Traffic Signal,Clear,Daylight,Dry,Non-Fatal Injury,Driver,50 to 54,52,None,"Automobile, Station Wagon",Failed to Yield Right of Way,Inattentive,No,No,Yes,Yes,No,No,No,No,Yes,No,No,No,50,Newtonbrook East (50)
6002020311,2016/11/13 05:00:00+00,2225,22,SHEPPARD AVE W,ARLETA AVE,Major Arterial,43.741427,-79.50146,Intersection,Traffic Signal,Clear,"Dark, artificial",Dry,Non-Fatal Injury,Driver,25 to 29,27,None,"Automobile, Station Wagon",Failed to Yield Right of Way,Inattentive,No,No,Yes,Yes,No,No,No,Yes,Yes,No,No,No,25,Glenfield-Jane Heights (25)
6002021851,2016/11/14 05:00:00+00,814,8,ARAGON AVE,SHEPPARD AVE E,Major Arterial,43.77949,-79.304355,Intersection,Traffic Signal,Clear,Daylight,Dry,Fatal,Pedestrian,75 to 79,77,Fatal,Unknown,Unknown,Unknown,Yes,No,Yes,No,No,No,No,No,Yes,No,No,No,118,Tam O'Shanter-Sullivan (118)
6002047256,2016/11/18 05:00:00+00,318,3,SHEPPARD AVE E,YONGE ST,Major Arterial,43.761435,-79.410892,Intersection,Traffic Signal,Clear,"Dark, artificial",Dry,Non-Fatal Injury,Driver,45 to 49,47,None,Intercity Bus,Driving Properly,Unknown,Yes,No,No,No,No,Yes,No,No,No,No,No,No,51,Willowdale East (51)
6002050023,2016/11/18 05:00:00+00,1354,13,BLOOR ST W,RENFORTH DR,Major Arterial,43.635283,-79.56374699999998,Intersection,No Control,Clear,Daylight,Dry,Non-Fatal Injury,Driver,20 to 24,22,None,"Automobile, Station Wagon",Driving Properly,Normal,Yes,No,Yes,No,No,No,No,No,No,No,No,No,13,Etobicoke West Mall (13)
6002057504,2016/11/19 05:00:00+00,1807,18,KENNEDY RD,MCNICOLL AVE,Major Arterial,43.812064,-79.301906,Intersection,Traffic Signal,Clear,"Dark, artificial",Dry,Non-Fatal Injury,Driver,70 to 74,72,None,"Automobile, Station Wagon",Improper Turn,Inattentive,No,Yes,Yes,No,No,No,No,No,No,No,No,No,130,Milliken (130)
6002071995,2016/11/22 05:00:00+00,649,6,DEANS DR,WARDEN AVE,Major Arterial,43.716109,-79.282733,Intersection,Traffic Signal,Clear,"Dark, artificial",Wet,Non-Fatal Injury,Driver,35 to 39,37,None,"Automobile, Station Wagon",Improper Turn,Inattentive,Yes,No,Yes,No,No,No,No,No,No,No,No,No,120,Clairlea-Birchmount (120)
6002076706,2016/11/22 05:00:00+00,2040,20,MELROSE ST,GARROCH PL,Local,43.618716,-79.506374,Intersection,No Control,Clear,"Dark, artificial",Dry,Non-Fatal Injury,Driver,25 to 29,27,None,"Automobile, Station Wagon",Failed to Yield Right of Way,Inattentive,Yes,No,Yes,No,No,No,No,No,Yes,No,No,No,17,Mimico (includes Humber Bay Shores) (17)
6002081357,2016/11/23 05:00:00+00,1515,15,CENTENNIAL PARK BLVD,EGLINTON AVE W,Major Arterial,43.65576,-79.598361,Intersection,Traffic Signal,Clear,Daylight,Dry,Non-Fatal Injury,Driver,55 to 59,57,None,"Automobile, Station Wagon",Driving Properly,Normal,No,No,Yes,No,No,No,No,No,No,No,No,No,11,Eringate-Centennial-West Deane (11)
6002089290,2016/11/24 05:00:00+00,2010,20,300 GEORGE ST,Unknown,Local,43.657778,-79.373676,Mid-Block,No Control,Clear,Dark,Wet,Fatal,Pedestrian,70 to 74,72,Fatal,Unknown,Unknown,Unknown,Yes,No,Yes,No,No,No,No,No,No,No,No,No,73,Moss Park (73)
6002090598,2016/11/25 05:00:00+00,251,2,FINCH AVE E,MIDLAND AVE,Major Arterial,43.803679,-79.28625,Intersection,Traffic Signal,"Fog, Mist, Smoke, Dust","Dark, artificial",Wet,Non-Fatal Injury,Driver,20 to 24,22,None,"Automobile, Station Wagon",Exceeding Speed Limit,Normal,No,No,Yes,No,No,No,No,Yes,Yes,No,No,No,129,Agincourt North (129)
6002093548,2016/11/25 05:00:00+00,1403,14,DUNDAS ST W,CORDOVA AVE,Major Arterial,43.649054,-79.52839200000003,Mid-Block,No Control,Clear,Daylight,Dry,Non-Fatal Injury,Driver,40 to 44,42,Minor,"Automobile, Station Wagon",Lost control,Unknown,No,No,Yes,No,No,No,No,Yes,Yes,No,No,No,14,Islington-City Centre West (14)
6002100980,2016/11/26 05:00:00+00,1807,18,YORK MILLS RD,SCARSDALE RD,Major Arterial,43.753421,-79.357456,Intersection,Traffic Signal,Rain,"Dark, artificial",Wet,Non-Fatal Injury,Driver,40 to 44,42,None,"Automobile, Station Wagon",Failed to Yield Right of Way,Inattentive,Yes,No,Yes,No,No,No,No,No,Yes,No,No,No,42,Banbury-Don Mills (42)
6002108596,2016/11/28 05:00:00+00,124,1,1595 BATHURST ST,LONSMOUNT DR,Major Arterial,43.689776,-79.421008,Mid-Block,No Control,Clear,"Dark, artificial",Dry,Non-Fatal Injury,Driver,60 to 64,62,None,"Automobile, Station Wagon",Driving Properly,Normal,Yes,No,Yes,No,No,No,No,No,No,No,No,No,101,Forest Hill South (101)
6002114627,2016/11/28 05:00:00+00,2153,21,BLOOR ST E,PARLIAMENT ST,Major Arterial,43.671935,-79.370654,Intersection,Traffic Signal,Clear,Dark,Dry,Fatal,Passenger,25 to 29,27,Fatal,Unknown,Unknown,Unknown,No,No,Yes,No,No,No,No,Yes,Yes,No,No,No,71,Cabbagetown-South St.James Town (71)