ACCNUM,DATE,TIME,HOUR,STREET1,STREET2,ROAD_CLASS,LATITUDE,LONGITUDE,LOCCOORD,TRAFFCTL,VISIBILITY,LIGHT,RDSFCOND,ACCLASS,INVTYPE,INVAGE,Age_mid,INJURY,VEHTYPE,DRIVACT,DRIVCOND,PEDESTRIAN,CYCLIST,AUTOMOBILE,MOTORCYCLE,TRUCK,TRSN_CITY_VEH,EMERG_VEH,SPEEDING,AG_DRIV,REDLIGHT,ALCOHOL,DISABILITY,Hood_ID,Neighbourhood
8000243481,2018/02/08 05:00:00+00,313,3,SPADINA  AVE,QUEEN ST W,Major Arterial,43.648692,-79.396343,Intersection,Traffic Signal,Clear,"Dark, artificial",Slush,Non-Fatal Injury,Pedestrian,20 to 24,22,Major,Unknown,Unknown,Unknown,Yes,No,Yes,No,No,No,No,No,Yes,Yes,No,No,77,Waterfront Communities-The Island (77)
7001821559,2017/10/07 04:00:00+00,2025,20,UNIVERSITY AVE,EDWARD ST,Major Arterial,43.655394,-79.388561,Intersection,No Control,Clear,"Daylight, artificial",Dry,Non-Fatal Injury,Motorcycle Passenger,15 to 19,17,Minimal,Unknown,Unknown,Unknown,No,No,Yes,Yes,No,No,No,No,Yes,No,No,No,76,Bay Street Corridor (76)
7001824954,2017/10/08 04:00:00+00,1230,12,F G GARDINER XY  E,GARDINER E LOWER JARVIS RAMP,Major Arterial,43.641997,-79.379878,Mid-Block,No Control,Clear,Daylight,Dry,Non-Fatal Injury,Motorcycle Driver,25 to 29,27,Major,Motorcycle,Driving Properly,Normal,No,No,Yes,Yes,No,No,No,No,No,No,No,No,77,Waterfront Communities-The Island (77)
7001831033,2017/10/09 04:00:00+00,1545,15,TRANSIT RD,WILSON AVE,Minor Arterial,43.735114,-79.452129,Mid-Block,No Control,Clear,Daylight,Dry,Non-Fatal Injury,Motorcycle Driver,35 to 39,37,Major,Motorcycle,Lost control,Inattentive,No,No,No,Yes,No,No,No,No,No,No,No,No,33,Clanton Park (33)
7001831217,2017/10/09 04:00:00+00,1628,16,YONGE ST,FRICHOT AVE,Major Arterial,43.673964,-79.388301,Mid-Block,No Control,Clear,Daylight,Dry,Non-Fatal Injury,Driver,30 to 34,32,None,"Automobile, Station Wagon",Driving Properly,Normal,No,No,Yes,No,No,No,No,No,No,No,No,No,98,Rosedale-Moore Park (98)
7001838870,2017/10/10 04:00:00+00,2100,21,3358 MCCOWAN RD,Unknown,Major Arterial,43.825011,-79.27508900000002,Mid-Block,Traffic Signal,Clear,"Dark, artificial",Dry,Non-Fatal Injury,Driver,20 to 24,22,None,"Automobile, Station Wagon",Driving Properly,Normal,Yes,No,Yes,No,No,No,No,No,No,No,No,No,130,Milliken (130)
7001842185,2017/10/11 04:00:00+00,1140,11,KIPLING AVE,THE WESTWAY,Major Arterial,43.686839,-79.55523199999998,Mid-Block,No Control,Clear,Daylight,Dry,Non-Fatal Injury,Passenger,20 to 24,22,Minimal,Unknown,Unknown,Unknown,No,No,Yes,No,No,No,No,No,No,No,No,No,6,Kingsview Village-The Westway (6)
7001844786,2017/10/11 04:00:00+00,1847,18,GERRARD  ST E,SHERBOURNE ST,Minor Arterial,43.661154,-79.372196,Intersection,Traffic Signal,Clear,"Dark, artificial",Dry,Non-Fatal Injury,Driver,60 to 64,62,Major,"Bus (Other) (Go Bus, Gray Coach)",Lost control,Unknown,No,No,No,No,No,Yes,No,No,No,No,No,No,73,Moss Park (73)
7001845018,2017/10/11 04:00:00+00,1928,19,OLD PARK  RD,WEMBLEY  RD,Collector,43.700614,-79.431331,Intersection,Stop Sign,Rain,"Dark, artificial",Wet,Non-Fatal Injury,Pedestrian,80 to 84,82,Major,Unknown,Unknown,Unknown,Yes,No,Yes,No,No,No,No,No,Yes,No,No,No,102,Forest Hill North (102)
7002025111,2017/11/08 05:00:00+00,1838,18,TRETHEWEY DR,IRVING RD,Minor Arterial,43.692324,-79.47725200000002,Intersection,No Control,Clear,"Dark, artificial",Dry,Non-Fatal Injury,Driver,60 to 64,62,None,"Automobile, Station Wagon",Improper Passing,Inattentive,No,Yes,Yes,No,No,No,No,No,Yes,No,No,No,112,Beechborough-Greenbrook (112)
7001875614,2017/10/16 04:00:00+00,1800,18,LAWRENCE AVE E,GREENCEDAR CRCT,Major Arterial,43.758113,-79.23304300000002,Intersection,Traffic Signal,Clear,"Dark, artificial",Dry,Non-Fatal Injury,Passenger,45 to 49,47,Major,Unknown,Unknown,Unknown,No,No,Yes,No,No,No,No,No,Yes,Yes,No,No,137,Woburn (137)
8001650518,2018/09/06 04:00:00+00,1225,12,DUPONT ST,DUFFERIN ST,Major Arterial,43.668368,-79.440242,Mid-Block,No Control,Clear,Daylight,Dry,Non-Fatal Injury,Motorcycle Driver,30 to 34,32,Major,Motorcycle,Driving Properly,Normal,No,No,Yes,Yes,No,No,No,No,Yes,No,No,No,93,Dovercourt-Wallace Emerson-Junction (93)
7001879752,2017/10/17 04:00:00+00,1143,11,COXWELL AVE,MORTIMER AVE,Minor Arterial,43.690516,-79.326534,Intersection,Traffic Signal,Clear,Daylight,Dry,Non-Fatal Injury,Driver,65 to 69,67,None,"Automobile, Station Wagon",Failed to Yield Right of Way,Normal,Yes,No,Yes,No,No,No,No,No,Yes,No,No,No,59,Danforth East York (59)
7001855401,2017/10/18 04:00:00+00,906,9,COWAN AVE,KING  ST W,Major Arterial,43.63795,-79.431827,Intersection,Stop Sign,Clear,Daylight,Dry,Fatal,Cyclist,35 to 39,37,Fatal,Bicycle,Unknown,Unknown,No,Yes,Yes,No,No,Yes,No,No,Yes,No,No,No,85,South Parkdale (85)
7001903704,2017/10/20 04:00:00+00,2318,23,KIPLING  AVE,NORTH QUEEN ST,Major Arterial,43.625136,-79.52850699999998,Intersection,Traffic Signal,Clear,"Dusk, artificial",Dry,Non-Fatal Injury,Pedestrian,45 to 49,47,Major,Unknown,Unknown,Unknown,Yes,No,Yes,No,No,No,No,No,Yes,No,No,No,14,Islington-City Centre West (14)
7001905037,2017/10/21 04:00:00+00,648,6,EGLINTON AV W,ISLINGTON AV,Major Arterial,43.679232,-79.541286,Mid-Block,No Control,Clear,"Dark, artificial",Dry,Non-Fatal Injury,Passenger,20 to 24,22,Major,Unknown,Unknown,Unknown,No,No,Yes,No,No,No,No,No,No,No,No,No,10,Princess-Rosethorn (10)
7001906466,2017/10/21 04:00:00+00,1310,13,LAKE SHORE BLVD W,THIRTY SEVENTH ST,Major Arterial,43.593325,-79.538135,Intersection,Traffic Signal,Clear,Daylight,Dry,Non-Fatal Injury,Passenger,70 to 74,72,Minimal,Unknown,Unknown,Unknown,No,No,Yes,Yes,No,No,No,No,Yes,No,No,No,19,Long Branch (19)
7001903339,2017/10/21 04:00:00+00,2200,22,45 CUMMER  AVE,Unknown,Minor Arterial,43.787329,-79.415561,Mid-Block,No Control,Clear,"Dark, artificial",Dry,Non-Fatal Injury,Cyclist,30 to 34,32,Major,Bicycle,Unknown,Unknown,No,Yes,Yes,No,No,No,No,No,No,No,No,No,50,Newtonbrook East (50)
7001909817,2017/10/22 04:00:00+00,14,1,MARKHAM  RD,PANDORA CRCL,Major Arterial,43.77117,-79.22978499999998,Intersection,Traffic Signal,Clear,"Dusk, artificial",Dry,Non-Fatal Injury,Pedestrian,35 to 39,37,Major,Unknown,Unknown,Unknown,Yes,No,Yes,No,No,No,No,No,No,No,No,No,137,Woburn (137)
7001912808,2017/10/22 04:00:00+00,1350,13,AVENUE  RD,WOBURN AVE,Major Arterial,43.725348,-79.41685,Intersection,No Control,Clear,Daylight,Dry,Non-Fatal Injury,Motorcycle Driver,55 to 59,57,Major,Motorcycle,Driving Properly,Unknown,No,No,Yes,Yes,No,No,No,No,No,No,No,No,39,Bedford Park-Nortown (39)
7001914819,2017/10/22 04:00:00+00,2007,20,KING  ST W,NIAGARA ST,Major Arterial,43.642733,-79.408191,Mid-Block,No Control,Clear,"Dark, artificial",Dry,Non-Fatal Injury,Pedestrian,25 to 29,27,Major,Unknown,Unknown,Unknown,Yes,No,No,No,No,Yes,No,No,No,No,No,No,82,Niagara (82)
7001916414,2017/10/23 04:00:00+00,427,4,AVENUE  RD,WILLOWBANK BLVD,Major Arterial,43.706015,-79.409702,Intersection,No Control,Clear,"Dark, artificial",Dry,Non-Fatal Injury,Driver,25 to 29,27,Major,"Automobile, Station Wagon",Lost control,Fatigue,No,No,Yes,No,No,No,No,No,Yes,No,No,No,100,Yonge-Eglinton (100)
7001917146,2017/10/23 04:00:00+00,833,8,ELLESMERE RD,PHARMACY AVE,Major Arterial,43.758959,-79.310153,Intersection,Traffic Signal,Clear,Daylight,Dry,Non-Fatal Injury,Pedestrian,60 to 64,62,Major,Unknown,Unknown,Unknown,Yes,No,Yes,No,No,No,No,Yes,Yes,No,No,No,119,Wexford/Maryvale (119)
7001941212,2017/10/26 04:00:00+00,1904,19,HENDON  AVE,ELDORA  AVE,Collector,43.780654,-79.419986,Intersection,No Control,Clear,"Dark, artificial",Dry,Non-Fatal Injury,Driver,65 to 69,67,None,"Automobile, Station Wagon",Driving Properly,Normal,Yes,No,Yes,No,No,No,No,No,Yes,No,No,No,36,Newtonbrook West (36)
7001954444,2017/10/27 04:00:00+00,2031,20,FINCH  AVE W,KIPLING  AVE,Major Arterial,43.743193,-79.582073,Intersection,Traffic Signal,Clear,Dark,Dry,Non-Fatal Injury,Cyclist,30 to 34,32,Minor,Bicycle,Unknown,Unknown,No,Yes,Yes,No,No,No,No,No,No,No,No,No,3,Thistletown-Beaumond Heights (3)
7001964937,2017/10/30 04:00:00+00,1423,14,KENNEDY RD,ELLESMERE RD,Major Arterial,43.762652,-79.279971,Mid-Block,No Control,Clear,Daylight,Dry,Non-Fatal Injury,Driver,55 to 59,57,None,"Automobile, Station Wagon",Failed to Yield Right of Way,Normal,Yes,No,Yes,No,No,No,No,No,Yes,No,No,No,126,Dorset Park (126)
7001974417,2017/10/31 04:00:00+00,2223,22,STEELES AVE W,KEELE ST,Major Arterial,43.781508,-79.49446400000002,Intersection,Traffic Signal,Other,Dark,Other,Fatal,Passenger,45 to 49,47,Fatal,Unknown,Unknown,Unknown,No,No,Yes,No,No,No,No,No,Yes,No,No,No,27,York University Heights (27)
7001980351,2017/11/01 04:00:00+00,1903,19,KEELE ST,WILSON AVE,Major Arterial,43.725939,-79.481868,Mid-Block,Traffic Controller,Clear,"Daylight, artificial",Wet,Non-Fatal Injury,Pedestrian,45 to 49,47,Major,Unknown,Unknown,Unknown,Yes,No,Yes,No,No,No,No,No,No,No,No,No,26,Downsview-Roding-CFB (26)
7001983024,2017/11/02 04:00:00+00,840,8,161 THE WEST MALL,Unknown,Minor Arterial,43.621218,-79.560214,Mid-Block,No Control,Unknown,Daylight,Unknown,Fatal,Driver,35 to 39,37,Fatal,"Automobile, Station Wagon",Lost control,Normal,No,No,Yes,No,No,No,No,Yes,Yes,No,No,No,14,Islington-City Centre West (14)
7001983803,2017/11/02 04:00:00+00,1047,10,DUFFERIN ST,ALMA AVE,Minor Arterial,43.644625,-79.429508,Intersection,No Control,Clear,Daylight,Wet,Non-Fatal Injury,Pedestrian,60 to 64,62,Major,Unknown,Unknown,Unknown,Yes,No,No,No,Yes,No,No,No,No,No,No,No,84,Little Portugal (84)
7001987033,2017/11/02 04:00:00+00,1100,11,SCARLETT RD,DUNDAS ST W,Major Arterial,43.665454,-79.49916400000002,Intersection,Yield Sign,Clear,Daylight,Wet,Non-Fatal Injury,Driver,50 to 54,52,None,"Automobile, Station Wagon",Other,Normal,No,No,Yes,No,No,No,No,No,No,No,No,No,114,Lambton Baby Point (114)
7001988112,2017/11/02 04:00:00+00,2215,22,1172 QUEEN ST W,Unknown,Major Arterial,43.642802,-79.425449,Mid-Block,No Control,Rain,Dark,Wet,Non-Fatal Injury,Pedestrian,30 to 34,32,Major,Unknown,Unknown,Unknown,Yes,No,No,No,No,Yes,No,No,No,No,No,No,84,Little Portugal (84)
7001989464,2017/11/03 04:00:00+00,649,6,DUFFERIN ST,STEELES  AVE W,Major Arterial,43.787211,-79.470042,Intersection,Traffic Signal,Rain,"Dark, artificial",Wet,Non-Fatal Injury,Pedestrian,60 to 64,62,Major,Unknown,Unknown,Unknown,Yes,No,Yes,No,No,No,No,No,Yes,No,No,No,34,Bathurst Manor (34)
7001989594,2017/11/03 04:00:00+00,725,7,FINCH AVENUE W,ALBION ROAD,Major Arterial,43.741091,-79.589198,Mid-Block,No Control,Clear,"Dawn, artificial",Wet,Non-Fatal Injury,Pedestrian,50 to 54,52,Major,Unknown,Unknown,Unknown,Yes,No,Yes,No,No,No,No,No,No,No,No,No,2,Mount Olive-Silverstone-Jamestown (2)
7001991111,2017/11/03 04:00:00+00,1202,12,PROGRESS AVE,MIDLAND AVE,Major Arterial,43.772895,-79.27294499999998,Intersection,Traffic Signal,Clear,Daylight,Dry,Non-Fatal Injury,Pedestrian,30 to 34,32,Major,Unknown,Unknown,Unknown,Yes,No,Yes,No,No,No,No,No,No,No,No,No,127,Bendale (127)
7002024168,2017/11/08 05:00:00+00,1604,16,OAK  ST,WESTON  RD,Major Arterial,43.707713,-79.53358,Intersection,Traffic Signal,Clear,Daylight,Dry,Non-Fatal Injury,Pedestrian,15 to 19,17,Major,Unknown,Unknown,Unknown,Yes,No,Yes,No,No,No,No,No,Yes,No,No,No,113,Weston (113)
8001005899,2018/06/03 04:00:00+00,1730,17,YONGE ST,FRANKLIN AVE,Major Arterial,43.756415,-79.409595,Intersection,No Control,Clear,Daylight,Dry,Non-Fatal Injury,Driver,85 to 89,87,Major,"Automobile, Station Wagon",Other,Medical or Physical Disability,No,No,Yes,No,No,No,No,No,No,No,No,Yes,51,Willowdale East (51)
7002025580,2017/11/08 05:00:00+00,2009,20,KEELE ST,STEELES AVE W,Major Arterial,43.781508,-79.49446400000002,Intersection,Traffic Signal,Clear,"Dark, artificial",Dry,Non-Fatal Injury,Driver,55 to 59,57,None,"Automobile, Station Wagon",Failed to Yield Right of Way,Inattentive,No,No,Yes,No,No,No,No,No,Yes,No,No,No,27,York University Heights (27)
8000781512,2018/05/01 04:00:00+00,1905,19,DANFORTH AVE,BIRCHMOUNT RD,Minor Arterial,43.697497,-79.262424,Mid-Block,No Control,Clear,Daylight,Dry,Non-Fatal Injury,Motorcycle Driver,50 to 54,52,None,Motorcycle,Driving Properly,Normal,No,No,No,Yes,No,No,No,Yes,Yes,No,No,No,122,Birchcliffe-Cliffside (122)
8001226350,2018/07/05 04:00:00+00,2235,22,RENFORTH DR,HWY 401 WB ON RAMP AVE,Major Arterial,43.669337,-79.591533,Intersection,Traffic Signal,Clear,"Dark, artificial",Dry,Non-Fatal Injury,Truck Driver,75 to 79,77,None,Truck-Tractor,Improper Turn,Fatigue,No,No,Yes,No,Yes,No,No,Yes,Yes,No,No,No,1,West Humber-Clairville (1)
8001650785,2018/09/06 04:00:00+00,1310,13,ANTHONY RD,NAJIB ABBOUD LANE,Local,43.730696,-79.459316,Intersection,No Control,Clear,Daylight,Dry,Non-Fatal Injury,Cyclist,30 to 34,32,Major,Bicycle,Unknown,Unknown,No,Yes,Yes,No,No,No,No,No,No,No,No,No,26,Downsview-Roding-CFB (26)
8001007364,2018/06/03 04:00:00+00,2238,22,DANFORTH  AVE,GLEDHILL  AVE,Major Arterial,43.686572,-79.30852800000002,Intersection,Traffic Signal,Clear,Dark,Dry,Non-Fatal Injury,Driver,30 to 34,32,None,"Automobile, Station Wagon",Improper Turn,Inattentive,Yes,No,Yes,No,No,No,No,No,No,No,No,No,62,East End-Danforth (62)
8000443959,2018/03/10 05:00:00+00,1555,15,300 COXWELL AVE,Unknown,Minor Arterial,43.673869,-79.319698,Mid-Block,No Control,Clear,Daylight,Dry,Non-Fatal Injury,Pedestrian,40 to 44,42,Major,Unknown,Unknown,Unknown,Yes,No,No,No,No,Yes,No,No,No,No,No,No,64,Woodbine Corridor (64)
8001481293,2018/08/12 04:00:00+00,26,2,DUFFERIN ST,GIBSON ST,Major Arterial,43.689715,-79.447826,Mid-Block,No Control,Clear,"Dark, artificial",Dry,Non-Fatal Injury,Motorcycle Driver,30 to 34,32,Major,Motorcycle,Improper Passing,Unknown,No,No,Yes,Yes,No,No,No,Yes,Yes,No,No,No,107,Oakwood Village (107)
7002034653,2017/11/10 05:00:00+00,900,9,YONGE ST,CHURCH AVE,Major Arterial,43.773707,-79.413989,Intersection,Traffic Signal,Clear,Daylight,Wet,Non-Fatal Injury,Driver,25 to 29,27,None,"Automobile, Station Wagon",Improper Turn,Inattentive,Yes,No,Yes,No,No,No,No,No,No,No,No,No,51,Willowdale East (51)
8000244860,2018/02/08 05:00:00+00,943,9,HALLAM ST,OSSINGTON  AVE,Minor Arterial,43.66788,-79.428111,Intersection,Traffic Signal,Clear,Daylight,Wet,Non-Fatal Injury,Pedestrian,25 to 29,27,Major,Unknown,Unknown,Unknown,Yes,No,Yes,No,No,No,No,No,Yes,No,No,No,93,Dovercourt-Wallace Emerson-Junction (93)
8000787702,2018/05/02 04:00:00+00,1616,16,KINGSTON RD,RYLANDER BLVD,Major Arterial,43.796981,-79.149135,Intersection,Traffic Signal,Clear,Daylight,Dry,Non-Fatal Injury,Motorcycle Driver,15 to 19,17,Major,Motorcycle,Driving Properly,Normal,No,No,Yes,Yes,No,No,No,No,Yes,No,No,No,133,Centennial Scarborough (133)
8001252382,2018/07/09 04:00:00+00,2148,21,LN W HURON N BERNARD,BERNARD AVE,Laneway,43.673171,-79.40452900000003,Mid-Block,No Control,Clear,"Dark, artificial",Dry,Non-Fatal Injury,Driver,unknown,unknown,None,"Automobile, Station Wagon",Lost control,Unknown,Yes,No,Yes,No,No,No,No,Yes,Yes,No,No,No,95,Annex (95)
8000460505,2018/03/13 04:00:00+00,1130,11,DUNDAS STREET WEST,HURON STREET,Major Arterial,43.653273,-79.396121,Mid-Block,No Control,Clear,Daylight,Dry,Non-Fatal Injury,Pedestrian,70 to 74,72,Major,Unknown,Unknown,Unknown,Yes,No,Yes,No,No,No,No,No,No,No,No,No,78,Kensington-Chinatown (78)
8001655857,2018/09/07 04:00:00+00,729,7,DON MILLS RD,SHEPPARD AVE E,Major Arterial,43.775035,-79.347003,Intersection,Traffic Signal,Clear,Daylight,Dry,Non-Fatal Injury,Driver,55 to 59,57,Minimal,"Automobile, Station Wagon",Lost control,Unknown,Yes,No,Yes,No,No,No,No,No,No,No,No,No,53,Henry Farm (53)
8001484332,2018/08/12 04:00:00+00,1430,14,CHUDLEIGH RD,HARVIE AVE,Local,43.688647,-79.454875,Intersection,Stop Sign,Clear,Daylight,Dry,Non-Fatal Injury,Cyclist,30 to 34,32,Major,Bicycle,Unknown,Unknown,No,Yes,Yes,No,No,No,No,No,No,No,No,No,109,Caledonia-Fairbank (109)
8000252171,2018/02/09 05:00:00+00,1125,11,LOWER JARVIS ST,FRONT ST E,Major Arterial,43.64876,-79.371158,Mid-Block,No Control,Snow,Daylight,Loose Snow,Non-Fatal Injury,Pedestrian,75 to 79,77,Major,Unknown,Unknown,Unknown,Yes,No,Yes,No,No,No,No,No,No,No,No,No,77,Waterfront Communities-The Island (77)
8001028038,2018/06/06 04:00:00+00,2257,22,KINGSTON RD,RIDGEMOOR AVE,Major Arterial,43.705832,-79.251529,Mid-Block,Traffic Controller,Clear,"Daylight, artificial",Dry,Non-Fatal Injury,Driver,45 to 49,47,None,"Automobile, Station Wagon",Improper Lane Change,Normal,No,No,Yes,Yes,No,No,No,No,No,No,No,No,122,Birchcliffe-Cliffside (122)
8008069034,2018/05/04 04:00:00+00,2354,23,DIXON RD,27 S DIXON W RAMP,Major Arterial,43.688479,-79.583987,Mid-Block,No Control,Unknown,Dark,Unknown,Fatal,Pedestrian,60 to 64,62,Fatal,Unknown,Unknown,Unknown,Yes,No,Yes,No,No,No,No,No,No,No,No,No,1,West Humber-Clairville (1)
8000256570,2018/02/10 05:00:00+00,34,3,BATHURST ST,DUNDAS ST W,Major Arterial,43.652239,-79.405978,Intersection,No Control,Drifting Snow,"Dark, artificial",Wet,Non-Fatal Injury,Pedestrian,40 to 44,42,Major,Unknown,Unknown,Unknown,Yes,No,Yes,No,No,No,No,Yes,Yes,No,Yes,No,78,Kensington-Chinatown (78)
8001252744,2018/07/09 04:00:00+00,2302,23,LAWRENCE AVE E,KENNEDY RD,Major Arterial,43.749427,-79.274898,Intersection,Traffic Signal,Clear,"Dark, artificial",Dry,Non-Fatal Injury,Driver,50 to 54,52,None,"Automobile, Station Wagon",Driving Properly,Normal,Yes,No,Yes,No,No,No,No,No,No,No,No,No,126,Dorset Park (126)
8001489549,2018/08/13 04:00:00+00,1039,10,PETHERHILL AVE,WILSON AVE,Pending,43.723845,-79.490817,Mid-Block,No Control,Clear,Daylight,Dry,Non-Fatal Injury,Driver,50 to 54,52,Minimal,"Automobile, Station Wagon",Lost control,Inattentive,No,No,Yes,No,No,No,No,No,Yes,No,No,No,26,Downsview-Roding-CFB (26)
8001667999,2018/09/08 04:00:00+00,2317,23,QUEEN ST E,GRANT ST,Minor Arterial,43.659117,-79.34846,Intersection,No Control,Clear,"Dark, artificial",Dry,Non-Fatal Injury,Driver,30 to 34,32,None,Street Car,Driving Properly,Normal,Yes,No,No,No,No,Yes,No,No,No,No,No,No,70,South Riverdale (70)
8000806863,2018/05/05 04:00:00+00,407,4,LAWRENCE AVE E,KENNEDY RD,Major Arterial,43.749427,-79.274898,Intersection,Traffic Signal,Clear,"Dark, artificial",Dry,Non-Fatal Injury,Driver,20 to 24,22,Minimal,"Automobile, Station Wagon",Failed to Yield Right of Way,Normal,No,No,Yes,No,No,No,No,No,Yes,No,No,No,126,Dorset Park (126)
8001034649,2018/06/07 04:00:00+00,2128,21,BLACKTHORN AVE,ST CLAIR AVE W,Local,43.67483,-79.45881999999997,Intersection,No Control,Clear,"Dark, artificial",Dry,Non-Fatal Injury,Driver,50 to 54,52,Minor,Pick Up Truck,Other,Normal,No,Yes,Yes,No,No,No,No,No,No,No,No,No,91,Weston-Pellam Park (91)
8000471582,2018/03/15 04:00:00+00,226,2,COLLEGE ST,HURON ST,Major Arterial,43.658187,-79.398158,Intersection,Traffic Signal,Clear,"Dark, artificial",Dry,Fatal,Pedestrian,20 to 24,22,Fatal,Unknown,Unknown,Unknown,Yes,No,Yes,No,No,No,No,Yes,Yes,No,Yes,No,78,Kensington-Chinatown (78)
8001494074,2018/08/13 04:00:00+00,2301,23,NINTH ST,TENTH ST,Local,43.60102,-79.507961,Intersection,No Control,Clear,Dark,Dry,Non-Fatal Injury,Pedestrian,45 to 49,47,Major,Unknown,Unknown,Unknown,Yes,No,Yes,No,No,No,No,No,No,No,No,No,18,New Toronto (18)
8000477164,2018/03/15 04:00:00+00,2150,21,DOVERCOURT RD,DUPONT ST,Major Arterial,43.669631,-79.43271899999998,Intersection,Traffic Signal,Clear,"Dark, artificial",Dry,Non-Fatal Injury,Pedestrian,20 to 24,22,Major,Unknown,Unknown,Unknown,Yes,No,Yes,No,No,No,No,No,No,No,No,No,93,Dovercourt-Wallace Emerson-Junction (93)
7002038270,2017/11/10 05:00:00+00,1850,18,O CONNOR DR,PAPE AVE,Major Arterial,43.693171,-79.35025300000002,Intersection,Traffic Signal,Clear,"Dark, artificial",Dry,Non-Fatal Injury,Pedestrian,50 to 54,52,Major,Unknown,Unknown,Unknown,Yes,No,Yes,No,No,No,No,No,Yes,No,No,No,58,Old East York (58)
8001264786,2018/07/11 04:00:00+00,1720,17,RATHBURN  RD,RENFORTH DR,Minor Arterial,43.651335,-79.57945600000002,Intersection,Traffic Signal,Clear,Daylight,Dry,Non-Fatal Injury,Driver,45 to 49,47,None,"Automobile, Station Wagon",Failed to Yield Right of Way,Normal,No,No,Yes,Yes,No,No,No,No,Yes,No,No,No,13,Etobicoke West Mall (13)
8001058392,2018/06/11 04:00:00+00,1500,15,DUFFERIN ST,BRIAR HILL AVE,Major Arterial,43.702281,-79.452075,Intersection,Traffic Signal,Clear,Daylight,Dry,Fatal,Pedestrian,50 to 54,52,Fatal,Unknown,Unknown,Unknown,Yes,No,Yes,No,No,No,No,Yes,Yes,Yes,No,No,108,Briar Hill-Belgravia (108)
8001058650,2018/06/11 04:00:00+00,1537,15,MCROBERTS AVE,INNES AVE,Local,43.681311,-79.455867,Intersection,Stop Sign,Clear,Daylight,Dry,Non-Fatal Injury,Driver,80 to 84,82,None,"Automobile, Station Wagon",Improper Turn,Normal,Yes,No,Yes,No,No,No,No,No,No,No,No,No,92,Corso Italia-Davenport (92)
8001059223,2018/06/11 04:00:00+00,1700,17,ROYAL YORK  RD,DARTMOUTH  CRES,Minor Arterial,43.605387,-79.49386899999998,Mid-Block,No Control,Clear,Daylight,Dry,Non-Fatal Injury,Motorcycle Driver,unknown,unknown,None,Motorcycle,Failed to Yield Right of Way,Unknown,No,Yes,No,Yes,No,No,No,No,Yes,No,No,No,17,Mimico (includes Humber Bay Shores) (17)
8001064286,2018/06/12 04:00:00+00,1204,12,ST GEORGE ST,BLOOR ST W,Major Arterial,43.667445,-79.399799,Intersection,Traffic Signal,Clear,Daylight,Dry,Fatal,Cyclist,55 to 59,57,Fatal,Bicycle,Unknown,Unknown,No,Yes,No,No,Yes,No,No,No,No,No,No,No,79,University (79)
8001067265,2018/06/12 04:00:00+00,1945,19,LAWRENCE AVE E,GALLOWAY RD,Major Arterial,43.766322,-79.195293,Mid-Block,No Control,Clear,Daylight,Dry,Non-Fatal Injury,Driver,70 to 74,72,Major,"Automobile, Station Wagon",Driving Properly,"Ability Impaired, Drugs",Yes,No,Yes,No,No,No,No,No,No,No,No,No,136,West Hill (136)
8001071783,2018/06/13 04:00:00+00,1241,12,CRESCENT RD,MOUNT PLEASANT RD,Major Arterial,43.678218,-79.38055,Mid-Block,No Control,Clear,Daylight,Dry,Non-Fatal Injury,Driver,45 to 49,47,None,Municipal Transit Bus (TTC),Driving Properly,Normal,No,No,No,No,No,Yes,No,No,No,No,No,No,98,Rosedale-Moore Park (98)
8001076637,2018/06/14 04:00:00+00,154,1,ROYAL YORK RD,ALGOMA ST,Minor Arterial,43.620661,-79.500247,Intersection,No Control,Clear,"Dark, artificial",Dry,Non-Fatal Injury,Driver,55 to 59,57,None,Municipal Transit Bus (TTC),Driving Properly,Normal,Yes,No,No,No,No,Yes,No,No,No,No,No,No,17,Mimico (includes Humber Bay Shores) (17)
8001077165,2018/06/14 04:00:00+00,558,5,ST CLAIR AVE E,DANFORTH RD,Major Arterial,43.716773,-79.259883,Intersection,Traffic Signal,Clear,Daylight,Dry,Fatal,Motorcycle Driver,55 to 59,57,Fatal,Motorcycle,Driving Properly,Unknown,No,No,Yes,Yes,No,No,No,No,Yes,No,No,No,120,Clairlea-Birchmount (120)
8001078053,2018/06/14 04:00:00+00,905,9,CAMERON  AVE,YONGE ST,Major Arterial,43.757266,-79.409839,Intersection,Stop Sign,Clear,Daylight,Dry,Non-Fatal Injury,Driver,50 to 54,52,None,"Automobile, Station Wagon",Failed to Yield Right of Way,Normal,Yes,No,Yes,No,No,No,No,No,Yes,No,No,No,51,Willowdale East (51)
8001081100,2018/06/14 04:00:00+00,1645,16,EGLINTON AVE W,JANE ST,Major Arterial,43.684405,-79.49878199999998,Intersection,Traffic Signal,Clear,Daylight,Dry,Non-Fatal Injury,Motorcycle Driver,25 to 29,27,Major,Motorcycle,Disobeyed Traffic Control,Normal,No,No,Yes,Yes,No,No,No,No,Yes,Yes,No,No,115,Mount Dennis (115)