ACCNUM,DATE,TIME,HOUR,STREET1,STREET2,ROAD_CLASS,LATITUDE,LONGITUDE,LOCCOORD,TRAFFCTL,VISIBILITY,LIGHT,RDSFCOND,ACCLASS,INVTYPE,INVAGE,Age_mid,INJURY,VEHTYPE,DRIVACT,DRIVCOND,PEDESTRIAN,CYCLIST,AUTOMOBILE,MOTORCYCLE,TRUCK,TRSN_CITY_VEH,EMERG_VEH,SPEEDING,AG_DRIV,REDLIGHT,ALCOHOL,DISABILITY,Hood_ID,Neighbourhood
9001401954,2019/07/25 04:00:00+00,2245,22,KINGSTON RD,PORT UNION RD,Minor Arterial,43.796939,-79.14384100000002,Mid-Block,No Control,Clear,"Dark, artificial",Dry,Non-Fatal Injury,Driver,unknown,unknown,None,"Automobile, Station Wagon",Failed to Yield Right of Way,Unknown,No,No,Yes,No,No,No,No,No,Yes,No,No,No,131,Rouge (131)
8002043584,2018/11/05 05:00:00+00,1855,18,DUFFERIN  ST,WINGOLD  AVE,Major Arterial,43.703753000000006,-79.452434,Intersection,No Control,Clear,"Dark, artificial",Wet,Non-Fatal Injury,Driver,70 to 74,72,None,"Automobile, Station Wagon",Driving Properly,Normal,Yes,No,Yes,No,No,No,No,No,No,No,No,No,31,Yorkdale-Glen Park (31)
8002051381,2018/11/06 05:00:00+00,2315,23,STEELES AVE W,ALNESS ST,Major Arterial,43.784629,-79.481014,Intersection,Traffic Signal,Rain,"Dark, artificial",Wet,Non-Fatal Injury,Driver,20 to 24,22,None,"Automobile, Station Wagon",Improper Turn,Inattentive,No,Yes,Yes,No,No,No,No,No,No,No,No,No,27,York University Heights (27)
8002056791,2018/11/07 05:00:00+00,1850,18,MIDDLEFIELD RD,ARBOR LOW  GT,Minor Arterial,43.811759,-79.25850200000002,Intersection,No Control,Clear,"Dark, artificial",Dry,Non-Fatal Injury,Driver,80 to 84,82,None,"Automobile, Station Wagon",Driving Properly,Normal,Yes,No,Yes,No,No,No,No,No,No,No,No,No,130,Milliken (130)
8002061586,2018/11/08 05:00:00+00,1400,14,LA ROSE  AVE,ROYAL YORK  RD,Minor Arterial,43.684085,-79.52736999999998,Intersection,Traffic Signal,Clear,"Daylight, artificial",Dry,Non-Fatal Injury,Driver,30 to 34,32,None,Delivery Van,Failed to Yield Right of Way,Normal,Yes,No,Yes,No,No,No,No,No,Yes,No,No,No,8,Humber Heights-Westmount (8)
8002063591,2018/11/08 05:00:00+00,1900,19,LOWTHER AVE,SPADINA RD,Minor Arterial,43.668891,-79.404735,Intersection,Traffic Signal,Clear,Dark,Dry,Non-Fatal Injury,Cyclist,20 to 24,22,Major,Bicycle,Unknown,Unknown,No,Yes,Yes,No,No,No,No,No,No,No,No,No,95,Annex (95)
8002065935,2018/11/09 05:00:00+00,650,6,ELLESMERE RD,BIRCHMOUNT RD,Major Arterial,43.763327,-79.291301,Intersection,No Control,Snow,Daylight,Dry,Fatal,Pedestrian,55 to 59,57,Fatal,Unknown,Unknown,Unknown,Yes,No,Yes,No,No,Yes,No,No,No,No,No,No,126,Dorset Park (126)
8002080527,2018/11/11 05:00:00+00,1420,14,235 POPLAR RD,Unknown,Collector,43.765349,-79.190776,Mid-Block,No Control,Clear,"Daylight, artificial",Dry,Non-Fatal Injury,Driver,unknown,unknown,None,"Automobile, Station Wagon",Exceeding Speed Limit,Unknown,Yes,No,Yes,No,No,No,No,Yes,Yes,No,No,No,136,West Hill (136)
8002088057,2018/11/12 05:00:00+00,1754,17,WESTON  RD,LAWRENCE  AVE W,Major Arterial,43.700087,-79.516155,Intersection,Traffic Signal,Clear,Dark,Dry,Non-Fatal Injury,Driver,75 to 79,77,None,Pick Up Truck,Failed to Yield Right of Way,Inattentive,Yes,No,Yes,No,No,No,No,No,Yes,No,No,No,113,Weston (113)
8002088211,2018/11/12 05:00:00+00,1822,18,ELLESMERE  RD,NEILSON  RD,Major Arterial,43.783148,-79.202258,Mid-Block,No Control,Clear,"Dark, artificial",Dry,Fatal,Pedestrian,50 to 54,52,Fatal,Unknown,Unknown,Unknown,Yes,No,Yes,No,No,No,No,No,No,No,No,No,135,Morningside (135)
8002097783,2018/11/14 05:00:00+00,827,8,KEELE ST,FOUR WINDS  DR,Major Arterial,43.765643,-79.49161099999998,Intersection,Traffic Signal,Clear,Daylight,Dry,Non-Fatal Injury,Driver,20 to 24,22,Minimal,"Automobile, Station Wagon",Failed to Yield Right of Way,Normal,Yes,No,Yes,No,No,No,No,No,Yes,Yes,No,No,27,York University Heights (27)
8002098708,2018/11/14 05:00:00+00,1107,11,YORK MILLS RD,SCARSDALE  RD,Major Arterial,43.753421,-79.357456,Intersection,Traffic Signal,Clear,Daylight,Dry,Non-Fatal Injury,Truck Driver,45 to 49,47,None,"Truck - Closed (Blazer, etc)",Failed to Yield Right of Way,Inattentive,Yes,No,No,No,Yes,No,No,No,Yes,No,No,No,42,Banbury-Don Mills (42)
8002111291,2018/11/16 05:00:00+00,1011,10,BRUCEWOOD  CRES,COVINGTON RD,Collector,43.720133,-79.433635,Intersection,Stop Sign,Snow,Daylight,Slush,Non-Fatal Injury,Driver,25 to 29,27,None,Pick Up Truck,Improper Turn,Unknown,Yes,No,Yes,No,No,No,No,No,No,No,No,No,32,Englemount-Lawrence (32)
8002114840,2018/11/16 05:00:00+00,2016,20,STEELES AVE E,BAYVIEW AVE,Major Arterial,43.803198,-79.39619,Intersection,Traffic Signal,Snow,"Dark, artificial",Wet,Non-Fatal Injury,Driver,20 to 24,22,None,"Automobile, Station Wagon",Failed to Yield Right of Way,Normal,Yes,No,Yes,No,No,No,No,No,Yes,No,No,No,49,Bayview Woods-Steeles (49)
8002123284,2018/11/18 05:00:00+00,720,7,BLOOR ST W,AVENUE RD,Major Arterial,43.668646,-79.394099,Intersection,Traffic Signal,Clear,Daylight,Dry,Non-Fatal Injury,Driver,20 to 24,22,Minor,"Automobile, Station Wagon",Disobeyed Traffic Control,Inattentive,No,No,Yes,No,No,No,No,No,Yes,Yes,No,No,76,Bay Street Corridor (76)
8002128352,2018/11/19 05:00:00+00,617,6,MCCOWAN  RD,ALTON TOWERS  CRCL,Major Arterial,43.822432,-79.27395200000002,Intersection,Traffic Signal,Clear,Dark,Dry,Non-Fatal Injury,Driver,60 to 64,62,None,"Automobile, Station Wagon",Failed to Yield Right of Way,Inattentive,Yes,No,Yes,No,No,No,No,No,Yes,No,No,No,130,Milliken (130)
8002129020,2018/11/19 05:00:00+00,847,8,WALPOLE AVE,GLENSIDE AVE,Collector,43.674445,-79.327213,Intersection,No Control,Clear,Daylight,Dry,Non-Fatal Injury,Driver,60 to 64,62,None,"Automobile, Station Wagon",Driving Properly,Normal,Yes,No,Yes,No,No,No,No,No,No,No,No,No,65,Greenwood-Coxwell (65)
8002130924,2018/11/19 05:00:00+00,1353,13,828 DUNDAS ST W,EUCLID AVE,Major Arterial,43.651687,-79.409031,Mid-Block,No Control,Clear,Daylight,Dry,Non-Fatal Injury,Driver,65 to 69,67,Major,"Automobile, Station Wagon",Driving Properly,Medical or Physical Disability,No,No,Yes,No,No,No,No,No,No,No,No,Yes,81,Trinity-Bellwoods (81)
8002132961,2018/11/19 05:00:00+00,1837,18,ST CLAIR AV W,WINONA DR              (133),Major Arterial,43.680274,-79.43248299999998,Intersection,Traffic Controller,Clear,"Dark, artificial",Dry,Non-Fatal Injury,Driver,65 to 69,67,None,"Automobile, Station Wagon",Driving Properly,Normal,Yes,No,Yes,No,No,No,No,No,No,No,No,No,94,Wychwood (94)
8002134677,2018/11/20 05:00:00+00,130,1,MCCOWAN RD,LAWRENCE AVE,Major Arterial,43.755011,-79.245288,Mid-Block,No Control,Clear,"Dark, artificial",Dry,Non-Fatal Injury,Driver,20 to 24,22,None,"Automobile, Station Wagon",Other,Unknown,Yes,No,Yes,No,No,No,No,No,No,No,No,No,127,Bendale (127)
8002138681,2018/11/20 05:00:00+00,1606,16,DUFFERIN  ST,STEEPROCK DR,Major Arterial,43.761576,-79.465312,Mid-Block,No Control,Clear,"Dusk, artificial",Dry,Non-Fatal Injury,Driver,60 to 64,62,None,"Automobile, Station Wagon",Driving Properly,Normal,Yes,No,Yes,No,No,No,No,No,No,No,No,No,34,Bathurst Manor (34)
8002139374,2018/11/20 05:00:00+00,1804,18,665 LAWRENCE AVE W,Unknown,Major Arterial,43.715853,-79.444942,Intersection,Traffic Signal,Clear,"Dark, artificial",Dry,Fatal,Pedestrian,55 to 59,57,Fatal,Unknown,Unknown,Unknown,Yes,No,No,No,No,Yes,No,No,No,No,No,No,31,Yorkdale-Glen Park (31)
8002144295,2018/11/21 05:00:00+00,1306,13,EGLINTON  AVE W,WESTON RD,Major Arterial,43.686923,-79.48949,Intersection,No Control,Clear,Daylight,Loose Sand or Gravel,Non-Fatal Injury,Driver,45 to 49,47,None,Construction Equipment,Failed to Yield Right of Way,Inattentive,No,No,Yes,No,No,No,No,No,Yes,No,No,No,115,Mount Dennis (115)
8002146919,2018/11/21 05:00:00+00,1952,19,DANFORTH RD,KENNEDY RD,Minor Arterial,43.714774,-79.260837,Intersection,Traffic Signal,Clear,Dark,Wet,Non-Fatal Injury,Driver,unknown,unknown,None,"Automobile, Station Wagon",Improper Turn,Inattentive,Yes,No,Yes,No,No,No,No,No,No,No,No,No,120,Clairlea-Birchmount (120)
8002149511,2018/11/22 05:00:00+00,900,9,STEELES AVE E,SILVER STAR BLVD,Major Arterial,43.825247,-79.300037,Intersection,Traffic Signal,Clear,Daylight,Dry,Non-Fatal Injury,Driver,45 to 49,47,None,"Automobile, Station Wagon",Failed to Yield Right of Way,Inattentive,No,Yes,Yes,No,No,No,No,No,Yes,No,No,No,130,Milliken (130)
8002159261,2018/11/23 05:00:00+00,1739,17,DUNDALK DR,GLAMORGAN AVE,Collector,43.767878,-79.285014,Mid-Block,No Control,Clear,Daylight,Dry,Non-Fatal Injury,Driver,unknown,unknown,None,Pick Up Truck,Other,Unknown,Yes,No,Yes,No,No,No,No,No,No,No,No,No,126,Dorset Park (126)
8002165186,2018/11/24 05:00:00+00,1731,17,WARDEN AVE,HUNTINGWOOD DR,Major Arterial,43.785407,-79.310916,Intersection,Traffic Signal,Rain,"Dark, artificial",Wet,Non-Fatal Injury,Driver,50 to 54,52,None,"Automobile, Station Wagon",Improper Turn,Inattentive,Yes,No,Yes,No,No,No,No,No,No,No,No,No,118,Tam O'Shanter-Sullivan (118)
8002165675,2018/11/24 05:00:00+00,1855,18,KING ST E,SACKVILLE ST,Major Arterial,43.654338,-79.360309,Intersection,Pedestrian Crossover,Rain,"Dark, artificial",Wet,Non-Fatal Injury,Driver,55 to 59,57,None,"Automobile, Station Wagon",Disobeyed Traffic Control,Inattentive,Yes,No,Yes,No,No,No,No,No,Yes,No,No,No,73,Moss Park (73)
8002171142,2018/11/25 05:00:00+00,1750,17,BELLAMY RD N,CEDAR BRAE BLVD,Minor Arterial,43.741534,-79.232578,Intersection,Stop Sign,Clear,"Dark, artificial",Dry,Fatal,Pedestrian,80 to 84,82,Fatal,Unknown,Unknown,Unknown,Yes,No,Yes,No,No,No,No,No,Yes,No,No,No,138,Eglinton East (138)
8002177170,2018/11/26 05:00:00+00,1651,16,EDWARD ST,BAY ST [EDWARD STREET EAST OF BAY,Collector,43.656661,-79.382549,Mid-Block,No Control,Rain,"Dark, artificial",Wet,Non-Fatal Injury,Driver,30 to 34,32,None,"Automobile, Station Wagon",Driving Properly,Normal,Yes,No,Yes,No,No,No,No,No,No,No,No,No,76,Bay Street Corridor (76)
8002190612,2018/11/28 05:00:00+00,1812,18,DON MILLS RD,DVP S DON MILLS RD N RAMP,Major Arterial,43.702132,-79.335933,Mid-Block,No Control,Clear,Dark,Dry,Non-Fatal Injury,Driver,20 to 24,22,Major,"Automobile, Station Wagon",Lost control,Unknown,No,No,Yes,No,No,No,No,No,No,No,No,No,58,Old East York (58)
8002192666,2018/11/29 05:00:00+00,253,2,MCNICOLL AVE,MARKHAM RD,Minor Arterial,43.824008,-79.247394,Mid-Block,No Control,Clear,"Dark, artificial",Dry,Non-Fatal Injury,Driver,20 to 24,22,Major,"Automobile, Station Wagon",Improper Turn,"Ability Impaired, Alcohol",No,No,Yes,No,No,No,No,No,No,No,Yes,No,131,Rouge (131)
8002196256,2018/11/29 05:00:00+00,1538,15,3120 STEELES AVE E,Unknown,Major Arterial,43.814654,-79.34518,Mid-Block,No Control,Clear,Daylight,Dry,Non-Fatal Injury,Driver,75 to 79,77,Minimal,"Automobile, Station Wagon",Lost control,Inattentive,No,No,Yes,No,No,No,No,No,No,No,No,No,48,Hillcrest Village (48)
8002197002,2018/11/29 05:00:00+00,1705,17,KENNEDY  RD,PASSMORE AVE,Major Arterial,43.816859,-79.30404200000002,Mid-Block,No Control,Clear,Dusk,Dry,Non-Fatal Injury,Driver,60 to 64,62,None,"Automobile, Station Wagon",Driving Properly,Normal,No,Yes,Yes,No,No,No,No,No,Yes,No,No,No,130,Milliken (130)
8002198438,2018/11/29 05:00:00+00,2232,22,HIGH PARK BLVD,RONCESVALLES AVE,Minor Arterial,43.646266,-79.449016,Intersection,Traffic Signal,Clear,Dark,Dry,Non-Fatal Injury,Driver,25 to 29,27,None,"Automobile, Station Wagon",Improper Turn,Inattentive,Yes,No,Yes,No,No,No,No,No,No,No,No,No,86,Roncesvalles (86)
8002202544,2018/11/30 05:00:00+00,1440,14,KEELE ST,ROTHERHAM  AVE,Major Arterial,43.685759,-79.473171,Intersection,Stop Sign,Clear,Daylight,Dry,Non-Fatal Injury,Driver,55 to 59,57,None,"Automobile, Station Wagon",Failed to Yield Right of Way,Inattentive,No,No,Yes,No,No,No,No,No,Yes,No,No,No,110,Keelesdale-Eglinton West (110)
9001407311,2019/07/26 04:00:00+00,1436,14,THE QUEENSWAY,TRUEMAN AV,Major Arterial,43.621749,-79.523105,Mid-Block,Stop Sign,Clear,Daylight,Dry,Non-Fatal Injury,Cyclist,50 to 54,52,Major,Bicycle,Unknown,Unknown,No,Yes,Yes,No,No,No,No,No,No,No,No,No,14,Islington-City Centre West (14)
8002203899,2018/11/30 05:00:00+00,1750,17,KIPLING AVE,BELFIELD RD,Major Arterial,43.70476,-79.56344200000002,Intersection,Traffic Signal,Clear,Dark,Dry,Non-Fatal Injury,Driver,45 to 49,47,None,"Automobile, Station Wagon",Failed to Yield Right of Way,Inattentive,Yes,No,Yes,No,No,No,No,No,Yes,No,No,No,1,West Humber-Clairville (1)
9001409746,2019/07/26 04:00:00+00,2310,23,ELLESMERE RD,VICTORIA PARK AV,Major Arterial,43.757865,-79.315212,Intersection,Traffic Signal,Clear,"Dark, artificial",Dry,Non-Fatal Injury,Driver,25 to 29,27,None,"Automobile, Station Wagon",Improper Turn,"Ability Impaired, Alcohol Over .08",No,No,Yes,No,No,No,No,No,Yes,No,Yes,No,119,Wexford/Maryvale (119)
8002209662,2018/12/01 05:00:00+00,1555,15,BIRCHMOUNT  RD,FOXRIDGE DR,Minor Arterial,43.721755,-79.27447099999998,Intersection,Traffic Signal,Clear,Daylight,Dry,Non-Fatal Injury,Driver,15 to 19,17,Major,"Automobile, Station Wagon",Exceeding Speed Limit,Unknown,No,No,Yes,No,No,No,No,Yes,Yes,No,No,No,124,Kennedy Park (124)
8002229899,2018/12/04 05:00:00+00,1932,19,MIDLAND AVE,DORCOT AVE,Major Arterial,43.758383,-79.267612,Mid-Block,No Control,Clear,Dark,Dry,Fatal,Pedestrian,55 to 59,57,Fatal,Unknown,Unknown,Unknown,Yes,No,Yes,No,No,No,No,No,Yes,No,No,No,127,Bendale (127)
8002244914,2018/12/07 05:00:00+00,27,2,BAYVIEW AVE,HOLMES AVE,Major Arterial,43.782843,-79.391666,Intersection,No Control,Snow,"Dark, artificial",Wet,Non-Fatal Injury,Driver,35 to 39,37,Major,"Automobile, Station Wagon",Lost control,"Ability Impaired, Drugs",No,No,Yes,No,No,No,No,No,No,No,No,No,52,Bayview Village (52)
8002245364,2018/12/07 05:00:00+00,300,3,758 QUEEN ST E,Queen St E,Minor Arterial,43.659312,-79.347934,Mid-Block,No Control,Drifting Snow,"Dark, artificial",Loose Snow,Non-Fatal Injury,Driver,unknown,unknown,None,"Automobile, Station Wagon",Other,Unknown,No,Yes,Yes,No,No,No,No,No,No,No,No,No,70,South Riverdale (70)
8001801273,2018/09/29 04:00:00+00,820,8,ESQUIRE RD,VICTORIA PARK AVE,Major Arterial,43.773429,-79.32217,Intersection,Stop Sign,Clear,Daylight,Dry,Non-Fatal Injury,Driver,unknown,unknown,None,"Automobile, Station Wagon",Failed to Yield Right of Way,Unknown,Yes,No,Yes,No,No,No,No,No,Yes,No,No,No,118,Tam O'Shanter-Sullivan (118)
8002245661,2018/12/07 05:00:00+00,600,6,MARTIN GROV RD,REXDALE BLVD,Major Arterial,43.711745,-79.580135,Mid-Block,No Control,Clear,"Dark, artificial",Dry,Non-Fatal Injury,Driver,65 to 69,67,None,"Automobile, Station Wagon",Driving Properly,Normal,Yes,No,Yes,No,No,No,No,No,No,No,No,No,1,West Humber-Clairville (1)
8002248508,2018/12/07 05:00:00+00,1520,15,1750 MIDLAND AVE,Unknown,Major Arterial,43.761119,-79.26868,Mid-Block,No Control,Clear,Daylight,Dry,Non-Fatal Injury,Driver,45 to 49,47,Major,"Automobile, Station Wagon",Other,Inattentive,No,No,Yes,No,No,No,No,No,No,No,No,No,127,Bendale (127)
9001618361,2019/08/25 04:00:00+00,20,2,PASSMORE AV,DYNAMIC DR,Collector,43.829929,-79.253437,Mid-Block,No Control,Clear,Dark,Dry,Non-Fatal Injury,Driver,15 to 19,17,None,"Automobile, Station Wagon",Driving Properly,Normal,Yes,No,Yes,No,No,No,No,No,No,No,No,No,130,Milliken (130)
8002249590,2018/12/07 05:00:00+00,1830,18,FINCH AVE E,WAYSIDE AVE,Major Arterial,43.800383,-79.299571,Intersection,Traffic Signal,Clear,Dark,Dry,Fatal,Pedestrian,80 to 84,82,Fatal,Unknown,Unknown,Unknown,Yes,No,Yes,No,No,No,No,No,No,No,No,No,117,L'Amoreaux (117)
8002254764,2018/12/08 05:00:00+00,1601,16,STEELES AVE W,MARTIN GROVE RD,Major Arterial,43.757952,-79.60258,Mid-Block,No Control,Clear,Daylight,Dry,Non-Fatal Injury,Driver,50 to 54,52,None,Municipal Transit Bus (TTC),Driving Properly,Normal,No,No,No,No,No,Yes,No,No,No,No,No,No,2,Mount Olive-Silverstone-Jamestown (2)
8002257421,2018/12/09 05:00:00+00,49,4,CENTENNIAL PARK DR,RATHBURN RD,Minor Arterial,43.650966,-79.581234,Intersection,No Control,Clear,"Dark, artificial",Dry,Non-Fatal Injury,Driver,25 to 29,27,Major,"Automobile, Station Wagon",Lost control,Had Been Drinking,No,No,Yes,No,No,No,No,No,No,No,No,No,11,Eringate-Centennial-West Deane (11)
8002260892,2018/12/09 05:00:00+00,1650,16,176 LAWRENCE AVE E,Unknown,Major Arterial,43.726966,-79.393062,Mid-Block,No Control,Clear,Daylight,Dry,Non-Fatal Injury,Driver,65 to 69,67,Major,"Automobile, Station Wagon",Lost control,Unknown,No,No,Yes,No,No,No,No,No,Yes,No,No,No,103,Lawrence Park South (103)
8002266856,2018/12/10 05:00:00+00,1617,16,SHEPPARD AVENUE EAST,KENNEDY ROAD,Major Arterial,43.783465,-79.287151,Mid-Block,No Control,Clear,Daylight,Dry,Non-Fatal Injury,Driver,50 to 54,52,None,"Automobile, Station Wagon",Driving Properly,Normal,Yes,No,Yes,No,No,No,No,No,No,No,No,No,128,Agincourt South-Malvern West (128)
8002273924,2018/12/11 05:00:00+00,1811,18,MARLEE AVE,ROMAR  CRES,Minor Arterial,43.706256,-79.442699,Intersection,No Control,Clear,"Dark, artificial",Wet,Non-Fatal Injury,Driver,30 to 34,32,None,Pick Up Truck,Failed to Yield Right of Way,Normal,Yes,No,Yes,No,No,No,No,No,Yes,No,No,No,31,Yorkdale-Glen Park (31)
8002279692,2018/12/12 05:00:00+00,1538,15,PROGRESS  AVE,SHEPPARD AVE E,Major Arterial,43.794589,-79.234897,Intersection,Traffic Signal,Clear,Daylight,Dry,Non-Fatal Injury,Driver,60 to 64,62,None,Municipal Transit Bus (TTC),Failed to Yield Right of Way,Normal,Yes,No,No,No,No,Yes,No,No,Yes,No,No,No,132,Malvern (132)
8002279854,2018/12/12 05:00:00+00,1602,16,GOSFORD  BLVD,SHOREHAM DR,Collector,43.768191,-79.522922,Intersection,Stop Sign,Clear,"Dark, artificial",Wet,Non-Fatal Injury,Driver,50 to 54,52,None,"Automobile, Station Wagon",Failed to Yield Right of Way,Inattentive,Yes,No,Yes,No,No,No,No,No,Yes,No,No,No,24,Black Creek (24)
8002281849,2018/12/12 05:00:00+00,2205,22,3030 DON MILLS RD W,Unknown,Major Arterial,43.785887,-79.35324399999998,Mid-Block,No Control,Clear,"Dark, artificial",Other,Non-Fatal Injury,Driver,20 to 24,22,Major,"Automobile, Station Wagon",Speed too Fast For Condition,Inattentive,No,No,Yes,No,No,No,No,Yes,Yes,No,No,No,47,Don Valley Village (47)
8002286980,2018/12/13 05:00:00+00,1737,17,BATHURST ST,HARBORD ST,Major Arterial,43.661509,-79.40974,Intersection,Traffic Signal,Clear,Dark,Dry,Non-Fatal Injury,Driver,55 to 59,57,None,"Automobile, Station Wagon",Driving Properly,Normal,Yes,No,Yes,No,No,No,No,No,No,No,No,No,79,University (79)
8002306569,2018/12/15 05:00:00+00,2000,20,REXDALE BLVD,QUEENS PLATE DR,Major Arterial,43.71914500000001,-79.603442,Intersection,Traffic Signal,Clear,"Dark, artificial",Dry,Non-Fatal Injury,Driver,unknown,unknown,None,"Automobile, Station Wagon",Failed to Yield Right of Way,Unknown,Yes,No,Yes,No,No,No,No,No,Yes,No,No,No,1,West Humber-Clairville (1)
8002315042,2018/12/18 05:00:00+00,612,6,DUFFERIN  ST,BRIDGELAND AVE,Major Arterial,43.726924,-79.457614,Intersection,Traffic Signal,Clear,"Dark, artificial",Dry,Non-Fatal Injury,Driver,30 to 34,32,None,Delivery Van,Disobeyed Traffic Control,Inattentive,No,No,Yes,No,No,No,No,No,Yes,Yes,No,No,31,Yorkdale-Glen Park (31)
8002325561,2018/12/19 05:00:00+00,1740,17,85 EDMONTON DR,EDMONTON DR,Local,43.785533,-79.339618,Mid-Block,No Control,Clear,"Dark, artificial",Dry,Non-Fatal Injury,Driver,45 to 49,47,None,"Automobile, Station Wagon",Failed to Yield Right of Way,Normal,Yes,No,Yes,No,No,No,No,No,Yes,No,No,No,46,Pleasant View (46)
8002334933,2018/12/21 05:00:00+00,710,7,MCLEVIN AVE,MALVERN ST,Minor Arterial,43.799807,-79.23759799999998,Intersection,No Control,Rain,"Dark, artificial",Wet,Non-Fatal Injury,Driver,45 to 49,47,None,"Automobile, Station Wagon",Driving Properly,Normal,Yes,No,Yes,No,No,No,No,No,No,No,No,No,132,Malvern (132)
8002341194,2018/12/22 05:00:00+00,623,6,DAVENPORT  RD,HAZELTON  AVE,Major Arterial,43.675105,-79.394351,Mid-Block,No Control,Clear,"Dawn, artificial",Dry,Fatal,Pedestrian,50 to 54,52,Fatal,Unknown,Unknown,Unknown,Yes,No,Yes,No,No,No,No,Yes,Yes,No,No,No,95,Annex (95)
8002342250,2018/12/22 05:00:00+00,1205,12,ISLINGTON AVE,JUTLAND RD,Major Arterial,43.628871,-79.516948,Intersection,Traffic Signal,Clear,Daylight,Dry,Non-Fatal Injury,Driver,40 to 44,42,None,"Automobile, Station Wagon",Following too Close,Normal,No,No,Yes,No,No,No,No,No,Yes,No,No,No,16,Stonegate-Queensway (16)
8002343129,2018/12/22 05:00:00+00,1514,15,QUEEN ST W,PETER ST,Major Arterial,43.649157,-79.394222,Mid-Block,No Control,Clear,Daylight,Dry,Non-Fatal Injury,Driver,35 to 39,37,None,"Automobile, Station Wagon",Driving Properly,Normal,Yes,No,Yes,No,No,No,No,No,No,No,No,No,77,Waterfront Communities-The Island (77)
8002355627,2018/12/24 05:00:00+00,2050,20,FINCH  AVE W,MARTIN GROVE RD,Major Arterial,43.737025,-79.590541,Mid-Block,No Control,Clear,"Dark, artificial",Dry,Non-Fatal Injury,Passenger,10 to 14,12,Minor,Unknown,Unknown,Unknown,No,No,Yes,No,No,No,No,No,Yes,No,Yes,No,2,Mount Olive-Silverstone-Jamestown (2)
8002359893,2018/12/25 05:00:00+00,2130,21,COSBURN AVE,WOODMOUNT AVE,Minor Arterial,43.695811,-79.319873,Intersection,Stop Sign,Clear,"Dark, artificial",Wet,Non-Fatal Injury,Driver,50 to 54,52,Major,"Automobile, Station Wagon",Failed to Yield Right of Way,Normal,No,No,Yes,No,No,No,Yes,Yes,Yes,No,No,No,59,Danforth East York (59)
8002363781,2018/12/26 05:00:00+00,1853,18,4968 DUNDAS ST W,Unknown,Major Arterial,43.64752100000001,-79.52977299999998,Mid-Block,No Control,Clear,"Dark, artificial",Dry,Fatal,Pedestrian,75 to 79,77,Fatal,Unknown,Unknown,Unknown,Yes,No,Yes,No,No,No,No,No,No,No,No,No,14,Islington-City Centre West (14)
8002388715,2018/12/31 05:00:00+00,650,6,BRIMLEY RD,PROGRESS AVE,Major Arterial,43.77521,-79.263149,Intersection,Traffic Signal,Clear,"Dark, artificial",Wet,Non-Fatal Injury,Driver,60 to 64,62,None,"Automobile, Station Wagon",Disobeyed Traffic Control,Normal,No,No,Yes,No,No,No,No,No,Yes,Yes,No,No,127,Bendale (127)
9000001415,2019/01/01 05:00:00+00,438,4,ST CLAIR AVE W,DUFFERIN ST,Major Arterial,43.677959,-79.44305,Intersection,Traffic Signal,Clear,"Dark, artificial",Wet,Non-Fatal Injury,Driver,unknown,unknown,None,Unknown,Other,Unknown,Yes,No,No,No,No,No,No,No,No,No,No,No,92,Corso Italia-Davenport (92)
9000008532,2019/01/02 05:00:00+00,1405,14,LEXINGTON AVE,SILVERSTONE DR,Local,43.744177,-79.601718,Mid-Block,No Control,Clear,Daylight,Dry,Fatal,Passenger,50 to 54,52,Fatal,Unknown,Unknown,Unknown,No,No,Yes,No,No,No,No,No,Yes,No,No,No,1,West Humber-Clairville (1)
9000021101,2019/01/04 05:00:00+00,1325,13,BATHURST ST,BAINBRIDGE AVE,Major Arterial,43.75075800000001,-79.437298,Intersection,Traffic Signal,Clear,Daylight,Dry,Non-Fatal Injury,Driver,35 to 39,37,None,"Automobile, Station Wagon",Failed to Yield Right of Way,Normal,Yes,No,Yes,No,No,No,No,No,Yes,No,No,No,38,Lansing-Westgate (38)
9000023080,2019/01/04 05:00:00+00,1920,19,COLLEGE ST,ELIZABETH ST,Major Arterial,43.66051,-79.387394,Intersection,Traffic Signal,Clear,"Dark, artificial",Dry,Non-Fatal Injury,Driver,45 to 49,47,None,"Automobile, Station Wagon",Failed to Yield Right of Way,Inattentive,Yes,No,Yes,No,No,No,No,No,Yes,No,No,No,76,Bay Street Corridor (76)
9000040914,2019/01/07 05:00:00+00,2012,20,CLOSE  AVE,QUEEN  ST W,Local,43.639567,-79.43550400000002,Mid-Block,No Control,Rain,"Dark, artificial",Wet,Fatal,Wheelchair,60 to 64,62,Fatal,Unknown,Unknown,Unknown,Yes,No,Yes,No,No,No,No,Yes,Yes,No,No,No,85,South Parkdale (85)